ISO-10303-21;
HEADER;
FILE_DESCRIPTION(('STEP AP214'),'1');
FILE_NAME('v8_cnc_base.stp','2026-07-10T07:57:52',(' '),(' '),'Spatial InterOp 3D',' ',' ');
FILE_SCHEMA(('AUTOMOTIVE_DESIGN { 1 0 10303 214 1 1 1 1 }'));
ENDSEC;
DATA;
#1=MECHANICAL_DESIGN_GEOMETRIC_PRESENTATION_REPRESENTATION(' ',(#10),#6);
#2=PRODUCT_DEFINITION_CONTEXT('',#11,'design');
#3=APPLICATION_PROTOCOL_DEFINITION('INTERNATIONAL STANDARD','automotive_design',1994,#11);
#4=PRODUCT_CATEGORY_RELATIONSHIP('NONE','NONE',#12,#13);
#5=SHAPE_DEFINITION_REPRESENTATION(#14,#15);
#6= (GEOMETRIC_REPRESENTATION_CONTEXT(3)GLOBAL_UNCERTAINTY_ASSIGNED_CONTEXT((#18))GLOBAL_UNIT_ASSIGNED_CONTEXT((#20,#21,#22))REPRESENTATION_CONTEXT('NONE','WORKSPACE'));
#10=STYLED_ITEM('',(#24),#25);
#11=APPLICATION_CONTEXT(' ');
#12=PRODUCT_CATEGORY('part','NONE');
#13=PRODUCT_RELATED_PRODUCT_CATEGORY('detail',' ',(#26));
#14=PRODUCT_DEFINITION_SHAPE('NONE','NONE',#27);
#15=ADVANCED_BREP_SHAPE_REPRESENTATION('Bottom Plate',(#25,#28),#6);
#18=UNCERTAINTY_MEASURE_WITH_UNIT(LENGTH_MEASURE(1.0E-08),#20,'','');
#20= (CONVERSION_BASED_UNIT('METRE',#31)LENGTH_UNIT()NAMED_UNIT(#34));
#21= (NAMED_UNIT(#36)PLANE_ANGLE_UNIT()SI_UNIT($,.RADIAN.));
#22= (NAMED_UNIT(#36)SOLID_ANGLE_UNIT()SI_UNIT($,.STERADIAN.));
#24=PRESENTATION_STYLE_ASSIGNMENT((#42));
#25=MANIFOLD_SOLID_BREP('Bottom Plate',#43);
#26=PRODUCT('Bottom Plate','','PART--DESC',(#44));
#27=PRODUCT_DEFINITION('','NONE',#45,#2);
#28=AXIS2_PLACEMENT_3D('',#46,#47,#48);
#31=LENGTH_MEASURE_WITH_UNIT(LENGTH_MEASURE(1.0),#49);
#34=DIMENSIONAL_EXPONENTS(1.0,0.0,0.0,0.0,0.0,0.0,0.0);
#36=DIMENSIONAL_EXPONENTS(0.0,0.0,0.0,0.0,0.0,0.0,0.0);
#42=SURFACE_STYLE_USAGE(.BOTH.,#50);
#43=CLOSED_SHELL('',(#51,#52,#53,#54,#55,#56,#57,#58,#59,#60,#61,#62,#63,#64,#65,#66,#67,#68,#69,#70,#71,#72,#73,#74,#75,#76,#77,#78,#79,#80,#81,#82,#83,#84,#85,#86,#87,#88,#89,#90,#91,#92,#93,#94,#95,#96,#97,#98,#99,#100,#101,#102,#103,#104,#105,#106,#107,#108,#109,#110,#111,#112,#113,#114,#115,#116,#117,#118,#119,#120,#121,#122,#123,#124,#125,#126,#127,#128,#129,#130,#131,#132,#133,#134,#135,#136,#137,#138,#139,#140,#141,#142,#143,#144,#145,#146,#147,#148,#149,#150,#151,#152,#153,#154,#155,#156,#157,#158,#159,#160,#161,#162,#163,#164,#165,#166,#167,#168,#169,#170,#171,#172,#173,#174,#175,#176,#177,#178,#179,#180,#181,#182,#183,#184,#185,#186,#187,#188,#189,#190,#191,#192,#193,#194,#195,#196,#197,#198,#199,#200,#201,#202,#203,#204,#205,#206,#207,#208,#209,#210,#211));
#44=PRODUCT_CONTEXT('',#11,'mechanical');
#45=PRODUCT_DEFINITION_FORMATION_WITH_SPECIFIED_SOURCE(' ','NONE',#26,.NOT_KNOWN.);
#46=CARTESIAN_POINT('',(0.0,0.0,0.0));
#47=DIRECTION('',(0.0,0.0,1.0));
#48=DIRECTION('',(1.0,0.0,0.0));
#49= (NAMED_UNIT(#34)LENGTH_UNIT()SI_UNIT($,.METRE.));
#50=SURFACE_SIDE_STYLE('',(#213));
#51=ADVANCED_FACE('0:431',(#214),#215,.F.);
#52=ADVANCED_FACE('0:428',(#216),#217,.F.);
#53=ADVANCED_FACE('0:425',(#218),#219,.F.);
#54=ADVANCED_FACE('0:422',(#220),#221,.F.);
#55=ADVANCED_FACE('0:419',(#222),#223,.F.);
#56=ADVANCED_FACE('0:416',(#224),#225,.F.);
#57=ADVANCED_FACE('0:413',(#226),#227,.F.);
#58=ADVANCED_FACE('0:302',(#228),#229,.T.);
#59=ADVANCED_FACE('0:284',(#230),#231,.T.);
#60=ADVANCED_FACE('0:263',(#232),#233,.T.);
#61=ADVANCED_FACE('0:251',(#234),#235,.T.);
#62=ADVANCED_FACE('0:209',(#236),#237,.T.);
#63=ADVANCED_FACE('0:191',(#238),#239,.T.);
#64=ADVANCED_FACE('0:170',(#240),#241,.F.);
#65=ADVANCED_FACE('0:164',(#242),#243,.F.);
#66=ADVANCED_FACE('0:158',(#244),#245,.F.);
#67=ADVANCED_FACE('0:152',(#246),#247,.F.);
#68=ADVANCED_FACE('0:146',(#248),#249,.F.);
#69=ADVANCED_FACE('0:140',(#250),#251,.F.);
#70=ADVANCED_FACE('0:134',(#252),#253,.F.);
#71=ADVANCED_FACE('0:128',(#254),#255,.F.);
#72=ADVANCED_FACE('0:119',(#256),#257,.T.);
#73=ADVANCED_FACE('0:113',(#258),#259,.F.);
#74=ADVANCED_FACE('0:26',(#260),#261,.T.);
#75=ADVANCED_FACE('0:23',(#262),#263,.T.);
#76=ADVANCED_FACE('0:26',(#264),#265,.T.);
#77=ADVANCED_FACE('0:29',(#266),#267,.T.);
#78=ADVANCED_FACE('0:32',(#268),#269,.T.);
#79=ADVANCED_FACE('0:35',(#270),#271,.T.);
#80=ADVANCED_FACE('0:38',(#272),#273,.T.);
#81=ADVANCED_FACE('0:41',(#274),#275,.T.);
#82=ADVANCED_FACE('0:44',(#276),#277,.T.);
#83=ADVANCED_FACE('0:47',(#278),#279,.T.);
#84=ADVANCED_FACE('0:50',(#280),#281,.T.);
#85=ADVANCED_FACE('0:53',(#282),#283,.T.);
#86=ADVANCED_FACE('0:56',(#284),#285,.T.);
#87=ADVANCED_FACE('0:59',(#286),#287,.T.);
#88=ADVANCED_FACE('0:62',(#288),#289,.T.);
#89=ADVANCED_FACE('0:65',(#290),#291,.T.);
#90=ADVANCED_FACE('0:68',(#292),#293,.T.);
#91=ADVANCED_FACE('0:71',(#294),#295,.T.);
#92=ADVANCED_FACE('0:74',(#296),#297,.T.);
#93=ADVANCED_FACE('0:77',(#298),#299,.T.);
#94=ADVANCED_FACE('0:80',(#300),#301,.T.);
#95=ADVANCED_FACE('0:83',(#302),#303,.T.);
#96=ADVANCED_FACE('0:86',(#304),#305,.T.);
#97=ADVANCED_FACE('0:89',(#306),#307,.T.);
#98=ADVANCED_FACE('0:92',(#308),#309,.T.);
#99=ADVANCED_FACE('0:95',(#310),#311,.T.);
#100=ADVANCED_FACE('0:98',(#312),#313,.T.);
#101=ADVANCED_FACE('0:101',(#314),#315,.T.);
#102=ADVANCED_FACE('0:104',(#316),#317,.T.);
#103=ADVANCED_FACE('0:107',(#318),#319,.T.);
#104=ADVANCED_FACE('0:110',(#320),#321,.T.);
#105=ADVANCED_FACE('0:113',(#322),#323,.F.);
#106=ADVANCED_FACE('0:116',(#324),#325,.T.);
#107=ADVANCED_FACE('0:119',(#326),#327,.T.);
#108=ADVANCED_FACE('0:122',(#328),#329,.T.);
#109=ADVANCED_FACE('0:125',(#330,#331,#332,#333,#334,#335,#336,#337,#338,#339),#340,.F.);
#110=ADVANCED_FACE('0:128',(#341),#342,.F.);
#111=ADVANCED_FACE('0:131',(#343,#344),#345,.T.);
#112=ADVANCED_FACE('0:134',(#346),#347,.F.);
#113=ADVANCED_FACE('0:137',(#348,#349),#350,.T.);
#114=ADVANCED_FACE('0:140',(#351),#352,.F.);
#115=ADVANCED_FACE('0:143',(#353,#354),#355,.T.);
#116=ADVANCED_FACE('0:146',(#356),#357,.F.);
#117=ADVANCED_FACE('0:149',(#358,#359),#360,.T.);
#118=ADVANCED_FACE('0:152',(#361),#362,.F.);
#119=ADVANCED_FACE('0:155',(#363,#364),#365,.T.);
#120=ADVANCED_FACE('0:158',(#366),#367,.F.);
#121=ADVANCED_FACE('0:161',(#368,#369),#370,.T.);
#122=ADVANCED_FACE('0:164',(#371),#372,.F.);
#123=ADVANCED_FACE('0:167',(#373,#374),#375,.T.);
#124=ADVANCED_FACE('0:170',(#376),#377,.F.);
#125=ADVANCED_FACE('0:173',(#378,#379),#380,.T.);
#126=ADVANCED_FACE('0:176',(#381),#382,.T.);
#127=ADVANCED_FACE('0:179',(#383),#384,.T.);
#128=ADVANCED_FACE('0:182',(#385),#386,.T.);
#129=ADVANCED_FACE('0:185',(#387),#388,.T.);
#130=ADVANCED_FACE('0:188',(#389),#390,.T.);
#131=ADVANCED_FACE('0:191',(#391),#392,.T.);
#132=ADVANCED_FACE('0:194',(#393),#394,.T.);
#133=ADVANCED_FACE('0:197',(#395),#396,.T.);
#134=ADVANCED_FACE('0:200',(#397),#398,.T.);
#135=ADVANCED_FACE('0:203',(#399),#400,.T.);
#136=ADVANCED_FACE('0:206',(#401),#402,.T.);
#137=ADVANCED_FACE('0:209',(#403),#404,.T.);
#138=ADVANCED_FACE('0:212',(#405),#406,.T.);
#139=ADVANCED_FACE('0:215',(#407),#408,.T.);
#140=ADVANCED_FACE('0:218',(#409),#410,.T.);
#141=ADVANCED_FACE('0:221',(#411),#412,.T.);
#142=ADVANCED_FACE('0:224',(#413),#414,.T.);
#143=ADVANCED_FACE('0:227',(#415),#416,.T.);
#144=ADVANCED_FACE('0:230',(#417),#418,.T.);
#145=ADVANCED_FACE('0:233',(#419),#420,.T.);
#146=ADVANCED_FACE('0:236',(#421),#422,.T.);
#147=ADVANCED_FACE('0:239',(#423),#424,.T.);
#148=ADVANCED_FACE('0:242',(#425),#426,.T.);
#149=ADVANCED_FACE('0:245',(#427),#428,.T.);
#150=ADVANCED_FACE('0:248',(#429),#430,.T.);
#151=ADVANCED_FACE('0:251',(#431),#432,.T.);
#152=ADVANCED_FACE('0:254',(#433),#434,.T.);
#153=ADVANCED_FACE('0:257',(#435),#436,.T.);
#154=ADVANCED_FACE('0:260',(#437),#438,.T.);
#155=ADVANCED_FACE('0:263',(#439),#440,.T.);
#156=ADVANCED_FACE('0:266',(#441),#442,.T.);
#157=ADVANCED_FACE('0:269',(#443),#444,.T.);
#158=ADVANCED_FACE('0:272',(#445),#446,.T.);
#159=ADVANCED_FACE('0:275',(#447),#448,.T.);
#160=ADVANCED_FACE('0:278',(#449),#450,.T.);
#161=ADVANCED_FACE('0:281',(#451),#452,.T.);
#162=ADVANCED_FACE('0:284',(#453),#454,.T.);
#163=ADVANCED_FACE('0:287',(#455),#456,.T.);
#164=ADVANCED_FACE('0:290',(#457),#458,.T.);
#165=ADVANCED_FACE('0:293',(#459),#460,.T.);
#166=ADVANCED_FACE('0:296',(#461),#462,.T.);
#167=ADVANCED_FACE('0:299',(#463),#464,.T.);
#168=ADVANCED_FACE('0:302',(#465),#466,.T.);
#169=ADVANCED_FACE('0:305',(#467,#468,#469,#470,#471,#472,#473,#474,#475),#476,.T.);
#170=ADVANCED_FACE('0:308',(#477),#478,.F.);
#171=ADVANCED_FACE('0:311',(#479),#480,.F.);
#172=ADVANCED_FACE('0:314',(#481),#482,.F.);
#173=ADVANCED_FACE('0:317',(#483),#484,.F.);
#174=ADVANCED_FACE('0:320',(#485),#486,.F.);
#175=ADVANCED_FACE('0:323',(#487),#488,.F.);
#176=ADVANCED_FACE('0:326',(#489),#490,.F.);
#177=ADVANCED_FACE('0:329',(#491),#492,.F.);
#178=ADVANCED_FACE('0:332',(#493),#494,.F.);
#179=ADVANCED_FACE('0:335',(#495),#496,.F.);
#180=ADVANCED_FACE('0:338',(#497),#498,.F.);
#181=ADVANCED_FACE('0:341',(#499),#500,.F.);
#182=ADVANCED_FACE('0:344',(#501),#502,.F.);
#183=ADVANCED_FACE('0:347',(#503),#504,.F.);
#184=ADVANCED_FACE('0:350',(#505),#506,.F.);
#185=ADVANCED_FACE('0:353',(#507),#508,.F.);
#186=ADVANCED_FACE('0:356',(#509),#510,.F.);
#187=ADVANCED_FACE('0:359',(#511),#512,.F.);
#188=ADVANCED_FACE('0:362',(#513),#514,.F.);
#189=ADVANCED_FACE('0:365',(#515),#516,.F.);
#190=ADVANCED_FACE('0:368',(#517),#518,.F.);
#191=ADVANCED_FACE('0:371',(#519),#520,.F.);
#192=ADVANCED_FACE('0:374',(#521),#522,.F.);
#193=ADVANCED_FACE('0:377',(#523),#524,.F.);
#194=ADVANCED_FACE('0:380',(#525),#526,.F.);
#195=ADVANCED_FACE('0:383',(#527),#528,.F.);
#196=ADVANCED_FACE('0:386',(#529),#530,.F.);
#197=ADVANCED_FACE('0:389',(#531),#532,.F.);
#198=ADVANCED_FACE('0:392',(#533),#534,.F.);
#199=ADVANCED_FACE('0:395',(#535),#536,.F.);
#200=ADVANCED_FACE('0:398',(#537),#538,.F.);
#201=ADVANCED_FACE('0:401',(#539),#540,.F.);
#202=ADVANCED_FACE('0:404',(#541),#542,.F.);
#203=ADVANCED_FACE('0:407',(#543),#544,.F.);
#204=ADVANCED_FACE('0:410',(#545),#546,.F.);
#205=ADVANCED_FACE('0:413',(#547),#548,.F.);
#206=ADVANCED_FACE('0:416',(#549),#550,.F.);
#207=ADVANCED_FACE('0:419',(#551),#552,.F.);
#208=ADVANCED_FACE('0:422',(#553),#554,.F.);
#209=ADVANCED_FACE('0:425',(#555),#556,.F.);
#210=ADVANCED_FACE('0:428',(#557),#558,.F.);
#211=ADVANCED_FACE('0:431',(#559),#560,.F.);
#213=SURFACE_STYLE_FILL_AREA(#561);
#214=FACE_OUTER_BOUND('',#562,.T.);
#215=CYLINDRICAL_SURFACE('',#563,0.0016);
#216=FACE_OUTER_BOUND('',#564,.T.);
#217=CYLINDRICAL_SURFACE('',#565,0.0016);
#218=FACE_OUTER_BOUND('',#566,.T.);
#219=CYLINDRICAL_SURFACE('',#567,0.0016);
#220=FACE_OUTER_BOUND('',#568,.T.);
#221=CYLINDRICAL_SURFACE('',#569,0.0016);
#222=FACE_OUTER_BOUND('',#570,.T.);
#223=CYLINDRICAL_SURFACE('',#571,0.0016);
#224=FACE_OUTER_BOUND('',#572,.T.);
#225=CYLINDRICAL_SURFACE('',#573,0.0016);
#226=FACE_OUTER_BOUND('',#574,.T.);
#227=CYLINDRICAL_SURFACE('',#575,0.0016);
#228=FACE_OUTER_BOUND('',#576,.T.);
#229=CYLINDRICAL_SURFACE('',#577,0.0041);
#230=FACE_OUTER_BOUND('',#578,.T.);
#231=CYLINDRICAL_SURFACE('',#579,0.0041);
#232=FACE_OUTER_BOUND('',#580,.T.);
#233=CYLINDRICAL_SURFACE('',#581,0.0041);
#234=FACE_OUTER_BOUND('',#582,.T.);
#235=CYLINDRICAL_SURFACE('',#583,0.0041);
#236=FACE_OUTER_BOUND('',#584,.T.);
#237=CYLINDRICAL_SURFACE('',#585,0.0041);
#238=FACE_OUTER_BOUND('',#586,.T.);
#239=CYLINDRICAL_SURFACE('',#587,0.0041);
#240=FACE_OUTER_BOUND('',#588,.T.);
#241=CYLINDRICAL_SURFACE('',#589,0.003);
#242=FACE_OUTER_BOUND('',#590,.T.);
#243=CYLINDRICAL_SURFACE('',#591,0.003);
#244=FACE_OUTER_BOUND('',#592,.T.);
#245=CYLINDRICAL_SURFACE('',#593,0.003);
#246=FACE_OUTER_BOUND('',#594,.T.);
#247=CYLINDRICAL_SURFACE('',#595,0.003);
#248=FACE_OUTER_BOUND('',#596,.T.);
#249=CYLINDRICAL_SURFACE('',#597,0.003);
#250=FACE_OUTER_BOUND('',#598,.T.);
#251=CYLINDRICAL_SURFACE('',#599,0.003);
#252=FACE_OUTER_BOUND('',#600,.T.);
#253=CYLINDRICAL_SURFACE('',#601,0.003);
#254=FACE_OUTER_BOUND('',#602,.T.);
#255=CYLINDRICAL_SURFACE('',#603,0.003);
#256=FACE_OUTER_BOUND('',#604,.T.);
#257=CYLINDRICAL_SURFACE('',#605,0.0041);
#258=FACE_OUTER_BOUND('',#606,.T.);
#259=CYLINDRICAL_SURFACE('',#607,0.0016);
#260=FACE_OUTER_BOUND('',#608,.T.);
#261=CYLINDRICAL_SURFACE('',#609,0.0041);
#262=FACE_OUTER_BOUND('',#610,.T.);
#263=B_SPLINE_SURFACE_WITH_KNOTS('',3,3,((#611,#612,#613,#614,#615,#616,#617,#618,#619,#620,#621,#622,#623,#624,#625,#626,#627,#628),(#629,#630,#631,#632,#633,#634,#635,#636,#637,#638,#639,#640,#641,#642,#643,#644,#645,#646),(#647,#648,#649,#650,#651,#652,#653,#654,#655,#656,#657,#658,#659,#660,#661,#662,#663,#664),(#665,#666,#667,#668,#669,#670,#671,#672,#673,#674,#675,#676,#677,#678,#679,#680,#681,#682),(#683,#684,#685,#686,#687,#688,#689,#690,#691,#692,#693,#694,#695,#696,#697,#698,#699,#700),(#701,#702,#703,#704,#705,#706,#707,#708,#709,#710,#711,#712,#713,#714,#715,#716,#717,#718),(#719,#720,#721,#722,#723,#724,#725,#726,#727,#728,#729,#730,#731,#732,#733,#734,#735,#736),(#737,#738,#739,#740,#741,#742,#743,#744,#745,#746,#747,#748,#749,#750,#751,#752,#753,#754),(#755,#756,#757,#758,#759,#760,#761,#762,#763,#764,#765,#766,#767,#768,#769,#770,#771,#772),(#773,#774,#775,#776,#777,#778,#779,#780,#781,#782,#783,#784,#785,#786,#787,#788,#789,#790),(#791,#792,#793,#794,#795,#796,#797,#798,#799,#800,#801,#802,#803,#804,#805,#806,#807,#808),(#809,#810,#811,#812,#813,#814,#815,#816,#817,#818,#819,#820,#821,#822,#823,#824,#825,#826),(#827,#828,#829,#830,#831,#832,#833,#834,#835,#836,#837,#838,#839,#840,#841,#842,#843,#844),(#845,#846,#847,#848,#849,#850,#851,#852,#853,#854,#855,#856,#857,#858,#859,#860,#861,#862)),.UNSPECIFIED.,.F.,.F.,.F.,(4,2,2,2,2,2,4),(4,2,2,2,2,2,2,2,4),(0.0,0.166666666666667,0.333333333333333,0.5,0.666666666666667,0.833333333333333,1.0),(-0.000650000000000001,0.000670000000000002,0.00195,0.00275,0.00325,0.00375000000000001,0.00455000000000001,0.00583000000000001,0.00715000000000001),.UNSPECIFIED.);
#264=FACE_OUTER_BOUND('',#863,.T.);
#265=CYLINDRICAL_SURFACE('',#864,0.0041);
#266=FACE_OUTER_BOUND('',#865,.T.);
#267=B_SPLINE_SURFACE_WITH_KNOTS('',3,3,((#866,#867,#868,#869,#870,#871,#872,#873,#874,#875,#876,#877,#878,#879),(#880,#881,#882,#883,#884,#885,#886,#887,#888,#889,#890,#891,#892,#893),(#894,#895,#896,#897,#898,#899,#900,#901,#902,#903,#904,#905,#906,#907),(#908,#909,#910,#911,#912,#913,#914,#915,#916,#917,#918,#919,#920,#921),(#922,#923,#924,#925,#926,#927,#928,#929,#930,#931,#932,#933,#934,#935),(#936,#937,#938,#939,#940,#941,#942,#943,#944,#945,#946,#947,#948,#949),(#950,#951,#952,#953,#954,#955,#956,#957,#958,#959,#960,#961,#962,#963),(#964,#965,#966,#967,#968,#969,#970,#971,#972,#973,#974,#975,#976,#977),(#978,#979,#980,#981,#982,#983,#984,#985,#986,#987,#988,#989,#990,#991),(#992,#993,#994,#995,#996,#997,#998,#999,#1000,#1001,#1002,#1003,#1004,#1005),(#1006,#1007,#1008,#1009,#1010,#1011,#1012,#1013,#1014,#1015,#1016,#1017,#1018,#1019),(#1020,#1021,#1022,#1023,#1024,#1025,#1026,#1027,#1028,#1029,#1030,#1031,#1032,#1033),(#1034,#1035,#1036,#1037,#1038,#1039,#1040,#1041,#1042,#1043,#1044,#1045,#1046,#1047),(#1048,#1049,#1050,#1051,#1052,#1053,#1054,#1055,#1056,#1057,#1058,#1059,#1060,#1061)),.UNSPECIFIED.,.F.,.F.,.F.,(4,2,2,2,2,2,4),(4,2,2,2,2,2,4),(0.0,0.166666666666667,0.333333333333333,0.5,0.666666666666667,0.833333333333333,1.0),(-0.00195546827887432,-3.33333333333279E-05,0.00198717948717949,0.00325000000000001,0.00451282051282052,0.00653333333333334,0.00845546827887431),.UNSPECIFIED.);
#268=FACE_OUTER_BOUND('',#1062,.T.);
#269=SURFACE_OF_LINEAR_EXTRUSION('',#1063,#1064);
#270=FACE_OUTER_BOUND('',#1065,.T.);
#271=B_SPLINE_SURFACE_WITH_KNOTS('',3,3,((#1066,#1067,#1068,#1069,#1070,#1071,#1072,#1073,#1074,#1075,#1076,#1077,#1078,#1079),(#1080,#1081,#1082,#1083,#1084,#1085,#1086,#1087,#1088,#1089,#1090,#1091,#1092,#1093),(#1094,#1095,#1096,#1097,#1098,#1099,#1100,#1101,#1102,#1103,#1104,#1105,#1106,#1107),(#1108,#1109,#1110,#1111,#1112,#1113,#1114,#1115,#1116,#1117,#1118,#1119,#1120,#1121),(#1122,#1123,#1124,#1125,#1126,#1127,#1128,#1129,#1130,#1131,#1132,#1133,#1134,#1135),(#1136,#1137,#1138,#1139,#1140,#1141,#1142,#1143,#1144,#1145,#1146,#1147,#1148,#1149),(#1150,#1151,#1152,#1153,#1154,#1155,#1156,#1157,#1158,#1159,#1160,#1161,#1162,#1163),(#1164,#1165,#1166,#1167,#1168,#1169,#1170,#1171,#1172,#1173,#1174,#1175,#1176,#1177),(#1178,#1179,#1180,#1181,#1182,#1183,#1184,#1185,#1186,#1187,#1188,#1189,#1190,#1191),(#1192,#1193,#1194,#1195,#1196,#1197,#1198,#1199,#1200,#1201,#1202,#1203,#1204,#1205),(#1206,#1207,#1208,#1209,#1210,#1211,#1212,#1213,#1214,#1215,#1216,#1217,#1218,#1219),(#1220,#1221,#1222,#1223,#1224,#1225,#1226,#1227,#1228,#1229,#1230,#1231,#1232,#1233),(#1234,#1235,#1236,#1237,#1238,#1239,#1240,#1241,#1242,#1243,#1244,#1245,#1246,#1247),(#1248,#1249,#1250,#1251,#1252,#1253,#1254,#1255,#1256,#1257,#1258,#1259,#1260,#1261)),.UNSPECIFIED.,.F.,.F.,.F.,(4,2,2,2,2,2,4),(4,2,2,2,2,2,4),(0.0,0.166666666666667,0.333333333333333,0.5,0.666666666666667,0.833333333333333,1.0),(-0.00805607645355217,-0.00653333333333334,-0.00451282051282051,-0.00325,-0.00198717948717948,3.33333333333379E-05,0.0015560764535521),.UNSPECIFIED.);
#272=FACE_OUTER_BOUND('',#1262,.T.);
#273=PLANE('',#1263);
#274=FACE_OUTER_BOUND('',#1264,.T.);
#275=B_SPLINE_SURFACE_WITH_KNOTS('',3,3,((#1265,#1266,#1267,#1268,#1269,#1270,#1271,#1272,#1273,#1274,#1275,#1276,#1277,#1278,#1279,#1280,#1281,#1282),(#1283,#1284,#1285,#1286,#1287,#1288,#1289,#1290,#1291,#1292,#1293,#1294,#1295,#1296,#1297,#1298,#1299,#1300),(#1301,#1302,#1303,#1304,#1305,#1306,#1307,#1308,#1309,#1310,#1311,#1312,#1313,#1314,#1315,#1316,#1317,#1318),(#1319,#1320,#1321,#1322,#1323,#1324,#1325,#1326,#1327,#1328,#1329,#1330,#1331,#1332,#1333,#1334,#1335,#1336),(#1337,#1338,#1339,#1340,#1341,#1342,#1343,#1344,#1345,#1346,#1347,#1348,#1349,#1350,#1351,#1352,#1353,#1354),(#1355,#1356,#1357,#1358,#1359,#1360,#1361,#1362,#1363,#1364,#1365,#1366,#1367,#1368,#1369,#1370,#1371,#1372),(#1373,#1374,#1375,#1376,#1377,#1378,#1379,#1380,#1381,#1382,#1383,#1384,#1385,#1386,#1387,#1388,#1389,#1390),(#1391,#1392,#1393,#1394,#1395,#1396,#1397,#1398,#1399,#1400,#1401,#1402,#1403,#1404,#1405,#1406,#1407,#1408),(#1409,#1410,#1411,#1412,#1413,#1414,#1415,#1416,#1417,#1418,#1419,#1420,#1421,#1422,#1423,#1424,#1425,#1426),(#1427,#1428,#1429,#1430,#1431,#1432,#1433,#1434,#1435,#1436,#1437,#1438,#1439,#1440,#1441,#1442,#1443,#1444),(#1445,#1446,#1447,#1448,#1449,#1450,#1451,#1452,#1453,#1454,#1455,#1456,#1457,#1458,#1459,#1460,#1461,#1462),(#1463,#1464,#1465,#1466,#1467,#1468,#1469,#1470,#1471,#1472,#1473,#1474,#1475,#1476,#1477,#1478,#1479,#1480),(#1481,#1482,#1483,#1484,#1485,#1486,#1487,#1488,#1489,#1490,#1491,#1492,#1493,#1494,#1495,#1496,#1497,#1498),(#1499,#1500,#1501,#1502,#1503,#1504,#1505,#1506,#1507,#1508,#1509,#1510,#1511,#1512,#1513,#1514,#1515,#1516)),.UNSPECIFIED.,.F.,.F.,.F.,(4,2,2,2,2,2,4),(4,2,2,2,2,2,2,2,4),(0.0,0.166666666666667,0.333333333333333,0.5,0.666666666666667,0.833333333333333,1.0),(-0.000650000000000001,0.00067,0.00195,0.00275,0.00325000000000001,0.00375000000000001,0.00455000000000001,0.00583000000000001,0.00715000000000001),.UNSPECIFIED.);
#276=FACE_OUTER_BOUND('',#1517,.T.);
#277=PLANE('',#1518);
#278=FACE_OUTER_BOUND('',#1519,.T.);
#279=B_SPLINE_SURFACE_WITH_KNOTS('',3,3,((#1520,#1521,#1522,#1523,#1524,#1525,#1526,#1527,#1528,#1529,#1530,#1531,#1532,#1533),(#1534,#1535,#1536,#1537,#1538,#1539,#1540,#1541,#1542,#1543,#1544,#1545,#1546,#1547),(#1548,#1549,#1550,#1551,#1552,#1553,#1554,#1555,#1556,#1557,#1558,#1559,#1560,#1561),(#1562,#1563,#1564,#1565,#1566,#1567,#1568,#1569,#1570,#1571,#1572,#1573,#1574,#1575),(#1576,#1577,#1578,#1579,#1580,#1581,#1582,#1583,#1584,#1585,#1586,#1587,#1588,#1589),(#1590,#1591,#1592,#1593,#1594,#1595,#1596,#1597,#1598,#1599,#1600,#1601,#1602,#1603),(#1604,#1605,#1606,#1607,#1608,#1609,#1610,#1611,#1612,#1613,#1614,#1615,#1616,#1617),(#1618,#1619,#1620,#1621,#1622,#1623,#1624,#1625,#1626,#1627,#1628,#1629,#1630,#1631),(#1632,#1633,#1634,#1635,#1636,#1637,#1638,#1639,#1640,#1641,#1642,#1643,#1644,#1645),(#1646,#1647,#1648,#1649,#1650,#1651,#1652,#1653,#1654,#1655,#1656,#1657,#1658,#1659),(#1660,#1661,#1662,#1663,#1664,#1665,#1666,#1667,#1668,#1669,#1670,#1671,#1672,#1673),(#1674,#1675,#1676,#1677,#1678,#1679,#1680,#1681,#1682,#1683,#1684,#1685,#1686,#1687),(#1688,#1689,#1690,#1691,#1692,#1693,#1694,#1695,#1696,#1697,#1698,#1699,#1700,#1701),(#1702,#1703,#1704,#1705,#1706,#1707,#1708,#1709,#1710,#1711,#1712,#1713,#1714,#1715)),.UNSPECIFIED.,.F.,.F.,.F.,(4,2,2,2,2,2,4),(4,2,2,2,2,2,4),(0.0,0.166666666666667,0.333333333333333,0.5,0.666666666666667,0.833333333333333,1.0),(-0.00231606931319551,-3.33333333333353E-05,0.00198717948717949,0.00325,0.00451282051282052,0.00653333333333334,0.00881606931319545),.UNSPECIFIED.);
#280=FACE_OUTER_BOUND('',#1716,.T.);
#281=SURFACE_OF_LINEAR_EXTRUSION('',#1717,#1718);
#282=FACE_OUTER_BOUND('',#1719,.T.);
#283=B_SPLINE_SURFACE_WITH_KNOTS('',3,3,((#1720,#1721,#1722,#1723,#1724,#1725,#1726,#1727,#1728,#1729,#1730,#1731,#1732,#1733),(#1734,#1735,#1736,#1737,#1738,#1739,#1740,#1741,#1742,#1743,#1744,#1745,#1746,#1747),(#1748,#1749,#1750,#1751,#1752,#1753,#1754,#1755,#1756,#1757,#1758,#1759,#1760,#1761),(#1762,#1763,#1764,#1765,#1766,#1767,#1768,#1769,#1770,#1771,#1772,#1773,#1774,#1775),(#1776,#1777,#1778,#1779,#1780,#1781,#1782,#1783,#1784,#1785,#1786,#1787,#1788,#1789),(#1790,#1791,#1792,#1793,#1794,#1795,#1796,#1797,#1798,#1799,#1800,#1801,#1802,#1803),(#1804,#1805,#1806,#1807,#1808,#1809,#1810,#1811,#1812,#1813,#1814,#1815,#1816,#1817),(#1818,#1819,#1820,#1821,#1822,#1823,#1824,#1825,#1826,#1827,#1828,#1829,#1830,#1831),(#1832,#1833,#1834,#1835,#1836,#1837,#1838,#1839,#1840,#1841,#1842,#1843,#1844,#1845),(#1846,#1847,#1848,#1849,#1850,#1851,#1852,#1853,#1854,#1855,#1856,#1857,#1858,#1859),(#1860,#1861,#1862,#1863,#1864,#1865,#1866,#1867,#1868,#1869,#1870,#1871,#1872,#1873),(#1874,#1875,#1876,#1877,#1878,#1879,#1880,#1881,#1882,#1883,#1884,#1885,#1886,#1887),(#1888,#1889,#1890,#1891,#1892,#1893,#1894,#1895,#1896,#1897,#1898,#1899,#1900,#1901),(#1902,#1903,#1904,#1905,#1906,#1907,#1908,#1909,#1910,#1911,#1912,#1913,#1914,#1915)),.UNSPECIFIED.,.F.,.F.,.F.,(4,2,2,2,2,2,4),(4,2,2,2,2,2,4),(0.0,0.166666666666667,0.333333333333333,0.5,0.666666666666667,0.833333333333333,1.0),(-0.00928222152591574,-0.00653333333333334,-0.00451282051282052,-0.00325,-0.00198717948717949,3.3333333333331E-05,0.00278222152591573),.UNSPECIFIED.);
#284=FACE_OUTER_BOUND('',#1916,.T.);
#285=PLANE('',#1917);
#286=FACE_OUTER_BOUND('',#1918,.T.);
#287=B_SPLINE_SURFACE_WITH_KNOTS('',3,3,((#1919,#1920,#1921,#1922,#1923,#1924,#1925,#1926,#1927,#1928,#1929,#1930,#1931,#1932),(#1933,#1934,#1935,#1936,#1937,#1938,#1939,#1940,#1941,#1942,#1943,#1944,#1945,#1946),(#1947,#1948,#1949,#1950,#1951,#1952,#1953,#1954,#1955,#1956,#1957,#1958,#1959,#1960),(#1961,#1962,#1963,#1964,#1965,#1966,#1967,#1968,#1969,#1970,#1971,#1972,#1973,#1974),(#1975,#1976,#1977,#1978,#1979,#1980,#1981,#1982,#1983,#1984,#1985,#1986,#1987,#1988),(#1989,#1990,#1991,#1992,#1993,#1994,#1995,#1996,#1997,#1998,#1999,#2000,#2001,#2002),(#2003,#2004,#2005,#2006,#2007,#2008,#2009,#2010,#2011,#2012,#2013,#2014,#2015,#2016),(#2017,#2018,#2019,#2020,#2021,#2022,#2023,#2024,#2025,#2026,#2027,#2028,#2029,#2030),(#2031,#2032,#2033,#2034,#2035,#2036,#2037,#2038,#2039,#2040,#2041,#2042,#2043,#2044),(#2045,#2046,#2047,#2048,#2049,#2050,#2051,#2052,#2053,#2054,#2055,#2056,#2057,#2058),(#2059,#2060,#2061,#2062,#2063,#2064,#2065,#2066,#2067,#2068,#2069,#2070,#2071,#2072),(#2073,#2074,#2075,#2076,#2077,#2078,#2079,#2080,#2081,#2082,#2083,#2084,#2085,#2086),(#2087,#2088,#2089,#2090,#2091,#2092,#2093,#2094,#2095,#2096,#2097,#2098,#2099,#2100),(#2101,#2102,#2103,#2104,#2105,#2106,#2107,#2108,#2109,#2110,#2111,#2112,#2113,#2114)),.UNSPECIFIED.,.F.,.F.,.F.,(4,2,2,2,2,2,4),(4,2,2,2,2,2,4),(0.0,0.166666666666667,0.333333333333333,0.5,0.666666666666667,0.833333333333333,1.0),(-0.00280648534534046,-3.33333333333279E-05,0.00198717948717949,0.00325000000000001,0.00451282051282052,0.00653333333333334,0.00930648534534048),.UNSPECIFIED.);
#288=FACE_OUTER_BOUND('',#2115,.T.);
#289=SURFACE_OF_LINEAR_EXTRUSION('',#2116,#2117);
#290=FACE_OUTER_BOUND('',#2118,.T.);
#291=B_SPLINE_SURFACE_WITH_KNOTS('',3,3,((#2119,#2120,#2121,#2122,#2123,#2124,#2125,#2126,#2127,#2128,#2129,#2130,#2131,#2132),(#2133,#2134,#2135,#2136,#2137,#2138,#2139,#2140,#2141,#2142,#2143,#2144,#2145,#2146),(#2147,#2148,#2149,#2150,#2151,#2152,#2153,#2154,#2155,#2156,#2157,#2158,#2159,#2160),(#2161,#2162,#2163,#2164,#2165,#2166,#2167,#2168,#2169,#2170,#2171,#2172,#2173,#2174),(#2175,#2176,#2177,#2178,#2179,#2180,#2181,#2182,#2183,#2184,#2185,#2186,#2187,#2188),(#2189,#2190,#2191,#2192,#2193,#2194,#2195,#2196,#2197,#2198,#2199,#2200,#2201,#2202),(#2203,#2204,#2205,#2206,#2207,#2208,#2209,#2210,#2211,#2212,#2213,#2214,#2215,#2216),(#2217,#2218,#2219,#2220,#2221,#2222,#2223,#2224,#2225,#2226,#2227,#2228,#2229,#2230),(#2231,#2232,#2233,#2234,#2235,#2236,#2237,#2238,#2239,#2240,#2241,#2242,#2243,#2244),(#2245,#2246,#2247,#2248,#2249,#2250,#2251,#2252,#2253,#2254,#2255,#2256,#2257,#2258),(#2259,#2260,#2261,#2262,#2263,#2264,#2265,#2266,#2267,#2268,#2269,#2270,#2271,#2272),(#2273,#2274,#2275,#2276,#2277,#2278,#2279,#2280,#2281,#2282,#2283,#2284,#2285,#2286),(#2287,#2288,#2289,#2290,#2291,#2292,#2293,#2294,#2295,#2296,#2297,#2298,#2299,#2300),(#2301,#2302,#2303,#2304,#2305,#2306,#2307,#2308,#2309,#2310,#2311,#2312,#2313,#2314)),.UNSPECIFIED.,.F.,.F.,.F.,(4,2,2,2,2,2,4),(4,2,2,2,2,2,4),(0.0,0.166666666666667,0.333333333333333,0.5,0.666666666666667,0.833333333333333,1.0),(-0.00841202320150126,-0.00653333333333334,-0.00451282051282052,-0.00325000000000001,-0.00198717948717949,3.33333333333292E-05,0.0019120232015012),.UNSPECIFIED.);
#292=FACE_OUTER_BOUND('',#2315,.T.);
#293=PLANE('',#2316);
#294=FACE_OUTER_BOUND('',#2317,.T.);
#295=B_SPLINE_SURFACE_WITH_KNOTS('',3,3,((#2318,#2319,#2320,#2321,#2322,#2323,#2324,#2325,#2326,#2327,#2328,#2329,#2330,#2331),(#2332,#2333,#2334,#2335,#2336,#2337,#2338,#2339,#2340,#2341,#2342,#2343,#2344,#2345),(#2346,#2347,#2348,#2349,#2350,#2351,#2352,#2353,#2354,#2355,#2356,#2357,#2358,#2359),(#2360,#2361,#2362,#2363,#2364,#2365,#2366,#2367,#2368,#2369,#2370,#2371,#2372,#2373),(#2374,#2375,#2376,#2377,#2378,#2379,#2380,#2381,#2382,#2383,#2384,#2385,#2386,#2387),(#2388,#2389,#2390,#2391,#2392,#2393,#2394,#2395,#2396,#2397,#2398,#2399,#2400,#2401),(#2402,#2403,#2404,#2405,#2406,#2407,#2408,#2409,#2410,#2411,#2412,#2413,#2414,#2415),(#2416,#2417,#2418,#2419,#2420,#2421,#2422,#2423,#2424,#2425,#2426,#2427,#2428,#2429),(#2430,#2431,#2432,#2433,#2434,#2435,#2436,#2437,#2438,#2439,#2440,#2441,#2442,#2443),(#2444,#2445,#2446,#2447,#2448,#2449,#2450,#2451,#2452,#2453,#2454,#2455,#2456,#2457),(#2458,#2459,#2460,#2461,#2462,#2463,#2464,#2465,#2466,#2467,#2468,#2469,#2470,#2471),(#2472,#2473,#2474,#2475,#2476,#2477,#2478,#2479,#2480,#2481,#2482,#2483,#2484,#2485),(#2486,#2487,#2488,#2489,#2490,#2491,#2492,#2493,#2494,#2495,#2496,#2497,#2498,#2499),(#2500,#2501,#2502,#2503,#2504,#2505,#2506,#2507,#2508,#2509,#2510,#2511,#2512,#2513)),.UNSPECIFIED.,.F.,.F.,.F.,(4,2,2,2,2,2,4),(4,2,2,2,2,2,4),(0.0,0.166666666666667,0.333333333333333,0.5,0.666666666666667,0.833333333333333,1.0),(-0.00191510473613324,-3.33333333333353E-05,0.00198717948717949,0.00325,0.00451282051282051,0.00653333333333334,0.00841510473613323),.UNSPECIFIED.);
#296=FACE_OUTER_BOUND('',#2514,.T.);
#297=SURFACE_OF_LINEAR_EXTRUSION('',#2515,#2516);
#298=FACE_OUTER_BOUND('',#2517,.T.);
#299=B_SPLINE_SURFACE_WITH_KNOTS('',3,3,((#2518,#2519,#2520,#2521,#2522,#2523,#2524,#2525,#2526,#2527,#2528,#2529,#2530,#2531),(#2532,#2533,#2534,#2535,#2536,#2537,#2538,#2539,#2540,#2541,#2542,#2543,#2544,#2545),(#2546,#2547,#2548,#2549,#2550,#2551,#2552,#2553,#2554,#2555,#2556,#2557,#2558,#2559),(#2560,#2561,#2562,#2563,#2564,#2565,#2566,#2567,#2568,#2569,#2570,#2571,#2572,#2573),(#2574,#2575,#2576,#2577,#2578,#2579,#2580,#2581,#2582,#2583,#2584,#2585,#2586,#2587),(#2588,#2589,#2590,#2591,#2592,#2593,#2594,#2595,#2596,#2597,#2598,#2599,#2600,#2601),(#2602,#2603,#2604,#2605,#2606,#2607,#2608,#2609,#2610,#2611,#2612,#2613,#2614,#2615),(#2616,#2617,#2618,#2619,#2620,#2621,#2622,#2623,#2624,#2625,#2626,#2627,#2628,#2629),(#2630,#2631,#2632,#2633,#2634,#2635,#2636,#2637,#2638,#2639,#2640,#2641,#2642,#2643),(#2644,#2645,#2646,#2647,#2648,#2649,#2650,#2651,#2652,#2653,#2654,#2655,#2656,#2657),(#2658,#2659,#2660,#2661,#2662,#2663,#2664,#2665,#2666,#2667,#2668,#2669,#2670,#2671),(#2672,#2673,#2674,#2675,#2676,#2677,#2678,#2679,#2680,#2681,#2682,#2683,#2684,#2685),(#2686,#2687,#2688,#2689,#2690,#2691,#2692,#2693,#2694,#2695,#2696,#2697,#2698,#2699),(#2700,#2701,#2702,#2703,#2704,#2705,#2706,#2707,#2708,#2709,#2710,#2711,#2712,#2713)),.UNSPECIFIED.,.F.,.F.,.F.,(4,2,2,2,2,2,4),(4,2,2,2,2,2,4),(0.0,0.166666666666667,0.333333333333333,0.5,0.666666666666667,0.833333333333333,1.0),(-0.00843263625532343,-0.00653333333333334,-0.00451282051282052,-0.00325000000000001,-0.00198717948717949,3.33333333333292E-05,0.0019326362553235),.UNSPECIFIED.);
#300=FACE_OUTER_BOUND('',#2714,.T.);
#301=PLANE('',#2715);
#302=FACE_OUTER_BOUND('',#2716,.T.);
#303=B_SPLINE_SURFACE_WITH_KNOTS('',3,3,((#2717,#2718,#2719,#2720,#2721,#2722,#2723,#2724,#2725,#2726,#2727,#2728,#2729,#2730),(#2731,#2732,#2733,#2734,#2735,#2736,#2737,#2738,#2739,#2740,#2741,#2742,#2743,#2744),(#2745,#2746,#2747,#2748,#2749,#2750,#2751,#2752,#2753,#2754,#2755,#2756,#2757,#2758),(#2759,#2760,#2761,#2762,#2763,#2764,#2765,#2766,#2767,#2768,#2769,#2770,#2771,#2772),(#2773,#2774,#2775,#2776,#2777,#2778,#2779,#2780,#2781,#2782,#2783,#2784,#2785,#2786),(#2787,#2788,#2789,#2790,#2791,#2792,#2793,#2794,#2795,#2796,#2797,#2798,#2799,#2800),(#2801,#2802,#2803,#2804,#2805,#2806,#2807,#2808,#2809,#2810,#2811,#2812,#2813,#2814),(#2815,#2816,#2817,#2818,#2819,#2820,#2821,#2822,#2823,#2824,#2825,#2826,#2827,#2828),(#2829,#2830,#2831,#2832,#2833,#2834,#2835,#2836,#2837,#2838,#2839,#2840,#2841,#2842),(#2843,#2844,#2845,#2846,#2847,#2848,#2849,#2850,#2851,#2852,#2853,#2854,#2855,#2856),(#2857,#2858,#2859,#2860,#2861,#2862,#2863,#2864,#2865,#2866,#2867,#2868,#2869,#2870),(#2871,#2872,#2873,#2874,#2875,#2876,#2877,#2878,#2879,#2880,#2881,#2882,#2883,#2884),(#2885,#2886,#2887,#2888,#2889,#2890,#2891,#2892,#2893,#2894,#2895,#2896,#2897,#2898),(#2899,#2900,#2901,#2902,#2903,#2904,#2905,#2906,#2907,#2908,#2909,#2910,#2911,#2912)),.UNSPECIFIED.,.F.,.F.,.F.,(4,2,2,2,2,2,4),(4,2,2,2,2,2,4),(0.0,0.166666666666667,0.333333333333333,0.5,0.666666666666667,0.833333333333333,1.0),(-0.00193922019479706,-3.33333333333323E-05,0.00198717948717949,0.00325,0.00451282051282052,0.00653333333333334,0.00843922019479704),.UNSPECIFIED.);
#304=FACE_OUTER_BOUND('',#2913,.T.);
#305=SURFACE_OF_LINEAR_EXTRUSION('',#2914,#2915);
#306=FACE_OUTER_BOUND('',#2916,.T.);
#307=B_SPLINE_SURFACE_WITH_KNOTS('',3,3,((#2917,#2918,#2919,#2920,#2921,#2922,#2923,#2924,#2925,#2926,#2927,#2928),(#2929,#2930,#2931,#2932,#2933,#2934,#2935,#2936,#2937,#2938,#2939,#2940),(#2941,#2942,#2943,#2944,#2945,#2946,#2947,#2948,#2949,#2950,#2951,#2952),(#2953,#2954,#2955,#2956,#2957,#2958,#2959,#2960,#2961,#2962,#2963,#2964),(#2965,#2966,#2967,#2968,#2969,#2970,#2971,#2972,#2973,#2974,#2975,#2976),(#2977,#2978,#2979,#2980,#2981,#2982,#2983,#2984,#2985,#2986,#2987,#2988),(#2989,#2990,#2991,#2992,#2993,#2994,#2995,#2996,#2997,#2998,#2999,#3000),(#3001,#3002,#3003,#3004,#3005,#3006,#3007,#3008,#3009,#3010,#3011,#3012),(#3013,#3014,#3015,#3016,#3017,#3018,#3019,#3020,#3021,#3022,#3023,#3024),(#3025,#3026,#3027,#3028,#3029,#3030,#3031,#3032,#3033,#3034,#3035,#3036),(#3037,#3038,#3039,#3040,#3041,#3042,#3043,#3044,#3045,#3046,#3047,#3048),(#3049,#3050,#3051,#3052,#3053,#3054,#3055,#3056,#3057,#3058,#3059,#3060),(#3061,#3062,#3063,#3064,#3065,#3066,#3067,#3068,#3069,#3070,#3071,#3072),(#3073,#3074,#3075,#3076,#3077,#3078,#3079,#3080,#3081,#3082,#3083,#3084)),.UNSPECIFIED.,.F.,.F.,.F.,(4,2,2,2,2,2,4),(4,2,2,2,2,4),(0.0,0.166666666666667,0.333333333333333,0.5,0.666666666666667,0.833333333333333,1.0),(0.00188158101303375,0.00594903864909495,0.00947241743481111,0.0116745291758837,0.0138766409169563,0.0166184189869663),.UNSPECIFIED.);
#308=FACE_OUTER_BOUND('',#3085,.T.);
#309=SURFACE_OF_LINEAR_EXTRUSION('',#3086,#3087);
#310=FACE_OUTER_BOUND('',#3088,.T.);
#311=B_SPLINE_SURFACE_WITH_KNOTS('',3,3,((#3089,#3090,#3091,#3092,#3093,#3094,#3095,#3096),(#3097,#3098,#3099,#3100,#3101,#3102,#3103,#3104),(#3105,#3106,#3107,#3108,#3109,#3110,#3111,#3112),(#3113,#3114,#3115,#3116,#3117,#3118,#3119,#3120),(#3121,#3122,#3123,#3124,#3125,#3126,#3127,#3128),(#3129,#3130,#3131,#3132,#3133,#3134,#3135,#3136),(#3137,#3138,#3139,#3140,#3141,#3142,#3143,#3144),(#3145,#3146,#3147,#3148,#3149,#3150,#3151,#3152),(#3153,#3154,#3155,#3156,#3157,#3158,#3159,#3160),(#3161,#3162,#3163,#3164,#3165,#3166,#3167,#3168),(#3169,#3170,#3171,#3172,#3173,#3174,#3175,#3176),(#3177,#3178,#3179,#3180,#3181,#3182,#3183,#3184),(#3185,#3186,#3187,#3188,#3189,#3190,#3191,#3192),(#3193,#3194,#3195,#3196,#3197,#3198,#3199,#3200)),.UNSPECIFIED.,.F.,.F.,.F.,(4,2,2,2,2,2,4),(4,2,2,4),(0.0,0.166666666666667,0.333333333333333,0.5,0.666666666666667,0.833333333333333,1.0),(0.00329044511113466,0.00444276102908297,0.0103680200039481,0.0152095548888653),.UNSPECIFIED.);
#312=FACE_OUTER_BOUND('',#3201,.T.);
#313=PLANE('',#3202);
#314=FACE_OUTER_BOUND('',#3203,.T.);
#315=SURFACE_OF_LINEAR_EXTRUSION('',#3204,#3205);
#316=FACE_OUTER_BOUND('',#3206,.T.);
#317=B_SPLINE_SURFACE_WITH_KNOTS('',3,3,((#3207,#3208,#3209,#3210,#3211,#3212,#3213,#3214,#3215,#3216,#3217,#3218,#3219,#3220),(#3221,#3222,#3223,#3224,#3225,#3226,#3227,#3228,#3229,#3230,#3231,#3232,#3233,#3234),(#3235,#3236,#3237,#3238,#3239,#3240,#3241,#3242,#3243,#3244,#3245,#3246,#3247,#3248),(#3249,#3250,#3251,#3252,#3253,#3254,#3255,#3256,#3257,#3258,#3259,#3260,#3261,#3262),(#3263,#3264,#3265,#3266,#3267,#3268,#3269,#3270,#3271,#3272,#3273,#3274,#3275,#3276),(#3277,#3278,#3279,#3280,#3281,#3282,#3283,#3284,#3285,#3286,#3287,#3288,#3289,#3290),(#3291,#3292,#3293,#3294,#3295,#3296,#3297,#3298,#3299,#3300,#3301,#3302,#3303,#3304),(#3305,#3306,#3307,#3308,#3309,#3310,#3311,#3312,#3313,#3314,#3315,#3316,#3317,#3318),(#3319,#3320,#3321,#3322,#3323,#3324,#3325,#3326,#3327,#3328,#3329,#3330,#3331,#3332),(#3333,#3334,#3335,#3336,#3337,#3338,#3339,#3340,#3341,#3342,#3343,#3344,#3345,#3346),(#3347,#3348,#3349,#3350,#3351,#3352,#3353,#3354,#3355,#3356,#3357,#3358,#3359,#3360),(#3361,#3362,#3363,#3364,#3365,#3366,#3367,#3368,#3369,#3370,#3371,#3372,#3373,#3374),(#3375,#3376,#3377,#3378,#3379,#3380,#3381,#3382,#3383,#3384,#3385,#3386,#3387,#3388),(#3389,#3390,#3391,#3392,#3393,#3394,#3395,#3396,#3397,#3398,#3399,#3400,#3401,#3402)),.UNSPECIFIED.,.F.,.F.,.F.,(4,2,2,2,2,2,4),(4,2,2,2,2,2,4),(0.0,0.166666666666667,0.333333333333333,0.5,0.666666666666667,0.833333333333333,1.0),(-0.00198098776039038,-3.33333333333331E-05,0.00198717948717949,0.00325,0.00451282051282052,0.00653333333333334,0.00848098776039027),.UNSPECIFIED.);
#318=FACE_OUTER_BOUND('',#3403,.T.);
#319=B_SPLINE_SURFACE_WITH_KNOTS('',3,3,((#3404,#3405,#3406,#3407,#3408,#3409,#3410,#3411,#3412,#3413,#3414,#3415,#3416,#3417),(#3418,#3419,#3420,#3421,#3422,#3423,#3424,#3425,#3426,#3427,#3428,#3429,#3430,#3431),(#3432,#3433,#3434,#3435,#3436,#3437,#3438,#3439,#3440,#3441,#3442,#3443,#3444,#3445),(#3446,#3447,#3448,#3449,#3450,#3451,#3452,#3453,#3454,#3455,#3456,#3457,#3458,#3459),(#3460,#3461,#3462,#3463,#3464,#3465,#3466,#3467,#3468,#3469,#3470,#3471,#3472,#3473),(#3474,#3475,#3476,#3477,#3478,#3479,#3480,#3481,#3482,#3483,#3484,#3485,#3486,#3487),(#3488,#3489,#3490,#3491,#3492,#3493,#3494,#3495,#3496,#3497,#3498,#3499,#3500,#3501),(#3502,#3503,#3504,#3505,#3506,#3507,#3508,#3509,#3510,#3511,#3512,#3513,#3514,#3515),(#3516,#3517,#3518,#3519,#3520,#3521,#3522,#3523,#3524,#3525,#3526,#3527,#3528,#3529),(#3530,#3531,#3532,#3533,#3534,#3535,#3536,#3537,#3538,#3539,#3540,#3541,#3542,#3543),(#3544,#3545,#3546,#3547,#3548,#3549,#3550,#3551,#3552,#3553,#3554,#3555,#3556,#3557),(#3558,#3559,#3560,#3561,#3562,#3563,#3564,#3565,#3566,#3567,#3568,#3569,#3570,#3571),(#3572,#3573,#3574,#3575,#3576,#3577,#3578,#3579,#3580,#3581,#3582,#3583,#3584,#3585),(#3586,#3587,#3588,#3589,#3590,#3591,#3592,#3593,#3594,#3595,#3596,#3597,#3598,#3599)),.UNSPECIFIED.,.F.,.F.,.F.,(4,2,2,2,2,2,4),(4,2,2,2,2,2,4),(0.0,0.166666666666667,0.333333333333333,0.5,0.666666666666667,0.833333333333333,1.0),(-0.00838474076126109,-0.00653333333333334,-0.00451282051282052,-0.00325,-0.00198717948717949,3.33333333333336E-05,0.00188474076126119),.UNSPECIFIED.);
#320=FACE_OUTER_BOUND('',#3600,.T.);
#321=PLANE('',#3601);
#322=FACE_OUTER_BOUND('',#3602,.T.);
#323=CYLINDRICAL_SURFACE('',#3603,0.0016);
#324=FACE_OUTER_BOUND('',#3604,.T.);
#325=PLANE('',#3605);
#326=FACE_OUTER_BOUND('',#3606,.T.);
#327=CYLINDRICAL_SURFACE('',#3607,0.0041);
#328=FACE_OUTER_BOUND('',#3608,.T.);
#329=PLANE('',#3609);
#330=FACE_BOUND('',#3610,.T.);
#331=FACE_BOUND('',#3611,.T.);
#332=FACE_BOUND('',#3612,.T.);
#333=FACE_BOUND('',#3613,.T.);
#334=FACE_BOUND('',#3614,.T.);
#335=FACE_BOUND('',#3615,.T.);
#336=FACE_BOUND('',#3616,.T.);
#337=FACE_BOUND('',#3617,.T.);
#338=FACE_BOUND('',#3618,.T.);
#339=FACE_OUTER_BOUND('',#3619,.T.);
#340=PLANE('',#3620);
#341=FACE_OUTER_BOUND('',#3621,.T.);
#342=CYLINDRICAL_SURFACE('',#3622,0.003);
#343=FACE_BOUND('',#3623,.T.);
#344=FACE_OUTER_BOUND('',#3624,.T.);
#345=PLANE('',#3625);
#346=FACE_OUTER_BOUND('',#3626,.T.);
#347=CYLINDRICAL_SURFACE('',#3627,0.003);
#348=FACE_BOUND('',#3628,.T.);
#349=FACE_OUTER_BOUND('',#3629,.T.);
#350=PLANE('',#3630);
#351=FACE_OUTER_BOUND('',#3631,.T.);
#352=CYLINDRICAL_SURFACE('',#3632,0.003);
#353=FACE_BOUND('',#3633,.T.);
#354=FACE_OUTER_BOUND('',#3634,.T.);
#355=PLANE('',#3635);
#356=FACE_OUTER_BOUND('',#3636,.T.);
#357=CYLINDRICAL_SURFACE('',#3637,0.003);
#358=FACE_BOUND('',#3638,.T.);
#359=FACE_OUTER_BOUND('',#3639,.T.);
#360=PLANE('',#3640);
#361=FACE_OUTER_BOUND('',#3641,.T.);
#362=CYLINDRICAL_SURFACE('',#3642,0.003);
#363=FACE_BOUND('',#3643,.T.);
#364=FACE_OUTER_BOUND('',#3644,.T.);
#365=PLANE('',#3645);
#366=FACE_OUTER_BOUND('',#3646,.T.);
#367=CYLINDRICAL_SURFACE('',#3647,0.003);
#368=FACE_BOUND('',#3648,.T.);
#369=FACE_OUTER_BOUND('',#3649,.T.);
#370=PLANE('',#3650);
#371=FACE_OUTER_BOUND('',#3651,.T.);
#372=CYLINDRICAL_SURFACE('',#3652,0.003);
#373=FACE_BOUND('',#3653,.T.);
#374=FACE_OUTER_BOUND('',#3654,.T.);
#375=PLANE('',#3655);
#376=FACE_OUTER_BOUND('',#3656,.T.);
#377=CYLINDRICAL_SURFACE('',#3657,0.003);
#378=FACE_BOUND('',#3658,.T.);
#379=FACE_OUTER_BOUND('',#3659,.T.);
#380=PLANE('',#3660);
#381=FACE_OUTER_BOUND('',#3661,.T.);
#382=SURFACE_OF_LINEAR_EXTRUSION('',#3662,#3663);
#383=FACE_OUTER_BOUND('',#3664,.T.);
#384=SURFACE_OF_LINEAR_EXTRUSION('',#3665,#3666);
#385=FACE_OUTER_BOUND('',#3667,.T.);
#386=SURFACE_OF_LINEAR_EXTRUSION('',#3668,#3669);
#387=FACE_OUTER_BOUND('',#3670,.T.);
#388=SURFACE_OF_LINEAR_EXTRUSION('',#3671,#3672);
#389=FACE_OUTER_BOUND('',#3673,.T.);
#390=PLANE('',#3674);
#391=FACE_OUTER_BOUND('',#3675,.T.);
#392=CYLINDRICAL_SURFACE('',#3676,0.0041);
#393=FACE_OUTER_BOUND('',#3677,.T.);
#394=SURFACE_OF_LINEAR_EXTRUSION('',#3678,#3679);
#395=FACE_OUTER_BOUND('',#3680,.T.);
#396=SURFACE_OF_LINEAR_EXTRUSION('',#3681,#3682);
#397=FACE_OUTER_BOUND('',#3683,.T.);
#398=SURFACE_OF_LINEAR_EXTRUSION('',#3684,#3685);
#399=FACE_OUTER_BOUND('',#3686,.T.);
#400=SURFACE_OF_LINEAR_EXTRUSION('',#3687,#3688);
#401=FACE_OUTER_BOUND('',#3689,.T.);
#402=PLANE('',#3690);
#403=FACE_OUTER_BOUND('',#3691,.T.);
#404=CYLINDRICAL_SURFACE('',#3692,0.0041);
#405=FACE_OUTER_BOUND('',#3693,.T.);
#406=SURFACE_OF_LINEAR_EXTRUSION('',#3694,#3695);
#407=FACE_OUTER_BOUND('',#3696,.T.);
#408=SURFACE_OF_LINEAR_EXTRUSION('',#3697,#3698);
#409=FACE_OUTER_BOUND('',#3699,.T.);
#410=SURFACE_OF_LINEAR_EXTRUSION('',#3700,#3701);
#411=FACE_OUTER_BOUND('',#3702,.T.);
#412=SURFACE_OF_LINEAR_EXTRUSION('',#3703,#3704);
#413=FACE_OUTER_BOUND('',#3705,.T.);
#414=PLANE('',#3706);
#415=FACE_OUTER_BOUND('',#3707,.T.);
#416=SURFACE_OF_LINEAR_EXTRUSION('',#3708,#3709);
#417=FACE_OUTER_BOUND('',#3710,.T.);
#418=SURFACE_OF_LINEAR_EXTRUSION('',#3711,#3712);
#419=FACE_OUTER_BOUND('',#3713,.T.);
#420=SURFACE_OF_LINEAR_EXTRUSION('',#3714,#3715);
#421=FACE_OUTER_BOUND('',#3716,.T.);
#422=SURFACE_OF_LINEAR_EXTRUSION('',#3717,#3718);
#423=FACE_OUTER_BOUND('',#3719,.T.);
#424=SURFACE_OF_LINEAR_EXTRUSION('',#3720,#3721);
#425=FACE_OUTER_BOUND('',#3722,.T.);
#426=SURFACE_OF_LINEAR_EXTRUSION('',#3723,#3724);
#427=FACE_OUTER_BOUND('',#3725,.T.);
#428=SURFACE_OF_LINEAR_EXTRUSION('',#3726,#3727);
#429=FACE_OUTER_BOUND('',#3728,.T.);
#430=PLANE('',#3729);
#431=FACE_OUTER_BOUND('',#3730,.T.);
#432=CYLINDRICAL_SURFACE('',#3731,0.0041);
#433=FACE_OUTER_BOUND('',#3732,.T.);
#434=SURFACE_OF_LINEAR_EXTRUSION('',#3733,#3734);
#435=FACE_OUTER_BOUND('',#3735,.T.);
#436=SURFACE_OF_LINEAR_EXTRUSION('',#3736,#3737);
#437=FACE_OUTER_BOUND('',#3738,.T.);
#438=PLANE('',#3739);
#439=FACE_OUTER_BOUND('',#3740,.T.);
#440=CYLINDRICAL_SURFACE('',#3741,0.0041);
#441=FACE_OUTER_BOUND('',#3742,.T.);
#442=SURFACE_OF_LINEAR_EXTRUSION('',#3743,#3744);
#443=FACE_OUTER_BOUND('',#3745,.T.);
#444=SURFACE_OF_LINEAR_EXTRUSION('',#3746,#3747);
#445=FACE_OUTER_BOUND('',#3748,.T.);
#446=SURFACE_OF_LINEAR_EXTRUSION('',#3749,#3750);
#447=FACE_OUTER_BOUND('',#3751,.T.);
#448=SURFACE_OF_LINEAR_EXTRUSION('',#3752,#3753);
#449=FACE_OUTER_BOUND('',#3754,.T.);
#450=SURFACE_OF_LINEAR_EXTRUSION('',#3755,#3756);
#451=FACE_OUTER_BOUND('',#3757,.T.);
#452=PLANE('',#3758);
#453=FACE_OUTER_BOUND('',#3759,.T.);
#454=CYLINDRICAL_SURFACE('',#3760,0.0041);
#455=FACE_OUTER_BOUND('',#3761,.T.);
#456=SURFACE_OF_LINEAR_EXTRUSION('',#3762,#3763);
#457=FACE_OUTER_BOUND('',#3764,.T.);
#458=SURFACE_OF_LINEAR_EXTRUSION('',#3765,#3766);
#459=FACE_OUTER_BOUND('',#3767,.T.);
#460=SURFACE_OF_LINEAR_EXTRUSION('',#3768,#3769);
#461=FACE_OUTER_BOUND('',#3770,.T.);
#462=SURFACE_OF_LINEAR_EXTRUSION('',#3771,#3772);
#463=FACE_OUTER_BOUND('',#3773,.T.);
#464=PLANE('',#3774);
#465=FACE_OUTER_BOUND('',#3775,.T.);
#466=CYLINDRICAL_SURFACE('',#3776,0.0041);
#467=FACE_BOUND('',#3777,.T.);
#468=FACE_BOUND('',#3778,.T.);
#469=FACE_BOUND('',#3779,.T.);
#470=FACE_BOUND('',#3780,.T.);
#471=FACE_BOUND('',#3781,.T.);
#472=FACE_BOUND('',#3782,.T.);
#473=FACE_BOUND('',#3783,.T.);
#474=FACE_BOUND('',#3784,.T.);
#475=FACE_OUTER_BOUND('',#3785,.T.);
#476=PLANE('',#3786);
#477=FACE_OUTER_BOUND('',#3787,.T.);
#478=SURFACE_OF_LINEAR_EXTRUSION('',#3788,#3789);
#479=FACE_OUTER_BOUND('',#3790,.T.);
#480=SURFACE_OF_LINEAR_EXTRUSION('',#3791,#3792);
#481=FACE_OUTER_BOUND('',#3793,.T.);
#482=SURFACE_OF_LINEAR_EXTRUSION('',#3794,#3795);
#483=FACE_OUTER_BOUND('',#3796,.T.);
#484=SURFACE_OF_LINEAR_EXTRUSION('',#3797,#3798);
#485=FACE_OUTER_BOUND('',#3799,.T.);
#486=SURFACE_OF_LINEAR_EXTRUSION('',#3800,#3801);
#487=FACE_OUTER_BOUND('',#3802,.T.);
#488=SURFACE_OF_LINEAR_EXTRUSION('',#3803,#3804);
#489=FACE_OUTER_BOUND('',#3805,.T.);
#490=SURFACE_OF_LINEAR_EXTRUSION('',#3806,#3807);
#491=FACE_OUTER_BOUND('',#3808,.T.);
#492=SURFACE_OF_LINEAR_EXTRUSION('',#3809,#3810);
#493=FACE_OUTER_BOUND('',#3811,.T.);
#494=SURFACE_OF_LINEAR_EXTRUSION('',#3812,#3813);
#495=FACE_OUTER_BOUND('',#3814,.T.);
#496=SURFACE_OF_LINEAR_EXTRUSION('',#3815,#3816);
#497=FACE_OUTER_BOUND('',#3817,.T.);
#498=SURFACE_OF_LINEAR_EXTRUSION('',#3818,#3819);
#499=FACE_OUTER_BOUND('',#3820,.T.);
#500=SURFACE_OF_LINEAR_EXTRUSION('',#3821,#3822);
#501=FACE_OUTER_BOUND('',#3823,.T.);
#502=SURFACE_OF_LINEAR_EXTRUSION('',#3824,#3825);
#503=FACE_OUTER_BOUND('',#3826,.T.);
#504=SURFACE_OF_LINEAR_EXTRUSION('',#3827,#3828);
#505=FACE_OUTER_BOUND('',#3829,.T.);
#506=SURFACE_OF_LINEAR_EXTRUSION('',#3830,#3831);
#507=FACE_OUTER_BOUND('',#3832,.T.);
#508=SURFACE_OF_LINEAR_EXTRUSION('',#3833,#3834);
#509=FACE_OUTER_BOUND('',#3835,.T.);
#510=SURFACE_OF_LINEAR_EXTRUSION('',#3836,#3837);
#511=FACE_OUTER_BOUND('',#3838,.T.);
#512=SURFACE_OF_LINEAR_EXTRUSION('',#3839,#3840);
#513=FACE_OUTER_BOUND('',#3841,.T.);
#514=SURFACE_OF_LINEAR_EXTRUSION('',#3842,#3843);
#515=FACE_OUTER_BOUND('',#3844,.T.);
#516=SURFACE_OF_LINEAR_EXTRUSION('',#3845,#3846);
#517=FACE_OUTER_BOUND('',#3847,.T.);
#518=SURFACE_OF_LINEAR_EXTRUSION('',#3848,#3849);
#519=FACE_OUTER_BOUND('',#3850,.T.);
#520=SURFACE_OF_LINEAR_EXTRUSION('',#3851,#3852);
#521=FACE_OUTER_BOUND('',#3853,.T.);
#522=SURFACE_OF_LINEAR_EXTRUSION('',#3854,#3855);
#523=FACE_OUTER_BOUND('',#3856,.T.);
#524=SURFACE_OF_LINEAR_EXTRUSION('',#3857,#3858);
#525=FACE_OUTER_BOUND('',#3859,.T.);
#526=SURFACE_OF_LINEAR_EXTRUSION('',#3860,#3861);
#527=FACE_OUTER_BOUND('',#3862,.T.);
#528=SURFACE_OF_LINEAR_EXTRUSION('',#3863,#3864);
#529=FACE_OUTER_BOUND('',#3865,.T.);
#530=SURFACE_OF_LINEAR_EXTRUSION('',#3866,#3867);
#531=FACE_OUTER_BOUND('',#3868,.T.);
#532=SURFACE_OF_LINEAR_EXTRUSION('',#3869,#3870);
#533=FACE_OUTER_BOUND('',#3871,.T.);
#534=SURFACE_OF_LINEAR_EXTRUSION('',#3872,#3873);
#535=FACE_OUTER_BOUND('',#3874,.T.);
#536=SURFACE_OF_LINEAR_EXTRUSION('',#3875,#3876);
#537=FACE_OUTER_BOUND('',#3877,.T.);
#538=SURFACE_OF_LINEAR_EXTRUSION('',#3878,#3879);
#539=FACE_OUTER_BOUND('',#3880,.T.);
#540=SURFACE_OF_LINEAR_EXTRUSION('',#3881,#3882);
#541=FACE_OUTER_BOUND('',#3883,.T.);
#542=SURFACE_OF_LINEAR_EXTRUSION('',#3884,#3885);
#543=FACE_OUTER_BOUND('',#3886,.T.);
#544=SURFACE_OF_LINEAR_EXTRUSION('',#3887,#3888);
#545=FACE_OUTER_BOUND('',#3889,.T.);
#546=SURFACE_OF_LINEAR_EXTRUSION('',#3890,#3891);
#547=FACE_OUTER_BOUND('',#3892,.T.);
#548=CYLINDRICAL_SURFACE('',#3893,0.0016);
#549=FACE_OUTER_BOUND('',#3894,.T.);
#550=CYLINDRICAL_SURFACE('',#3895,0.0016);
#551=FACE_OUTER_BOUND('',#3896,.T.);
#552=CYLINDRICAL_SURFACE('',#3897,0.0016);
#553=FACE_OUTER_BOUND('',#3898,.T.);
#554=CYLINDRICAL_SURFACE('',#3899,0.0016);
#555=FACE_OUTER_BOUND('',#3900,.T.);
#556=CYLINDRICAL_SURFACE('',#3901,0.0016);
#557=FACE_OUTER_BOUND('',#3902,.T.);
#558=CYLINDRICAL_SURFACE('',#3903,0.0016);
#559=FACE_OUTER_BOUND('',#3904,.T.);
#560=CYLINDRICAL_SURFACE('',#3905,0.0016);
#561=FILL_AREA_STYLE('',(#3906));
#562=EDGE_LOOP('',(#3907,#3908,#3909,#3910));
#563=AXIS2_PLACEMENT_3D('',#3911,#3912,#3913);
#564=EDGE_LOOP('',(#3914,#3915,#3916,#3917));
#565=AXIS2_PLACEMENT_3D('',#3918,#3919,#3920);
#566=EDGE_LOOP('',(#3921,#3922,#3923,#3924));
#567=AXIS2_PLACEMENT_3D('',#3925,#3926,#3927);
#568=EDGE_LOOP('',(#3928,#3929,#3930,#3931));
#569=AXIS2_PLACEMENT_3D('',#3932,#3933,#3934);
#570=EDGE_LOOP('',(#3935,#3936,#3937,#3938));
#571=AXIS2_PLACEMENT_3D('',#3939,#3940,#3941);
#572=EDGE_LOOP('',(#3942,#3943,#3944,#3945));
#573=AXIS2_PLACEMENT_3D('',#3946,#3947,#3948);
#574=EDGE_LOOP('',(#3949,#3950,#3951,#3952));
#575=AXIS2_PLACEMENT_3D('',#3953,#3954,#3955);
#576=EDGE_LOOP('',(#3956,#3957,#3958,#3959));
#577=AXIS2_PLACEMENT_3D('',#3960,#3961,#3962);
#578=EDGE_LOOP('',(#3963,#3964,#3965,#3966));
#579=AXIS2_PLACEMENT_3D('',#3967,#3968,#3969);
#580=EDGE_LOOP('',(#3970,#3971,#3972,#3973));
#581=AXIS2_PLACEMENT_3D('',#3974,#3975,#3976);
#582=EDGE_LOOP('',(#3977,#3978,#3979,#3980));
#583=AXIS2_PLACEMENT_3D('',#3981,#3982,#3983);
#584=EDGE_LOOP('',(#3984,#3985,#3986,#3987));
#585=AXIS2_PLACEMENT_3D('',#3988,#3989,#3990);
#586=EDGE_LOOP('',(#3991,#3992,#3993,#3994));
#587=AXIS2_PLACEMENT_3D('',#3995,#3996,#3997);
#588=EDGE_LOOP('',(#3998,#3999,#4000,#4001));
#589=AXIS2_PLACEMENT_3D('',#4002,#4003,#4004);
#590=EDGE_LOOP('',(#4005,#4006,#4007,#4008));
#591=AXIS2_PLACEMENT_3D('',#4009,#4010,#4011);
#592=EDGE_LOOP('',(#4012,#4013,#4014,#4015));
#593=AXIS2_PLACEMENT_3D('',#4016,#4017,#4018);
#594=EDGE_LOOP('',(#4019,#4020,#4021,#4022));
#595=AXIS2_PLACEMENT_3D('',#4023,#4024,#4025);
#596=EDGE_LOOP('',(#4026,#4027,#4028,#4029));
#597=AXIS2_PLACEMENT_3D('',#4030,#4031,#4032);
#598=EDGE_LOOP('',(#4033,#4034,#4035,#4036));
#599=AXIS2_PLACEMENT_3D('',#4037,#4038,#4039);
#600=EDGE_LOOP('',(#4040,#4041,#4042,#4043));
#601=AXIS2_PLACEMENT_3D('',#4044,#4045,#4046);
#602=EDGE_LOOP('',(#4047,#4048,#4049,#4050));
#603=AXIS2_PLACEMENT_3D('',#4051,#4052,#4053);
#604=EDGE_LOOP('',(#4054,#4055,#4056,#4057));
#605=AXIS2_PLACEMENT_3D('',#4058,#4059,#4060);
#606=EDGE_LOOP('',(#4061,#4062,#4063,#4064));
#607=AXIS2_PLACEMENT_3D('',#4065,#4066,#4067);
#608=EDGE_LOOP('',(#4068,#4069,#4070,#4071));
#609=AXIS2_PLACEMENT_3D('',#4072,#4073,#4074);
#610=EDGE_LOOP('',(#4075,#4076,#4077,#4078));
#611=CARTESIAN_POINT('',(0.0103266945842835,0.0754366191072509,-0.03909));
#612=CARTESIAN_POINT('',(0.0103266945842835,0.0754366191072509,-0.03953));
#613=CARTESIAN_POINT('',(0.0103266945842835,0.0754366191072509,-0.03997));
#614=CARTESIAN_POINT('',(0.0103266945842835,0.0754366191072509,-0.0408366666666667));
#615=CARTESIAN_POINT('',(0.0103266945842835,0.0754366191072509,-0.0412633333333333));
#616=CARTESIAN_POINT('',(0.0103266945842835,0.0754366191072509,-0.0419566666666667));
#617=CARTESIAN_POINT('',(0.0103266945842835,0.0754366191072509,-0.0422233333333333));
#618=CARTESIAN_POINT('',(0.0103266945842835,0.0754366191072509,-0.0426566666666667));
#619=CARTESIAN_POINT('',(0.0103266945842835,0.0754366191072509,-0.0428233333333333));
#620=CARTESIAN_POINT('',(0.0103266945842835,0.0754366191072509,-0.0431566666666667));
#621=CARTESIAN_POINT('',(0.0103266945842835,0.0754366191072509,-0.0433233333333333));
#622=CARTESIAN_POINT('',(0.0103266945842835,0.0754366191072509,-0.0437566666666667));
#623=CARTESIAN_POINT('',(0.0103266945842835,0.0754366191072509,-0.0440233333333333));
#624=CARTESIAN_POINT('',(0.0103266945842835,0.0754366191072509,-0.0447166666666667));
#625=CARTESIAN_POINT('',(0.0103266945842835,0.0754366191072509,-0.0451433333333333));
#626=CARTESIAN_POINT('',(0.0103266945842835,0.0754366191072509,-0.04601));
#627=CARTESIAN_POINT('',(0.0103266945842835,0.0754366191072509,-0.04645));
#628=CARTESIAN_POINT('',(0.0103266945842835,0.0754366191072509,-0.04689));
#629=CARTESIAN_POINT('',(0.0104096555320931,0.075733732241384,-0.03909));
#630=CARTESIAN_POINT('',(0.0104096555320931,0.075733732241384,-0.03953));
#631=CARTESIAN_POINT('',(0.0104096555320931,0.075733732241384,-0.03997));
#632=CARTESIAN_POINT('',(0.0104096555320931,0.075733732241384,-0.0408366666666667));
#633=CARTESIAN_POINT('',(0.0104096555320931,0.075733732241384,-0.0412633333333333));
#634=CARTESIAN_POINT('',(0.0104096555320931,0.075733732241384,-0.0419566666666667));
#635=CARTESIAN_POINT('',(0.0104096555320931,0.075733732241384,-0.0422233333333333));
#636=CARTESIAN_POINT('',(0.0104096555320931,0.075733732241384,-0.0426566666666667));
#637=CARTESIAN_POINT('',(0.0104096555320931,0.075733732241384,-0.0428233333333333));
#638=CARTESIAN_POINT('',(0.0104096555320931,0.075733732241384,-0.0431566666666667));
#639=CARTESIAN_POINT('',(0.0104096555320931,0.075733732241384,-0.0433233333333333));
#640=CARTESIAN_POINT('',(0.0104096555320931,0.075733732241384,-0.0437566666666667));
#641=CARTESIAN_POINT('',(0.0104096555320931,0.075733732241384,-0.0440233333333333));
#642=CARTESIAN_POINT('',(0.0104096555320931,0.075733732241384,-0.0447166666666667));
#643=CARTESIAN_POINT('',(0.0104096555320931,0.075733732241384,-0.0451433333333333));
#644=CARTESIAN_POINT('',(0.0104096555320931,0.075733732241384,-0.04601));
#645=CARTESIAN_POINT('',(0.0104096555320931,0.075733732241384,-0.04645));
#646=CARTESIAN_POINT('',(0.0104096555320931,0.075733732241384,-0.04689));
#647=CARTESIAN_POINT('',(0.0104464176190914,0.076043697062158,-0.03909));
#648=CARTESIAN_POINT('',(0.0104464176190914,0.076043697062158,-0.03953));
#649=CARTESIAN_POINT('',(0.0104464176190914,0.076043697062158,-0.03997));
#650=CARTESIAN_POINT('',(0.0104464176190914,0.076043697062158,-0.0408366666666667));
#651=CARTESIAN_POINT('',(0.0104464176190914,0.076043697062158,-0.0412633333333333));
#652=CARTESIAN_POINT('',(0.0104464176190914,0.076043697062158,-0.0419566666666667));
#653=CARTESIAN_POINT('',(0.0104464176190914,0.076043697062158,-0.0422233333333333));
#654=CARTESIAN_POINT('',(0.0104464176190914,0.076043697062158,-0.0426566666666667));
#655=CARTESIAN_POINT('',(0.0104464176190914,0.076043697062158,-0.0428233333333333));
#656=CARTESIAN_POINT('',(0.0104464176190914,0.076043697062158,-0.0431566666666667));
#657=CARTESIAN_POINT('',(0.0104464176190914,0.076043697062158,-0.0433233333333333));
#658=CARTESIAN_POINT('',(0.0104464176190914,0.076043697062158,-0.0437566666666667));
#659=CARTESIAN_POINT('',(0.0104464176190914,0.076043697062158,-0.0440233333333333));
#660=CARTESIAN_POINT('',(0.0104464176190914,0.076043697062158,-0.0447166666666667));
#661=CARTESIAN_POINT('',(0.0104464176190914,0.076043697062158,-0.0451433333333333));
#662=CARTESIAN_POINT('',(0.0104464176190914,0.076043697062158,-0.04601));
#663=CARTESIAN_POINT('',(0.0104464176190914,0.076043697062158,-0.04645));
#664=CARTESIAN_POINT('',(0.0104464176190914,0.076043697062158,-0.04689));
#665=CARTESIAN_POINT('',(0.0104240950645789,0.0766602492796575,-0.03909));
#666=CARTESIAN_POINT('',(0.0104240950645789,0.0766602492796575,-0.03953));
#667=CARTESIAN_POINT('',(0.0104240950645789,0.0766602492796575,-0.03997));
#668=CARTESIAN_POINT('',(0.0104240950645789,0.0766602492796575,-0.0408366666666667));
#669=CARTESIAN_POINT('',(0.0104240950645789,0.0766602492796575,-0.0412633333333333));
#670=CARTESIAN_POINT('',(0.0104240950645789,0.0766602492796575,-0.0419566666666667));
#671=CARTESIAN_POINT('',(0.0104240950645789,0.0766602492796575,-0.0422233333333333));
#672=CARTESIAN_POINT('',(0.0104240950645789,0.0766602492796575,-0.0426566666666667));
#673=CARTESIAN_POINT('',(0.0104240950645789,0.0766602492796575,-0.0428233333333333));
#674=CARTESIAN_POINT('',(0.0104240950645789,0.0766602492796575,-0.0431566666666667));
#675=CARTESIAN_POINT('',(0.0104240950645789,0.0766602492796575,-0.0433233333333333));
#676=CARTESIAN_POINT('',(0.0104240950645789,0.0766602492796575,-0.0437566666666667));
#677=CARTESIAN_POINT('',(0.0104240950645789,0.0766602492796575,-0.0440233333333333));
#678=CARTESIAN_POINT('',(0.0104240950645789,0.0766602492796575,-0.0447166666666667));
#679=CARTESIAN_POINT('',(0.0104240950645789,0.0766602492796575,-0.0451433333333333));
#680=CARTESIAN_POINT('',(0.0104240950645789,0.0766602492796575,-0.04601));
#681=CARTESIAN_POINT('',(0.0104240950645789,0.0766602492796575,-0.04645));
#682=CARTESIAN_POINT('',(0.0104240950645789,0.0766602492796575,-0.04689));
#683=CARTESIAN_POINT('',(0.0103650137767467,0.0769667440472898,-0.03909));
#684=CARTESIAN_POINT('',(0.0103650137767467,0.0769667440472898,-0.03953));
#685=CARTESIAN_POINT('',(0.0103650137767467,0.0769667440472898,-0.03997));
#686=CARTESIAN_POINT('',(0.0103650137767467,0.0769667440472898,-0.0408366666666667));
#687=CARTESIAN_POINT('',(0.0103650137767467,0.0769667440472898,-0.0412633333333333));
#688=CARTESIAN_POINT('',(0.0103650137767467,0.0769667440472898,-0.0419566666666667));
#689=CARTESIAN_POINT('',(0.0103650137767467,0.0769667440472898,-0.0422233333333333));
#690=CARTESIAN_POINT('',(0.0103650137767467,0.0769667440472898,-0.0426566666666667));
#691=CARTESIAN_POINT('',(0.0103650137767467,0.0769667440472898,-0.0428233333333333));
#692=CARTESIAN_POINT('',(0.0103650137767467,0.0769667440472898,-0.0431566666666667));
#693=CARTESIAN_POINT('',(0.0103650137767467,0.0769667440472898,-0.0433233333333333));
#694=CARTESIAN_POINT('',(0.0103650137767467,0.0769667440472898,-0.0437566666666667));
#695=CARTESIAN_POINT('',(0.0103650137767467,0.0769667440472898,-0.0440233333333333));
#696=CARTESIAN_POINT('',(0.0103650137767467,0.0769667440472898,-0.0447166666666667));
#697=CARTESIAN_POINT('',(0.0103650137767467,0.0769667440472898,-0.0451433333333333));
#698=CARTESIAN_POINT('',(0.0103650137767467,0.0769667440472898,-0.04601));
#699=CARTESIAN_POINT('',(0.0103650137767467,0.0769667440472898,-0.04645));
#700=CARTESIAN_POINT('',(0.0103650137767467,0.0769667440472898,-0.04689));
#701=CARTESIAN_POINT('',(0.0101565541668833,0.0775474156622317,-0.03909));
#702=CARTESIAN_POINT('',(0.0101565541668833,0.0775474156622317,-0.03953));
#703=CARTESIAN_POINT('',(0.0101565541668833,0.0775474156622317,-0.03997));
#704=CARTESIAN_POINT('',(0.0101565541668833,0.0775474156622317,-0.0408366666666667));
#705=CARTESIAN_POINT('',(0.0101565541668833,0.0775474156622317,-0.0412633333333333));
#706=CARTESIAN_POINT('',(0.0101565541668833,0.0775474156622317,-0.0419566666666667));
#707=CARTESIAN_POINT('',(0.0101565541668833,0.0775474156622317,-0.0422233333333333));
#708=CARTESIAN_POINT('',(0.0101565541668833,0.0775474156622317,-0.0426566666666667));
#709=CARTESIAN_POINT('',(0.0101565541668833,0.0775474156622317,-0.0428233333333333));
#710=CARTESIAN_POINT('',(0.0101565541668833,0.0775474156622317,-0.0431566666666667));
#711=CARTESIAN_POINT('',(0.0101565541668833,0.0775474156622317,-0.0433233333333333));
#712=CARTESIAN_POINT('',(0.0101565541668833,0.0775474156622317,-0.0437566666666667));
#713=CARTESIAN_POINT('',(0.0101565541668833,0.0775474156622317,-0.0440233333333333));
#714=CARTESIAN_POINT('',(0.0101565541668833,0.0775474156622317,-0.0447166666666667));
#715=CARTESIAN_POINT('',(0.0101565541668833,0.0775474156622317,-0.0451433333333333));
#716=CARTESIAN_POINT('',(0.0101565541668833,0.0775474156622317,-0.04601));
#717=CARTESIAN_POINT('',(0.0101565541668833,0.0775474156622317,-0.04645));
#718=CARTESIAN_POINT('',(0.0101565541668833,0.0775474156622317,-0.04689));
#719=CARTESIAN_POINT('',(0.0100072071632451,0.07782150527105,-0.03909));
#720=CARTESIAN_POINT('',(0.0100072071632451,0.07782150527105,-0.03953));
#721=CARTESIAN_POINT('',(0.0100072071632451,0.07782150527105,-0.03997));
#722=CARTESIAN_POINT('',(0.0100072071632451,0.07782150527105,-0.0408366666666667));
#723=CARTESIAN_POINT('',(0.0100072071632451,0.07782150527105,-0.0412633333333333));
#724=CARTESIAN_POINT('',(0.0100072071632451,0.07782150527105,-0.0419566666666667));
#725=CARTESIAN_POINT('',(0.0100072071632451,0.07782150527105,-0.0422233333333333));
#726=CARTESIAN_POINT('',(0.0100072071632451,0.07782150527105,-0.0426566666666667));
#727=CARTESIAN_POINT('',(0.0100072071632451,0.07782150527105,-0.0428233333333333));
#728=CARTESIAN_POINT('',(0.0100072071632451,0.07782150527105,-0.0431566666666667));
#729=CARTESIAN_POINT('',(0.0100072071632451,0.07782150527105,-0.0433233333333333));
#730=CARTESIAN_POINT('',(0.0100072071632451,0.07782150527105,-0.0437566666666667));
#731=CARTESIAN_POINT('',(0.0100072071632451,0.07782150527105,-0.0440233333333333));
#732=CARTESIAN_POINT('',(0.0100072071632451,0.07782150527105,-0.0447166666666667));
#733=CARTESIAN_POINT('',(0.0100072071632451,0.07782150527105,-0.0451433333333333));
#734=CARTESIAN_POINT('',(0.0100072071632451,0.07782150527105,-0.04601));
#735=CARTESIAN_POINT('',(0.0100072071632451,0.07782150527105,-0.04645));
#736=CARTESIAN_POINT('',(0.0100072071632451,0.07782150527105,-0.04689));
#737=CARTESIAN_POINT('',(0.00963229044521694,0.0783114770946139,-0.03909));
#738=CARTESIAN_POINT('',(0.00963229044521694,0.0783114770946139,-0.03953));
#739=CARTESIAN_POINT('',(0.00963229044521694,0.0783114770946139,-0.03997));
#740=CARTESIAN_POINT('',(0.00963229044521694,0.0783114770946139,-0.0408366666666667));
#741=CARTESIAN_POINT('',(0.00963229044521694,0.0783114770946139,-0.0412633333333333));
#742=CARTESIAN_POINT('',(0.00963229044521694,0.0783114770946139,-0.0419566666666667));
#743=CARTESIAN_POINT('',(0.00963229044521693,0.0783114770946139,-0.0422233333333333));
#744=CARTESIAN_POINT('',(0.00963229044521693,0.0783114770946139,-0.0426566666666667));
#745=CARTESIAN_POINT('',(0.00963229044521694,0.0783114770946139,-0.0428233333333333));
#746=CARTESIAN_POINT('',(0.00963229044521694,0.0783114770946139,-0.0431566666666667));
#747=CARTESIAN_POINT('',(0.00963229044521694,0.0783114770946139,-0.0433233333333333));
#748=CARTESIAN_POINT('',(0.00963229044521694,0.0783114770946139,-0.0437566666666667));
#749=CARTESIAN_POINT('',(0.00963229044521694,0.0783114770946139,-0.0440233333333333));
#750=CARTESIAN_POINT('',(0.00963229044521694,0.0783114770946139,-0.0447166666666667));
#751=CARTESIAN_POINT('',(0.00963229044521693,0.0783114770946139,-0.0451433333333333));
#752=CARTESIAN_POINT('',(0.00963229044521693,0.0783114770946139,-0.04601));
#753=CARTESIAN_POINT('',(0.00963229044521694,0.0783114770946139,-0.04645));
#754=CARTESIAN_POINT('',(0.00963229044521694,0.0783114770946139,-0.04689));
#755=CARTESIAN_POINT('',(0.00940677705727366,0.0785272856973531,-0.03909));
#756=CARTESIAN_POINT('',(0.00940677705727366,0.0785272856973531,-0.03953));
#757=CARTESIAN_POINT('',(0.00940677705727366,0.0785272856973531,-0.03997));
#758=CARTESIAN_POINT('',(0.00940677705727366,0.0785272856973531,-0.0408366666666667));
#759=CARTESIAN_POINT('',(0.00940677705727366,0.0785272856973531,-0.0412633333333333));
#760=CARTESIAN_POINT('',(0.00940677705727366,0.0785272856973531,-0.0419566666666667));
#761=CARTESIAN_POINT('',(0.00940677705727365,0.0785272856973531,-0.0422233333333333));
#762=CARTESIAN_POINT('',(0.00940677705727365,0.0785272856973531,-0.0426566666666667));
#763=CARTESIAN_POINT('',(0.00940677705727366,0.0785272856973531,-0.0428233333333333));
#764=CARTESIAN_POINT('',(0.00940677705727366,0.0785272856973531,-0.0431566666666667));
#765=CARTESIAN_POINT('',(0.00940677705727366,0.0785272856973531,-0.0433233333333333));
#766=CARTESIAN_POINT('',(0.00940677705727366,0.0785272856973531,-0.0437566666666667));
#767=CARTESIAN_POINT('',(0.00940677705727366,0.0785272856973531,-0.0440233333333333));
#768=CARTESIAN_POINT('',(0.00940677705727366,0.0785272856973531,-0.0447166666666667));
#769=CARTESIAN_POINT('',(0.00940677705727365,0.0785272856973531,-0.0451433333333333));
#770=CARTESIAN_POINT('',(0.00940677705727365,0.0785272856973531,-0.04601));
#771=CARTESIAN_POINT('',(0.00940677705727366,0.0785272856973531,-0.04645));
#772=CARTESIAN_POINT('',(0.00940677705727366,0.0785272856973531,-0.04689));
#773=CARTESIAN_POINT('',(0.00890079781526319,0.078880301192761,-0.03909));
#774=CARTESIAN_POINT('',(0.00890079781526319,0.078880301192761,-0.03953));
#775=CARTESIAN_POINT('',(0.00890079781526319,0.078880301192761,-0.03997));
#776=CARTESIAN_POINT('',(0.00890079781526319,0.078880301192761,-0.0408366666666667));
#777=CARTESIAN_POINT('',(0.00890079781526319,0.078880301192761,-0.0412633333333333));
#778=CARTESIAN_POINT('',(0.00890079781526319,0.078880301192761,-0.0419566666666667));
#779=CARTESIAN_POINT('',(0.00890079781526319,0.0788803011927609,-0.0422233333333333));
#780=CARTESIAN_POINT('',(0.00890079781526319,0.0788803011927609,-0.0426566666666667));
#781=CARTESIAN_POINT('',(0.00890079781526319,0.078880301192761,-0.0428233333333333));
#782=CARTESIAN_POINT('',(0.00890079781526319,0.078880301192761,-0.0431566666666667));
#783=CARTESIAN_POINT('',(0.00890079781526319,0.078880301192761,-0.0433233333333333));
#784=CARTESIAN_POINT('',(0.00890079781526319,0.078880301192761,-0.0437566666666667));
#785=CARTESIAN_POINT('',(0.00890079781526319,0.078880301192761,-0.0440233333333333));
#786=CARTESIAN_POINT('',(0.00890079781526319,0.078880301192761,-0.0447166666666667));
#787=CARTESIAN_POINT('',(0.00890079781526319,0.0788803011927609,-0.0451433333333333));
#788=CARTESIAN_POINT('',(0.00890079781526319,0.0788803011927609,-0.04601));
#789=CARTESIAN_POINT('',(0.00890079781526319,0.078880301192761,-0.04645));
#790=CARTESIAN_POINT('',(0.00890079781526319,0.078880301192761,-0.04689));
#791=CARTESIAN_POINT('',(0.00862040797811244,0.0790174550493618,-0.03909));
#792=CARTESIAN_POINT('',(0.00862040797811244,0.0790174550493618,-0.03953));
#793=CARTESIAN_POINT('',(0.00862040797811244,0.0790174550493618,-0.03997));
#794=CARTESIAN_POINT('',(0.00862040797811244,0.0790174550493618,-0.0408366666666667));
#795=CARTESIAN_POINT('',(0.00862040797811244,0.0790174550493618,-0.0412633333333333));
#796=CARTESIAN_POINT('',(0.00862040797811244,0.0790174550493618,-0.0419566666666667));
#797=CARTESIAN_POINT('',(0.00862040797811243,0.0790174550493618,-0.0422233333333333));
#798=CARTESIAN_POINT('',(0.00862040797811243,0.0790174550493618,-0.0426566666666667));
#799=CARTESIAN_POINT('',(0.00862040797811244,0.0790174550493618,-0.0428233333333333));
#800=CARTESIAN_POINT('',(0.00862040797811244,0.0790174550493618,-0.0431566666666667));
#801=CARTESIAN_POINT('',(0.00862040797811244,0.0790174550493618,-0.0433233333333333));
#802=CARTESIAN_POINT('',(0.00862040797811244,0.0790174550493618,-0.0437566666666667));
#803=CARTESIAN_POINT('',(0.00862040797811244,0.0790174550493618,-0.0440233333333333));
#804=CARTESIAN_POINT('',(0.00862040797811244,0.0790174550493618,-0.0447166666666667));
#805=CARTESIAN_POINT('',(0.00862040797811243,0.0790174550493618,-0.0451433333333333));
#806=CARTESIAN_POINT('',(0.00862040797811243,0.0790174550493618,-0.04601));
#807=CARTESIAN_POINT('',(0.00862040797811244,0.0790174550493618,-0.04645));
#808=CARTESIAN_POINT('',(0.00862040797811244,0.0790174550493618,-0.04689));
#809=CARTESIAN_POINT('',(0.0080311339536334,0.0792001872507326,-0.03909));
#810=CARTESIAN_POINT('',(0.0080311339536334,0.0792001872507326,-0.03953));
#811=CARTESIAN_POINT('',(0.0080311339536334,0.0792001872507326,-0.03997));
#812=CARTESIAN_POINT('',(0.0080311339536334,0.0792001872507326,-0.0408366666666667));
#813=CARTESIAN_POINT('',(0.0080311339536334,0.0792001872507326,-0.0412633333333333));
#814=CARTESIAN_POINT('',(0.0080311339536334,0.0792001872507326,-0.0419566666666667));
#815=CARTESIAN_POINT('',(0.0080311339536334,0.0792001872507326,-0.0422233333333333));
#816=CARTESIAN_POINT('',(0.0080311339536334,0.0792001872507326,-0.0426566666666667));
#817=CARTESIAN_POINT('',(0.0080311339536334,0.0792001872507326,-0.0428233333333333));
#818=CARTESIAN_POINT('',(0.0080311339536334,0.0792001872507326,-0.0431566666666667));
#819=CARTESIAN_POINT('',(0.0080311339536334,0.0792001872507326,-0.0433233333333333));
#820=CARTESIAN_POINT('',(0.0080311339536334,0.0792001872507326,-0.0437566666666667));
#821=CARTESIAN_POINT('',(0.0080311339536334,0.0792001872507326,-0.0440233333333333));
#822=CARTESIAN_POINT('',(0.0080311339536334,0.0792001872507326,-0.0447166666666667));
#823=CARTESIAN_POINT('',(0.0080311339536334,0.0792001872507326,-0.0451433333333333));
#824=CARTESIAN_POINT('',(0.0080311339536334,0.0792001872507326,-0.04601));
#825=CARTESIAN_POINT('',(0.0080311339536334,0.0792001872507326,-0.04645));
#826=CARTESIAN_POINT('',(0.0080311339536334,0.0792001872507326,-0.04689));
#827=CARTESIAN_POINT('',(0.0077223382971984,0.0792457381423241,-0.03909));
#828=CARTESIAN_POINT('',(0.0077223382971984,0.0792457381423241,-0.03953));
#829=CARTESIAN_POINT('',(0.0077223382971984,0.0792457381423241,-0.03997));
#830=CARTESIAN_POINT('',(0.0077223382971984,0.0792457381423241,-0.0408366666666667));
#831=CARTESIAN_POINT('',(0.0077223382971984,0.0792457381423241,-0.0412633333333333));
#832=CARTESIAN_POINT('',(0.0077223382971984,0.0792457381423241,-0.0419566666666667));
#833=CARTESIAN_POINT('',(0.0077223382971984,0.079245738142324,-0.0422233333333333));
#834=CARTESIAN_POINT('',(0.0077223382971984,0.079245738142324,-0.0426566666666667));
#835=CARTESIAN_POINT('',(0.0077223382971984,0.0792457381423241,-0.0428233333333333));
#836=CARTESIAN_POINT('',(0.0077223382971984,0.0792457381423241,-0.0431566666666667));
#837=CARTESIAN_POINT('',(0.0077223382971984,0.0792457381423241,-0.0433233333333333));
#838=CARTESIAN_POINT('',(0.0077223382971984,0.0792457381423241,-0.0437566666666667));
#839=CARTESIAN_POINT('',(0.0077223382971984,0.0792457381423241,-0.0440233333333333));
#840=CARTESIAN_POINT('',(0.0077223382971984,0.0792457381423241,-0.0447166666666667));
#841=CARTESIAN_POINT('',(0.0077223382971984,0.079245738142324,-0.0451433333333333));
#842=CARTESIAN_POINT('',(0.0077223382971984,0.079245738142324,-0.04601));
#843=CARTESIAN_POINT('',(0.0077223382971984,0.0792457381423241,-0.04645));
#844=CARTESIAN_POINT('',(0.0077223382971984,0.0792457381423241,-0.04689));
#845=CARTESIAN_POINT('',(0.00741386954992645,0.0792433370400031,-0.03909));
#846=CARTESIAN_POINT('',(0.00741386954992645,0.0792433370400031,-0.03953));
#847=CARTESIAN_POINT('',(0.00741386954992645,0.0792433370400031,-0.03997));
#848=CARTESIAN_POINT('',(0.00741386954992645,0.0792433370400031,-0.0408366666666667));
#849=CARTESIAN_POINT('',(0.00741386954992645,0.0792433370400031,-0.0412633333333333));
#850=CARTESIAN_POINT('',(0.00741386954992645,0.0792433370400031,-0.0419566666666667));
#851=CARTESIAN_POINT('',(0.00741386954992644,0.0792433370400031,-0.0422233333333333));
#852=CARTESIAN_POINT('',(0.00741386954992644,0.0792433370400031,-0.0426566666666667));
#853=CARTESIAN_POINT('',(0.00741386954992645,0.0792433370400031,-0.0428233333333333));
#854=CARTESIAN_POINT('',(0.00741386954992645,0.0792433370400031,-0.0431566666666667));
#855=CARTESIAN_POINT('',(0.00741386954992645,0.0792433370400031,-0.0433233333333333));
#856=CARTESIAN_POINT('',(0.00741386954992645,0.0792433370400031,-0.0437566666666667));
#857=CARTESIAN_POINT('',(0.00741386954992645,0.0792433370400031,-0.0440233333333333));
#858=CARTESIAN_POINT('',(0.00741386954992645,0.0792433370400031,-0.0447166666666667));
#859=CARTESIAN_POINT('',(0.00741386954992644,0.0792433370400031,-0.0451433333333333));
#860=CARTESIAN_POINT('',(0.00741386954992644,0.0792433370400031,-0.04601));
#861=CARTESIAN_POINT('',(0.00741386954992645,0.0792433370400031,-0.04645));
#862=CARTESIAN_POINT('',(0.00741386954992645,0.0792433370400031,-0.04689));
#863=EDGE_LOOP('',(#4079,#4080,#4081,#4082));
#864=AXIS2_PLACEMENT_3D('',#4083,#4084,#4085);
#865=EDGE_LOOP('',(#4086,#4087,#4088,#4089));
#866=CARTESIAN_POINT('',(0.057624308622255,0.0460939711212765,-0.0481954682788743));
#867=CARTESIAN_POINT('',(0.057624308622255,0.0460939711212765,-0.0475547566303607));
#868=CARTESIAN_POINT('',(0.057624308622255,0.0460939711212765,-0.046914044981847));
#869=CARTESIAN_POINT('',(0.057624308622255,0.0460939711212765,-0.0455998290598291));
#870=CARTESIAN_POINT('',(0.057624308622255,0.0460939711212765,-0.0449263247863248));
#871=CARTESIAN_POINT('',(0.057624308622255,0.0460939711212765,-0.0438318803418803));
#872=CARTESIAN_POINT('',(0.057624308622255,0.0460939711212765,-0.0434109401709402));
#873=CARTESIAN_POINT('',(0.057624308622255,0.0460939711212765,-0.0425690598290598));
#874=CARTESIAN_POINT('',(0.057624308622255,0.0460939711212765,-0.0421481196581197));
#875=CARTESIAN_POINT('',(0.057624308622255,0.0460939711212765,-0.0410536752136752));
#876=CARTESIAN_POINT('',(0.057624308622255,0.0460939711212765,-0.0403801709401709));
#877=CARTESIAN_POINT('',(0.057624308622255,0.0460939711212765,-0.039065955018153));
#878=CARTESIAN_POINT('',(0.057624308622255,0.0460939711212765,-0.0384252433696393));
#879=CARTESIAN_POINT('',(0.057624308622255,0.0460939711212765,-0.0377845317211257));
#880=CARTESIAN_POINT('',(0.0579083836709263,0.0460979980080035,-0.0481954682788743));
#881=CARTESIAN_POINT('',(0.0579083836709263,0.0460979980080035,-0.0475547566303607));
#882=CARTESIAN_POINT('',(0.0579083836709263,0.0460979980080035,-0.046914044981847));
#883=CARTESIAN_POINT('',(0.0579083836709263,0.0460979980080035,-0.0455998290598291));
#884=CARTESIAN_POINT('',(0.0579083836709263,0.0460979980080035,-0.0449263247863248));
#885=CARTESIAN_POINT('',(0.0579083836709263,0.0460979980080035,-0.0438318803418803));
#886=CARTESIAN_POINT('',(0.0579083836709263,0.0460979980080035,-0.0434109401709402));
#887=CARTESIAN_POINT('',(0.0579083836709263,0.0460979980080035,-0.0425690598290598));
#888=CARTESIAN_POINT('',(0.0579083836709263,0.0460979980080035,-0.0421481196581197));
#889=CARTESIAN_POINT('',(0.0579083836709263,0.0460979980080035,-0.0410536752136752));
#890=CARTESIAN_POINT('',(0.0579083836709263,0.0460979980080035,-0.0403801709401709));
#891=CARTESIAN_POINT('',(0.0579083836709263,0.0460979980080035,-0.039065955018153));
#892=CARTESIAN_POINT('',(0.0579083836709263,0.0460979980080035,-0.0384252433696393));
#893=CARTESIAN_POINT('',(0.0579083836709263,0.0460979980080035,-0.0377845317211257));
#894=CARTESIAN_POINT('',(0.0581930038357641,0.046061401847981,-0.0481954682788743));
#895=CARTESIAN_POINT('',(0.0581930038357641,0.046061401847981,-0.0475547566303607));
#896=CARTESIAN_POINT('',(0.0581930038357641,0.046061401847981,-0.046914044981847));
#897=CARTESIAN_POINT('',(0.0581930038357641,0.046061401847981,-0.0455998290598291));
#898=CARTESIAN_POINT('',(0.0581930038357641,0.046061401847981,-0.0449263247863248));
#899=CARTESIAN_POINT('',(0.0581930038357641,0.046061401847981,-0.0438318803418803));
#900=CARTESIAN_POINT('',(0.0581930038357641,0.046061401847981,-0.0434109401709402));
#901=CARTESIAN_POINT('',(0.0581930038357641,0.046061401847981,-0.0425690598290598));
#902=CARTESIAN_POINT('',(0.0581930038357641,0.046061401847981,-0.0421481196581197));
#903=CARTESIAN_POINT('',(0.0581930038357641,0.046061401847981,-0.0410536752136752));
#904=CARTESIAN_POINT('',(0.0581930038357641,0.046061401847981,-0.0403801709401709));
#905=CARTESIAN_POINT('',(0.0581930038357641,0.046061401847981,-0.039065955018153));
#906=CARTESIAN_POINT('',(0.0581930038357641,0.046061401847981,-0.0384252433696393));
#907=CARTESIAN_POINT('',(0.0581930038357641,0.046061401847981,-0.0377845317211257));
#908=CARTESIAN_POINT('',(0.0587406361197116,0.0459098819550439,-0.0481954682788743));
#909=CARTESIAN_POINT('',(0.0587406361197116,0.0459098819550439,-0.0475547566303607));
#910=CARTESIAN_POINT('',(0.0587406361197116,0.0459098819550439,-0.046914044981847));
#911=CARTESIAN_POINT('',(0.0587406361197116,0.0459098819550439,-0.0455998290598291));
#912=CARTESIAN_POINT('',(0.0587406361197116,0.0459098819550439,-0.0449263247863248));
#913=CARTESIAN_POINT('',(0.0587406361197116,0.0459098819550439,-0.0438318803418803));
#914=CARTESIAN_POINT('',(0.0587406361197116,0.0459098819550439,-0.0434109401709402));
#915=CARTESIAN_POINT('',(0.0587406361197116,0.0459098819550439,-0.0425690598290598));
#916=CARTESIAN_POINT('',(0.0587406361197116,0.0459098819550439,-0.0421481196581197));
#917=CARTESIAN_POINT('',(0.0587406361197116,0.0459098819550439,-0.0410536752136752));
#918=CARTESIAN_POINT('',(0.0587406361197116,0.0459098819550439,-0.0403801709401709));
#919=CARTESIAN_POINT('',(0.0587406361197116,0.0459098819550439,-0.039065955018153));
#920=CARTESIAN_POINT('',(0.0587406361197116,0.0459098819550439,-0.0384252433696393));
#921=CARTESIAN_POINT('',(0.0587406361197116,0.0459098819550439,-0.0377845317211257));
#922=CARTESIAN_POINT('',(0.0590035890042799,0.0457949746112495,-0.0481954682788743));
#923=CARTESIAN_POINT('',(0.0590035890042799,0.0457949746112495,-0.0475547566303607));
#924=CARTESIAN_POINT('',(0.0590035890042799,0.0457949746112495,-0.046914044981847));
#925=CARTESIAN_POINT('',(0.0590035890042799,0.0457949746112495,-0.0455998290598291));
#926=CARTESIAN_POINT('',(0.0590035890042799,0.0457949746112495,-0.0449263247863248));
#927=CARTESIAN_POINT('',(0.0590035890042799,0.0457949746112495,-0.0438318803418803));
#928=CARTESIAN_POINT('',(0.0590035890042799,0.0457949746112495,-0.0434109401709402));
#929=CARTESIAN_POINT('',(0.0590035890042799,0.0457949746112495,-0.0425690598290598));
#930=CARTESIAN_POINT('',(0.0590035890042799,0.0457949746112495,-0.0421481196581197));
#931=CARTESIAN_POINT('',(0.0590035890042799,0.0457949746112495,-0.0410536752136752));
#932=CARTESIAN_POINT('',(0.0590035890042799,0.0457949746112495,-0.0403801709401709));
#933=CARTESIAN_POINT('',(0.0590035890042799,0.0457949746112495,-0.039065955018153));
#934=CARTESIAN_POINT('',(0.0590035890042799,0.0457949746112495,-0.0384252433696393));
#935=CARTESIAN_POINT('',(0.0590035890042799,0.0457949746112495,-0.0377845317211257));
#936=CARTESIAN_POINT('',(0.0594867979324368,0.0454960289169726,-0.0481954682788743));
#937=CARTESIAN_POINT('',(0.0594867979324368,0.0454960289169726,-0.0475547566303607));
#938=CARTESIAN_POINT('',(0.0594867979324368,0.0454960289169726,-0.046914044981847));
#939=CARTESIAN_POINT('',(0.0594867979324368,0.0454960289169726,-0.0455998290598291));
#940=CARTESIAN_POINT('',(0.0594867979324368,0.0454960289169725,-0.0449263247863248));
#941=CARTESIAN_POINT('',(0.0594867979324368,0.0454960289169725,-0.0438318803418803));
#942=CARTESIAN_POINT('',(0.0594867979324368,0.0454960289169726,-0.0434109401709402));
#943=CARTESIAN_POINT('',(0.0594867979324368,0.0454960289169726,-0.0425690598290598));
#944=CARTESIAN_POINT('',(0.0594867979324368,0.0454960289169726,-0.0421481196581197));
#945=CARTESIAN_POINT('',(0.0594867979324368,0.0454960289169726,-0.0410536752136752));
#946=CARTESIAN_POINT('',(0.0594867979324368,0.0454960289169726,-0.0403801709401709));
#947=CARTESIAN_POINT('',(0.0594867979324368,0.0454960289169726,-0.039065955018153));
#948=CARTESIAN_POINT('',(0.0594867979324368,0.0454960289169726,-0.0384252433696393));
#949=CARTESIAN_POINT('',(0.0594867979324368,0.0454960289169726,-0.0377845317211257));
#950=CARTESIAN_POINT('',(0.0597070017098239,0.0453120229018939,-0.0481954682788743));
#951=CARTESIAN_POINT('',(0.0597070017098239,0.0453120229018939,-0.0475547566303607));
#952=CARTESIAN_POINT('',(0.0597070017098239,0.0453120229018939,-0.046914044981847));
#953=CARTESIAN_POINT('',(0.0597070017098239,0.0453120229018939,-0.0455998290598291));
#954=CARTESIAN_POINT('',(0.0597070017098239,0.0453120229018939,-0.0449263247863248));
#955=CARTESIAN_POINT('',(0.0597070017098239,0.0453120229018939,-0.0438318803418803));
#956=CARTESIAN_POINT('',(0.0597070017098239,0.0453120229018939,-0.0434109401709402));
#957=CARTESIAN_POINT('',(0.0597070017098239,0.0453120229018939,-0.0425690598290598));
#958=CARTESIAN_POINT('',(0.0597070017098239,0.0453120229018939,-0.0421481196581197));
#959=CARTESIAN_POINT('',(0.0597070017098239,0.0453120229018939,-0.0410536752136752));
#960=CARTESIAN_POINT('',(0.0597070017098239,0.0453120229018939,-0.0403801709401709));
#961=CARTESIAN_POINT('',(0.0597070017098239,0.0453120229018939,-0.039065955018153));
#962=CARTESIAN_POINT('',(0.0597070017098239,0.0453120229018939,-0.0384252433696393));
#963=CARTESIAN_POINT('',(0.0597070017098239,0.0453120229018939,-0.0377845317211257));
#964=CARTESIAN_POINT('',(0.0600870467792962,0.0448896188991347,-0.0481954682788743));
#965=CARTESIAN_POINT('',(0.0600870467792962,0.0448896188991347,-0.0475547566303607));
#966=CARTESIAN_POINT('',(0.0600870467792962,0.0448896188991347,-0.046914044981847));
#967=CARTESIAN_POINT('',(0.0600870467792962,0.0448896188991347,-0.0455998290598291));
#968=CARTESIAN_POINT('',(0.0600870467792962,0.0448896188991347,-0.0449263247863248));
#969=CARTESIAN_POINT('',(0.0600870467792962,0.0448896188991347,-0.0438318803418803));
#970=CARTESIAN_POINT('',(0.0600870467792962,0.0448896188991347,-0.0434109401709402));
#971=CARTESIAN_POINT('',(0.0600870467792962,0.0448896188991347,-0.0425690598290598));
#972=CARTESIAN_POINT('',(0.0600870467792962,0.0448896188991347,-0.0421481196581197));
#973=CARTESIAN_POINT('',(0.0600870467792962,0.0448896188991347,-0.0410536752136752));
#974=CARTESIAN_POINT('',(0.0600870467792962,0.0448896188991347,-0.0403801709401709));
#975=CARTESIAN_POINT('',(0.0600870467792962,0.0448896188991347,-0.039065955018153));
#976=CARTESIAN_POINT('',(0.0600870467792962,0.0448896188991347,-0.0384252433696393));
#977=CARTESIAN_POINT('',(0.0600870467792962,0.0448896188991347,-0.0377845317211257));
#978=CARTESIAN_POINT('',(0.060246846963879,0.0446512666007024,-0.0481954682788743));
#979=CARTESIAN_POINT('',(0.060246846963879,0.0446512666007024,-0.0475547566303607));
#980=CARTESIAN_POINT('',(0.060246846963879,0.0446512666007024,-0.046914044981847));
#981=CARTESIAN_POINT('',(0.060246846963879,0.0446512666007024,-0.0455998290598291));
#982=CARTESIAN_POINT('',(0.060246846963879,0.0446512666007024,-0.0449263247863248));
#983=CARTESIAN_POINT('',(0.060246846963879,0.0446512666007024,-0.0438318803418803));
#984=CARTESIAN_POINT('',(0.060246846963879,0.0446512666007024,-0.0434109401709402));
#985=CARTESIAN_POINT('',(0.060246846963879,0.0446512666007024,-0.0425690598290598));
#986=CARTESIAN_POINT('',(0.060246846963879,0.0446512666007024,-0.0421481196581197));
#987=CARTESIAN_POINT('',(0.060246846963879,0.0446512666007024,-0.0410536752136752));
#988=CARTESIAN_POINT('',(0.060246846963879,0.0446512666007024,-0.0403801709401709));
#989=CARTESIAN_POINT('',(0.060246846963879,0.0446512666007024,-0.039065955018153));
#990=CARTESIAN_POINT('',(0.060246846963879,0.0446512666007024,-0.0384252433696393));
#991=CARTESIAN_POINT('',(0.060246846963879,0.0446512666007024,-0.0377845317211257));
#992=CARTESIAN_POINT('',(0.0604932586691262,0.0441392698547221,-0.0481954682788743));
#993=CARTESIAN_POINT('',(0.0604932586691262,0.0441392698547221,-0.0475547566303607));
#994=CARTESIAN_POINT('',(0.0604932586691262,0.0441392698547221,-0.046914044981847));
#995=CARTESIAN_POINT('',(0.0604932586691262,0.0441392698547221,-0.0455998290598291));
#996=CARTESIAN_POINT('',(0.0604932586691262,0.0441392698547221,-0.0449263247863248));
#997=CARTESIAN_POINT('',(0.0604932586691262,0.0441392698547221,-0.0438318803418803));
#998=CARTESIAN_POINT('',(0.0604932586691262,0.0441392698547221,-0.0434109401709402));
#999=CARTESIAN_POINT('',(0.0604932586691262,0.0441392698547221,-0.0425690598290598));
#1000=CARTESIAN_POINT('',(0.0604932586691262,0.0441392698547221,-0.0421481196581197));
#1001=CARTESIAN_POINT('',(0.0604932586691262,0.0441392698547221,-0.0410536752136752));
#1002=CARTESIAN_POINT('',(0.0604932586691262,0.0441392698547221,-0.0403801709401709));
#1003=CARTESIAN_POINT('',(0.0604932586691262,0.0441392698547221,-0.039065955018153));
#1004=CARTESIAN_POINT('',(0.0604932586691262,0.0441392698547221,-0.0384252433696393));
#1005=CARTESIAN_POINT('',(0.0604932586691262,0.0441392698547221,-0.0377845317211257));
#1006=CARTESIAN_POINT('',(0.0605798435367155,0.0438656807872043,-0.0481954682788743));
#1007=CARTESIAN_POINT('',(0.0605798435367155,0.0438656807872043,-0.0475547566303607));
#1008=CARTESIAN_POINT('',(0.0605798435367155,0.0438656807872043,-0.046914044981847));
#1009=CARTESIAN_POINT('',(0.0605798435367155,0.0438656807872043,-0.0455998290598291));
#1010=CARTESIAN_POINT('',(0.0605798435367155,0.0438656807872043,-0.0449263247863248));
#1011=CARTESIAN_POINT('',(0.0605798435367155,0.0438656807872043,-0.0438318803418803));
#1012=CARTESIAN_POINT('',(0.0605798435367155,0.0438656807872043,-0.0434109401709402));
#1013=CARTESIAN_POINT('',(0.0605798435367155,0.0438656807872043,-0.0425690598290598));
#1014=CARTESIAN_POINT('',(0.0605798435367155,0.0438656807872043,-0.0421481196581197));
#1015=CARTESIAN_POINT('',(0.0605798435367155,0.0438656807872043,-0.0410536752136752));
#1016=CARTESIAN_POINT('',(0.0605798435367155,0.0438656807872043,-0.0403801709401709));
#1017=CARTESIAN_POINT('',(0.0605798435367155,0.0438656807872043,-0.039065955018153));
#1018=CARTESIAN_POINT('',(0.0605798435367155,0.0438656807872043,-0.0384252433696393));
#1019=CARTESIAN_POINT('',(0.0605798435367155,0.0438656807872043,-0.0377845317211257));
#1020=CARTESIAN_POINT('',(0.0606728662134193,0.0433051398181431,-0.0481954682788743));
#1021=CARTESIAN_POINT('',(0.0606728662134193,0.0433051398181431,-0.0475547566303607));
#1022=CARTESIAN_POINT('',(0.0606728662134193,0.0433051398181431,-0.046914044981847));
#1023=CARTESIAN_POINT('',(0.0606728662134193,0.0433051398181431,-0.0455998290598291));
#1024=CARTESIAN_POINT('',(0.0606728662134193,0.0433051398181431,-0.0449263247863248));
#1025=CARTESIAN_POINT('',(0.0606728662134193,0.0433051398181431,-0.0438318803418803));
#1026=CARTESIAN_POINT('',(0.0606728662134193,0.0433051398181431,-0.0434109401709402));
#1027=CARTESIAN_POINT('',(0.0606728662134193,0.0433051398181431,-0.0425690598290598));
#1028=CARTESIAN_POINT('',(0.0606728662134193,0.0433051398181431,-0.0421481196581197));
#1029=CARTESIAN_POINT('',(0.0606728662134193,0.0433051398181431,-0.0410536752136752));
#1030=CARTESIAN_POINT('',(0.0606728662134193,0.0433051398181431,-0.0403801709401709));
#1031=CARTESIAN_POINT('',(0.0606728662134193,0.0433051398181431,-0.039065955018153));
#1032=CARTESIAN_POINT('',(0.0606728662134193,0.0433051398181431,-0.0384252433696393));
#1033=CARTESIAN_POINT('',(0.0606728662134193,0.0433051398181431,-0.0377845317211257));
#1034=CARTESIAN_POINT('',(0.0606792939607537,0.0430182485474065,-0.0481954682788743));
#1035=CARTESIAN_POINT('',(0.0606792939607537,0.0430182485474065,-0.0475547566303607));
#1036=CARTESIAN_POINT('',(0.0606792939607537,0.0430182485474065,-0.046914044981847));
#1037=CARTESIAN_POINT('',(0.0606792939607537,0.0430182485474065,-0.0455998290598291));
#1038=CARTESIAN_POINT('',(0.0606792939607537,0.0430182485474065,-0.0449263247863248));
#1039=CARTESIAN_POINT('',(0.0606792939607537,0.0430182485474065,-0.0438318803418803));
#1040=CARTESIAN_POINT('',(0.0606792939607537,0.0430182485474065,-0.0434109401709402));
#1041=CARTESIAN_POINT('',(0.0606792939607537,0.0430182485474065,-0.0425690598290598));
#1042=CARTESIAN_POINT('',(0.0606792939607537,0.0430182485474065,-0.0421481196581197));
#1043=CARTESIAN_POINT('',(0.0606792939607537,0.0430182485474065,-0.0410536752136752));
#1044=CARTESIAN_POINT('',(0.0606792939607537,0.0430182485474065,-0.0403801709401709));
#1045=CARTESIAN_POINT('',(0.0606792939607537,0.0430182485474065,-0.039065955018153));
#1046=CARTESIAN_POINT('',(0.0606792939607537,0.0430182485474065,-0.0384252433696393));
#1047=CARTESIAN_POINT('',(0.0606792939607537,0.0430182485474065,-0.0377845317211257));
#1048=CARTESIAN_POINT('',(0.0606453818126792,0.0427361761891236,-0.0481954682788743));
#1049=CARTESIAN_POINT('',(0.0606453818126792,0.0427361761891236,-0.0475547566303607));
#1050=CARTESIAN_POINT('',(0.0606453818126792,0.0427361761891236,-0.046914044981847));
#1051=CARTESIAN_POINT('',(0.0606453818126792,0.0427361761891236,-0.0455998290598291));
#1052=CARTESIAN_POINT('',(0.0606453818126792,0.0427361761891236,-0.0449263247863248));
#1053=CARTESIAN_POINT('',(0.0606453818126792,0.0427361761891236,-0.0438318803418803));
#1054=CARTESIAN_POINT('',(0.0606453818126792,0.0427361761891236,-0.0434109401709402));
#1055=CARTESIAN_POINT('',(0.0606453818126792,0.0427361761891236,-0.0425690598290598));
#1056=CARTESIAN_POINT('',(0.0606453818126792,0.0427361761891236,-0.0421481196581197));
#1057=CARTESIAN_POINT('',(0.0606453818126792,0.0427361761891236,-0.0410536752136752));
#1058=CARTESIAN_POINT('',(0.0606453818126792,0.0427361761891236,-0.0403801709401709));
#1059=CARTESIAN_POINT('',(0.0606453818126792,0.0427361761891236,-0.039065955018153));
#1060=CARTESIAN_POINT('',(0.0606453818126792,0.0427361761891236,-0.0384252433696393));
#1061=CARTESIAN_POINT('',(0.0606453818126792,0.0427361761891236,-0.0377845317211257));
#1062=EDGE_LOOP('',(#4090,#4091,#4092,#4093));
#1063=B_SPLINE_CURVE_WITH_KNOTS('',3,(#4094,#4095,#4096,#4097,#4098,#4099,#4100),.UNSPECIFIED.,.F.,.F.,(4,3,4),(-1.0644779388868,0.0,1.0),.UNSPECIFIED.);
#1064=VECTOR('',#4101,1.0);
#1065=EDGE_LOOP('',(#4102,#4103,#4104,#4105));
#1066=CARTESIAN_POINT('',(0.0610355060309725,0.0589659024771745,-0.0477960764535522));
#1067=CARTESIAN_POINT('',(0.0610355060309725,0.0589659024771745,-0.0472884954134792));
#1068=CARTESIAN_POINT('',(0.0610355060309725,0.0589659024771745,-0.0467809143734063));
#1069=CARTESIAN_POINT('',(0.0610355060309725,0.0589659024771745,-0.0455998290598291));
#1070=CARTESIAN_POINT('',(0.0610355060309725,0.0589659024771745,-0.0449263247863248));
#1071=CARTESIAN_POINT('',(0.0610355060309725,0.0589659024771745,-0.0438318803418803));
#1072=CARTESIAN_POINT('',(0.0610355060309725,0.0589659024771745,-0.0434109401709402));
#1073=CARTESIAN_POINT('',(0.0610355060309725,0.0589659024771745,-0.0425690598290598));
#1074=CARTESIAN_POINT('',(0.0610355060309725,0.0589659024771745,-0.0421481196581197));
#1075=CARTESIAN_POINT('',(0.0610355060309725,0.0589659024771745,-0.0410536752136752));
#1076=CARTESIAN_POINT('',(0.0610355060309725,0.0589659024771745,-0.040380170940171));
#1077=CARTESIAN_POINT('',(0.0610355060309725,0.0589659024771745,-0.0391990856265938));
#1078=CARTESIAN_POINT('',(0.0610355060309725,0.0589659024771745,-0.0386915045865208));
#1079=CARTESIAN_POINT('',(0.0610355060309725,0.0589659024771745,-0.0381839235464479));
#1080=CARTESIAN_POINT('',(0.061232808230013,0.0586683499921961,-0.0477960764535522));
#1081=CARTESIAN_POINT('',(0.061232808230013,0.0586683499921961,-0.0472884954134792));
#1082=CARTESIAN_POINT('',(0.061232808230013,0.0586683499921961,-0.0467809143734063));
#1083=CARTESIAN_POINT('',(0.061232808230013,0.0586683499921961,-0.0455998290598291));
#1084=CARTESIAN_POINT('',(0.061232808230013,0.0586683499921961,-0.0449263247863248));
#1085=CARTESIAN_POINT('',(0.061232808230013,0.0586683499921961,-0.0438318803418803));
#1086=CARTESIAN_POINT('',(0.061232808230013,0.0586683499921961,-0.0434109401709402));
#1087=CARTESIAN_POINT('',(0.061232808230013,0.0586683499921961,-0.0425690598290598));
#1088=CARTESIAN_POINT('',(0.061232808230013,0.0586683499921961,-0.0421481196581197));
#1089=CARTESIAN_POINT('',(0.061232808230013,0.0586683499921961,-0.0410536752136752));
#1090=CARTESIAN_POINT('',(0.061232808230013,0.0586683499921961,-0.040380170940171));
#1091=CARTESIAN_POINT('',(0.061232808230013,0.0586683499921961,-0.0391990856265938));
#1092=CARTESIAN_POINT('',(0.061232808230013,0.0586683499921961,-0.0386915045865208));
#1093=CARTESIAN_POINT('',(0.061232808230013,0.0586683499921961,-0.0381839235464479));
#1094=CARTESIAN_POINT('',(0.061376383692099,0.0583352874838599,-0.0477960764535522));
#1095=CARTESIAN_POINT('',(0.061376383692099,0.0583352874838599,-0.0472884954134792));
#1096=CARTESIAN_POINT('',(0.061376383692099,0.0583352874838599,-0.0467809143734063));
#1097=CARTESIAN_POINT('',(0.061376383692099,0.0583352874838599,-0.0455998290598291));
#1098=CARTESIAN_POINT('',(0.061376383692099,0.0583352874838599,-0.0449263247863248));
#1099=CARTESIAN_POINT('',(0.061376383692099,0.0583352874838599,-0.0438318803418803));
#1100=CARTESIAN_POINT('',(0.061376383692099,0.0583352874838599,-0.0434109401709402));
#1101=CARTESIAN_POINT('',(0.061376383692099,0.0583352874838599,-0.0425690598290598));
#1102=CARTESIAN_POINT('',(0.061376383692099,0.0583352874838599,-0.0421481196581197));
#1103=CARTESIAN_POINT('',(0.061376383692099,0.0583352874838599,-0.0410536752136752));
#1104=CARTESIAN_POINT('',(0.061376383692099,0.0583352874838599,-0.040380170940171));
#1105=CARTESIAN_POINT('',(0.061376383692099,0.0583352874838599,-0.0391990856265938));
#1106=CARTESIAN_POINT('',(0.061376383692099,0.0583352874838599,-0.0386915045865208));
#1107=CARTESIAN_POINT('',(0.061376383692099,0.0583352874838599,-0.0381839235464479));
#1108=CARTESIAN_POINT('',(0.0615381235165868,0.0576398000393818,-0.0477960764535522));
#1109=CARTESIAN_POINT('',(0.0615381235165868,0.0576398000393818,-0.0472884954134792));
#1110=CARTESIAN_POINT('',(0.0615381235165868,0.0576398000393818,-0.0467809143734063));
#1111=CARTESIAN_POINT('',(0.0615381235165868,0.0576398000393818,-0.0455998290598291));
#1112=CARTESIAN_POINT('',(0.0615381235165868,0.0576398000393818,-0.0449263247863248));
#1113=CARTESIAN_POINT('',(0.0615381235165868,0.0576398000393818,-0.0438318803418803));
#1114=CARTESIAN_POINT('',(0.0615381235165868,0.0576398000393818,-0.0434109401709402));
#1115=CARTESIAN_POINT('',(0.0615381235165868,0.0576398000393818,-0.0425690598290598));
#1116=CARTESIAN_POINT('',(0.0615381235165868,0.0576398000393818,-0.0421481196581197));
#1117=CARTESIAN_POINT('',(0.0615381235165868,0.0576398000393818,-0.0410536752136752));
#1118=CARTESIAN_POINT('',(0.0615381235165868,0.0576398000393817,-0.040380170940171));
#1119=CARTESIAN_POINT('',(0.0615381235165868,0.0576398000393817,-0.0391990856265938));
#1120=CARTESIAN_POINT('',(0.0615381235165868,0.0576398000393818,-0.0386915045865208));
#1121=CARTESIAN_POINT('',(0.0615381235165868,0.0576398000393818,-0.0381839235464479));
#1122=CARTESIAN_POINT('',(0.0615562443463598,0.0572775622952126,-0.0477960764535522));
#1123=CARTESIAN_POINT('',(0.0615562443463598,0.0572775622952126,-0.0472884954134792));
#1124=CARTESIAN_POINT('',(0.0615562443463598,0.0572775622952126,-0.0467809143734063));
#1125=CARTESIAN_POINT('',(0.0615562443463598,0.0572775622952126,-0.0455998290598291));
#1126=CARTESIAN_POINT('',(0.0615562443463598,0.0572775622952126,-0.0449263247863248));
#1127=CARTESIAN_POINT('',(0.0615562443463598,0.0572775622952126,-0.0438318803418803));
#1128=CARTESIAN_POINT('',(0.0615562443463598,0.0572775622952126,-0.0434109401709402));
#1129=CARTESIAN_POINT('',(0.0615562443463598,0.0572775622952126,-0.0425690598290598));
#1130=CARTESIAN_POINT('',(0.0615562443463598,0.0572775622952126,-0.0421481196581197));
#1131=CARTESIAN_POINT('',(0.0615562443463598,0.0572775622952126,-0.0410536752136752));
#1132=CARTESIAN_POINT('',(0.0615562443463598,0.0572775622952126,-0.040380170940171));
#1133=CARTESIAN_POINT('',(0.0615562443463598,0.0572775622952126,-0.0391990856265938));
#1134=CARTESIAN_POINT('',(0.0615562443463598,0.0572775622952126,-0.0386915045865208));
#1135=CARTESIAN_POINT('',(0.0615562443463598,0.0572775622952126,-0.0381839235464479));
#1136=CARTESIAN_POINT('',(0.0614647213876642,0.056569405459276,-0.0477960764535522));
#1137=CARTESIAN_POINT('',(0.0614647213876642,0.0565694054592761,-0.0472884954134792));
#1138=CARTESIAN_POINT('',(0.0614647213876642,0.0565694054592761,-0.0467809143734063));
#1139=CARTESIAN_POINT('',(0.0614647213876642,0.0565694054592761,-0.0455998290598291));
#1140=CARTESIAN_POINT('',(0.0614647213876642,0.056569405459276,-0.0449263247863248));
#1141=CARTESIAN_POINT('',(0.0614647213876642,0.056569405459276,-0.0438318803418803));
#1142=CARTESIAN_POINT('',(0.0614647213876642,0.056569405459276,-0.0434109401709402));
#1143=CARTESIAN_POINT('',(0.0614647213876642,0.056569405459276,-0.0425690598290598));
#1144=CARTESIAN_POINT('',(0.0614647213876642,0.056569405459276,-0.0421481196581197));
#1145=CARTESIAN_POINT('',(0.0614647213876642,0.056569405459276,-0.0410536752136752));
#1146=CARTESIAN_POINT('',(0.0614647213876642,0.056569405459276,-0.040380170940171));
#1147=CARTESIAN_POINT('',(0.0614647213876642,0.056569405459276,-0.0391990856265938));
#1148=CARTESIAN_POINT('',(0.0614647213876642,0.056569405459276,-0.0386915045865208));
#1149=CARTESIAN_POINT('',(0.0614647213876642,0.056569405459276,-0.0381839235464479));
#1150=CARTESIAN_POINT('',(0.061355102232801,0.0562236769694759,-0.0477960764535522));
#1151=CARTESIAN_POINT('',(0.061355102232801,0.0562236769694759,-0.0472884954134792));
#1152=CARTESIAN_POINT('',(0.061355102232801,0.0562236769694759,-0.0467809143734063));
#1153=CARTESIAN_POINT('',(0.061355102232801,0.0562236769694759,-0.0455998290598291));
#1154=CARTESIAN_POINT('',(0.0613551022328009,0.0562236769694759,-0.0449263247863248));
#1155=CARTESIAN_POINT('',(0.0613551022328009,0.0562236769694759,-0.0438318803418803));
#1156=CARTESIAN_POINT('',(0.0613551022328009,0.0562236769694759,-0.0434109401709402));
#1157=CARTESIAN_POINT('',(0.0613551022328009,0.0562236769694759,-0.0425690598290598));
#1158=CARTESIAN_POINT('',(0.0613551022328009,0.0562236769694759,-0.0421481196581197));
#1159=CARTESIAN_POINT('',(0.0613551022328009,0.0562236769694759,-0.0410536752136752));
#1160=CARTESIAN_POINT('',(0.061355102232801,0.0562236769694759,-0.040380170940171));
#1161=CARTESIAN_POINT('',(0.061355102232801,0.0562236769694759,-0.0391990856265938));
#1162=CARTESIAN_POINT('',(0.0613551022328009,0.0562236769694759,-0.0386915045865208));
#1163=CARTESIAN_POINT('',(0.0613551022328009,0.0562236769694759,-0.0381839235464479));
#1164=CARTESIAN_POINT('',(0.0610218591304649,0.0555921616561244,-0.0477960764535522));
#1165=CARTESIAN_POINT('',(0.0610218591304649,0.0555921616561244,-0.0472884954134792));
#1166=CARTESIAN_POINT('',(0.0610218591304649,0.0555921616561244,-0.0467809143734063));
#1167=CARTESIAN_POINT('',(0.0610218591304649,0.0555921616561244,-0.0455998290598291));
#1168=CARTESIAN_POINT('',(0.0610218591304649,0.0555921616561244,-0.0449263247863248));
#1169=CARTESIAN_POINT('',(0.0610218591304649,0.0555921616561244,-0.0438318803418803));
#1170=CARTESIAN_POINT('',(0.0610218591304649,0.0555921616561244,-0.0434109401709402));
#1171=CARTESIAN_POINT('',(0.0610218591304649,0.0555921616561244,-0.0425690598290598));
#1172=CARTESIAN_POINT('',(0.0610218591304649,0.0555921616561244,-0.0421481196581197));
#1173=CARTESIAN_POINT('',(0.0610218591304649,0.0555921616561244,-0.0410536752136752));
#1174=CARTESIAN_POINT('',(0.0610218591304649,0.0555921616561244,-0.040380170940171));
#1175=CARTESIAN_POINT('',(0.0610218591304649,0.0555921616561244,-0.0391990856265938));
#1176=CARTESIAN_POINT('',(0.0610218591304649,0.0555921616561244,-0.0386915045865208));
#1177=CARTESIAN_POINT('',(0.0610218591304649,0.0555921616561244,-0.0381839235464479));
#1178=CARTESIAN_POINT('',(0.0607983248761047,0.0553065448063062,-0.0477960764535522));
#1179=CARTESIAN_POINT('',(0.0607983248761047,0.0553065448063062,-0.0472884954134792));
#1180=CARTESIAN_POINT('',(0.0607983248761047,0.0553065448063062,-0.0467809143734063));
#1181=CARTESIAN_POINT('',(0.0607983248761047,0.0553065448063062,-0.0455998290598291));
#1182=CARTESIAN_POINT('',(0.0607983248761047,0.0553065448063062,-0.0449263247863248));
#1183=CARTESIAN_POINT('',(0.0607983248761047,0.0553065448063062,-0.0438318803418803));
#1184=CARTESIAN_POINT('',(0.0607983248761047,0.0553065448063062,-0.0434109401709402));
#1185=CARTESIAN_POINT('',(0.0607983248761047,0.0553065448063062,-0.0425690598290598));
#1186=CARTESIAN_POINT('',(0.0607983248761047,0.0553065448063062,-0.0421481196581197));
#1187=CARTESIAN_POINT('',(0.0607983248761047,0.0553065448063062,-0.0410536752136752));
#1188=CARTESIAN_POINT('',(0.0607983248761047,0.0553065448063061,-0.040380170940171));
#1189=CARTESIAN_POINT('',(0.0607983248761047,0.0553065448063061,-0.0391990856265938));
#1190=CARTESIAN_POINT('',(0.0607983248761047,0.0553065448063061,-0.0386915045865208));
#1191=CARTESIAN_POINT('',(0.0607983248761047,0.0553065448063061,-0.0381839235464479));
#1192=CARTESIAN_POINT('',(0.0602653893908698,0.0548313160983881,-0.0477960764535522));
#1193=CARTESIAN_POINT('',(0.0602653893908698,0.0548313160983881,-0.0472884954134792));
#1194=CARTESIAN_POINT('',(0.0602653893908698,0.0548313160983881,-0.0467809143734063));
#1195=CARTESIAN_POINT('',(0.0602653893908698,0.0548313160983881,-0.0455998290598291));
#1196=CARTESIAN_POINT('',(0.0602653893908698,0.0548313160983881,-0.0449263247863248));
#1197=CARTESIAN_POINT('',(0.0602653893908698,0.0548313160983881,-0.0438318803418803));
#1198=CARTESIAN_POINT('',(0.0602653893908698,0.0548313160983881,-0.0434109401709402));
#1199=CARTESIAN_POINT('',(0.0602653893908698,0.0548313160983881,-0.0425690598290598));
#1200=CARTESIAN_POINT('',(0.0602653893908698,0.0548313160983881,-0.0421481196581197));
#1201=CARTESIAN_POINT('',(0.0602653893908698,0.0548313160983881,-0.0410536752136752));
#1202=CARTESIAN_POINT('',(0.0602653893908698,0.0548313160983881,-0.040380170940171));
#1203=CARTESIAN_POINT('',(0.0602653893908698,0.0548313160983881,-0.0391990856265938));
#1204=CARTESIAN_POINT('',(0.0602653893908698,0.0548313160983881,-0.0386915045865208));
#1205=CARTESIAN_POINT('',(0.0602653893908698,0.0548313160983881,-0.0381839235464479));
#1206=CARTESIAN_POINT('',(0.059956131600751,0.0546418321491384,-0.0477960764535522));
#1207=CARTESIAN_POINT('',(0.059956131600751,0.0546418321491384,-0.0472884954134792));
#1208=CARTESIAN_POINT('',(0.059956131600751,0.0546418321491384,-0.0467809143734063));
#1209=CARTESIAN_POINT('',(0.059956131600751,0.0546418321491384,-0.0455998290598291));
#1210=CARTESIAN_POINT('',(0.059956131600751,0.0546418321491384,-0.0449263247863248));
#1211=CARTESIAN_POINT('',(0.059956131600751,0.0546418321491384,-0.0438318803418803));
#1212=CARTESIAN_POINT('',(0.059956131600751,0.0546418321491384,-0.0434109401709402));
#1213=CARTESIAN_POINT('',(0.059956131600751,0.0546418321491384,-0.0425690598290598));
#1214=CARTESIAN_POINT('',(0.059956131600751,0.0546418321491384,-0.0421481196581197));
#1215=CARTESIAN_POINT('',(0.059956131600751,0.0546418321491384,-0.0410536752136752));
#1216=CARTESIAN_POINT('',(0.059956131600751,0.0546418321491384,-0.040380170940171));
#1217=CARTESIAN_POINT('',(0.059956131600751,0.0546418321491384,-0.0391990856265938));
#1218=CARTESIAN_POINT('',(0.059956131600751,0.0546418321491384,-0.0386915045865208));
#1219=CARTESIAN_POINT('',(0.059956131600751,0.0546418321491384,-0.0381839235464479));
#1220=CARTESIAN_POINT('',(0.0592907161817487,0.054382824665837,-0.0477960764535522));
#1221=CARTESIAN_POINT('',(0.0592907161817487,0.0543828246658371,-0.0472884954134792));
#1222=CARTESIAN_POINT('',(0.0592907161817487,0.0543828246658371,-0.0467809143734063));
#1223=CARTESIAN_POINT('',(0.0592907161817487,0.0543828246658371,-0.0455998290598291));
#1224=CARTESIAN_POINT('',(0.0592907161817487,0.0543828246658371,-0.0449263247863248));
#1225=CARTESIAN_POINT('',(0.0592907161817487,0.0543828246658371,-0.0438318803418803));
#1226=CARTESIAN_POINT('',(0.0592907161817487,0.0543828246658371,-0.0434109401709402));
#1227=CARTESIAN_POINT('',(0.0592907161817487,0.0543828246658371,-0.0425690598290598));
#1228=CARTESIAN_POINT('',(0.0592907161817487,0.0543828246658371,-0.0421481196581197));
#1229=CARTESIAN_POINT('',(0.0592907161817487,0.0543828246658371,-0.0410536752136752));
#1230=CARTESIAN_POINT('',(0.0592907161817487,0.0543828246658371,-0.040380170940171));
#1231=CARTESIAN_POINT('',(0.0592907161817487,0.0543828246658371,-0.0391990856265938));
#1232=CARTESIAN_POINT('',(0.0592907161817487,0.0543828246658371,-0.0386915045865208));
#1233=CARTESIAN_POINT('',(0.0592907161817487,0.0543828246658371,-0.0381839235464479));
#1234=CARTESIAN_POINT('',(0.0589347376508863,0.0543133708442182,-0.0477960764535522));
#1235=CARTESIAN_POINT('',(0.0589347376508863,0.0543133708442182,-0.0472884954134792));
#1236=CARTESIAN_POINT('',(0.0589347376508863,0.0543133708442182,-0.0467809143734063));
#1237=CARTESIAN_POINT('',(0.0589347376508863,0.0543133708442182,-0.0455998290598291));
#1238=CARTESIAN_POINT('',(0.0589347376508863,0.0543133708442182,-0.0449263247863248));
#1239=CARTESIAN_POINT('',(0.0589347376508863,0.0543133708442182,-0.0438318803418803));
#1240=CARTESIAN_POINT('',(0.0589347376508863,0.0543133708442182,-0.0434109401709402));
#1241=CARTESIAN_POINT('',(0.0589347376508863,0.0543133708442182,-0.0425690598290598));
#1242=CARTESIAN_POINT('',(0.0589347376508863,0.0543133708442182,-0.0421481196581197));
#1243=CARTESIAN_POINT('',(0.0589347376508863,0.0543133708442182,-0.0410536752136752));
#1244=CARTESIAN_POINT('',(0.0589347376508863,0.0543133708442182,-0.040380170940171));
#1245=CARTESIAN_POINT('',(0.0589347376508863,0.0543133708442182,-0.0391990856265938));
#1246=CARTESIAN_POINT('',(0.0589347376508863,0.0543133708442182,-0.0386915045865208));
#1247=CARTESIAN_POINT('',(0.0589347376508863,0.0543133708442182,-0.0381839235464479));
#1248=CARTESIAN_POINT('',(0.0585777502128794,0.054308310392825,-0.0477960764535522));
#1249=CARTESIAN_POINT('',(0.0585777502128794,0.054308310392825,-0.0472884954134792));
#1250=CARTESIAN_POINT('',(0.0585777502128795,0.054308310392825,-0.0467809143734063));
#1251=CARTESIAN_POINT('',(0.0585777502128795,0.054308310392825,-0.0455998290598291));
#1252=CARTESIAN_POINT('',(0.0585777502128794,0.054308310392825,-0.0449263247863248));
#1253=CARTESIAN_POINT('',(0.0585777502128794,0.054308310392825,-0.0438318803418803));
#1254=CARTESIAN_POINT('',(0.0585777502128794,0.054308310392825,-0.0434109401709402));
#1255=CARTESIAN_POINT('',(0.0585777502128794,0.054308310392825,-0.0425690598290598));
#1256=CARTESIAN_POINT('',(0.0585777502128794,0.054308310392825,-0.0421481196581197));
#1257=CARTESIAN_POINT('',(0.0585777502128794,0.054308310392825,-0.0410536752136752));
#1258=CARTESIAN_POINT('',(0.0585777502128795,0.054308310392825,-0.040380170940171));
#1259=CARTESIAN_POINT('',(0.0585777502128795,0.054308310392825,-0.0391990856265938));
#1260=CARTESIAN_POINT('',(0.0585777502128795,0.054308310392825,-0.0386915045865208));
#1261=CARTESIAN_POINT('',(0.0585777502128795,0.054308310392825,-0.0381839235464479));
#1262=EDGE_LOOP('',(#4106,#4107,#4108,#4109));
#1263=AXIS2_PLACEMENT_3D('',#4110,#4111,#4112);
#1264=EDGE_LOOP('',(#4113,#4114,#4115,#4116));
#1265=CARTESIAN_POINT('',(0.0544469289827517,-0.00776000153951257,-0.03909));
#1266=CARTESIAN_POINT('',(0.0544469289827517,-0.00776000153951257,-0.03953));
#1267=CARTESIAN_POINT('',(0.0544469289827517,-0.00776000153951257,-0.03997));
#1268=CARTESIAN_POINT('',(0.0544469289827517,-0.00776000153951257,-0.0408366666666667));
#1269=CARTESIAN_POINT('',(0.0544469289827517,-0.00776000153951257,-0.0412633333333333));
#1270=CARTESIAN_POINT('',(0.0544469289827517,-0.00776000153951257,-0.0419566666666667));
#1271=CARTESIAN_POINT('',(0.0544469289827517,-0.00776000153951257,-0.0422233333333333));
#1272=CARTESIAN_POINT('',(0.0544469289827517,-0.00776000153951257,-0.0426566666666667));
#1273=CARTESIAN_POINT('',(0.0544469289827517,-0.00776000153951257,-0.0428233333333333));
#1274=CARTESIAN_POINT('',(0.0544469289827517,-0.00776000153951257,-0.0431566666666667));
#1275=CARTESIAN_POINT('',(0.0544469289827517,-0.00776000153951257,-0.0433233333333333));
#1276=CARTESIAN_POINT('',(0.0544469289827517,-0.00776000153951257,-0.0437566666666667));
#1277=CARTESIAN_POINT('',(0.0544469289827517,-0.00776000153951257,-0.0440233333333333));
#1278=CARTESIAN_POINT('',(0.0544469289827517,-0.00776000153951257,-0.0447166666666667));
#1279=CARTESIAN_POINT('',(0.0544469289827517,-0.00776000153951257,-0.0451433333333333));
#1280=CARTESIAN_POINT('',(0.0544469289827517,-0.00776000153951257,-0.04601));
#1281=CARTESIAN_POINT('',(0.0544469289827517,-0.00776000153951257,-0.04645));
#1282=CARTESIAN_POINT('',(0.0544469289827517,-0.00776000153951257,-0.04689));
#1283=CARTESIAN_POINT('',(0.0544877118029372,-0.00814205545347535,-0.03909));
#1284=CARTESIAN_POINT('',(0.0544877118029372,-0.00814205545347535,-0.03953));
#1285=CARTESIAN_POINT('',(0.0544877118029372,-0.00814205545347535,-0.03997));
#1286=CARTESIAN_POINT('',(0.0544877118029372,-0.00814205545347535,-0.0408366666666667));
#1287=CARTESIAN_POINT('',(0.0544877118029372,-0.00814205545347535,-0.0412633333333333));
#1288=CARTESIAN_POINT('',(0.0544877118029372,-0.00814205545347535,-0.0419566666666667));
#1289=CARTESIAN_POINT('',(0.0544877118029372,-0.00814205545347535,-0.0422233333333333));
#1290=CARTESIAN_POINT('',(0.0544877118029372,-0.00814205545347535,-0.0426566666666667));
#1291=CARTESIAN_POINT('',(0.0544877118029372,-0.00814205545347535,-0.0428233333333333));
#1292=CARTESIAN_POINT('',(0.0544877118029372,-0.00814205545347535,-0.0431566666666667));
#1293=CARTESIAN_POINT('',(0.0544877118029372,-0.00814205545347535,-0.0433233333333333));
#1294=CARTESIAN_POINT('',(0.0544877118029372,-0.00814205545347535,-0.0437566666666667));
#1295=CARTESIAN_POINT('',(0.0544877118029372,-0.00814205545347535,-0.0440233333333333));
#1296=CARTESIAN_POINT('',(0.0544877118029372,-0.00814205545347535,-0.0447166666666667));
#1297=CARTESIAN_POINT('',(0.0544877118029372,-0.00814205545347535,-0.0451433333333333));
#1298=CARTESIAN_POINT('',(0.0544877118029372,-0.00814205545347535,-0.04601));
#1299=CARTESIAN_POINT('',(0.0544877118029372,-0.00814205545347535,-0.04645));
#1300=CARTESIAN_POINT('',(0.0544877118029372,-0.00814205545347535,-0.04689));
#1301=CARTESIAN_POINT('',(0.0546027668295293,-0.00851604171505508,-0.03909));
#1302=CARTESIAN_POINT('',(0.0546027668295293,-0.00851604171505508,-0.03953));
#1303=CARTESIAN_POINT('',(0.0546027668295293,-0.00851604171505508,-0.03997));
#1304=CARTESIAN_POINT('',(0.0546027668295293,-0.00851604171505508,-0.0408366666666667));
#1305=CARTESIAN_POINT('',(0.0546027668295293,-0.00851604171505508,-0.0412633333333333));
#1306=CARTESIAN_POINT('',(0.0546027668295293,-0.00851604171505508,-0.0419566666666667));
#1307=CARTESIAN_POINT('',(0.0546027668295293,-0.00851604171505508,-0.0422233333333333));
#1308=CARTESIAN_POINT('',(0.0546027668295293,-0.00851604171505508,-0.0426566666666667));
#1309=CARTESIAN_POINT('',(0.0546027668295293,-0.00851604171505508,-0.0428233333333333));
#1310=CARTESIAN_POINT('',(0.0546027668295293,-0.00851604171505508,-0.0431566666666667));
#1311=CARTESIAN_POINT('',(0.0546027668295293,-0.00851604171505508,-0.0433233333333333));
#1312=CARTESIAN_POINT('',(0.0546027668295293,-0.00851604171505508,-0.0437566666666667));
#1313=CARTESIAN_POINT('',(0.0546027668295293,-0.00851604171505508,-0.0440233333333333));
#1314=CARTESIAN_POINT('',(0.0546027668295293,-0.00851604171505508,-0.0447166666666667));
#1315=CARTESIAN_POINT('',(0.0546027668295293,-0.00851604171505508,-0.0451433333333333));
#1316=CARTESIAN_POINT('',(0.0546027668295293,-0.00851604171505508,-0.04601));
#1317=CARTESIAN_POINT('',(0.0546027668295293,-0.00851604171505508,-0.04645));
#1318=CARTESIAN_POINT('',(0.0546027668295293,-0.00851604171505508,-0.04689));
#1319=CARTESIAN_POINT('',(0.0549648038405409,-0.0091938639107997,-0.03909));
#1320=CARTESIAN_POINT('',(0.0549648038405409,-0.0091938639107997,-0.03953));
#1321=CARTESIAN_POINT('',(0.0549648038405409,-0.0091938639107997,-0.03997));
#1322=CARTESIAN_POINT('',(0.0549648038405409,-0.0091938639107997,-0.0408366666666667));
#1323=CARTESIAN_POINT('',(0.0549648038405409,-0.0091938639107997,-0.0412633333333333));
#1324=CARTESIAN_POINT('',(0.0549648038405409,-0.0091938639107997,-0.0419566666666667));
#1325=CARTESIAN_POINT('',(0.0549648038405409,-0.0091938639107997,-0.0422233333333333));
#1326=CARTESIAN_POINT('',(0.0549648038405409,-0.0091938639107997,-0.0426566666666667));
#1327=CARTESIAN_POINT('',(0.0549648038405409,-0.0091938639107997,-0.0428233333333333));
#1328=CARTESIAN_POINT('',(0.0549648038405409,-0.0091938639107997,-0.0431566666666667));
#1329=CARTESIAN_POINT('',(0.0549648038405409,-0.0091938639107997,-0.0433233333333333));
#1330=CARTESIAN_POINT('',(0.0549648038405409,-0.0091938639107997,-0.0437566666666667));
#1331=CARTESIAN_POINT('',(0.0549648038405409,-0.0091938639107997,-0.0440233333333333));
#1332=CARTESIAN_POINT('',(0.0549648038405409,-0.0091938639107997,-0.0447166666666667));
#1333=CARTESIAN_POINT('',(0.0549648038405409,-0.0091938639107997,-0.0451433333333333));
#1334=CARTESIAN_POINT('',(0.0549648038405409,-0.0091938639107997,-0.04601));
#1335=CARTESIAN_POINT('',(0.0549648038405409,-0.0091938639107997,-0.04645));
#1336=CARTESIAN_POINT('',(0.0549648038405409,-0.0091938639107997,-0.04689));
#1337=CARTESIAN_POINT('',(0.0552116552417528,-0.00949745536113089,-0.03909));
#1338=CARTESIAN_POINT('',(0.0552116552417528,-0.00949745536113089,-0.03953));
#1339=CARTESIAN_POINT('',(0.0552116552417528,-0.00949745536113089,-0.03997));
#1340=CARTESIAN_POINT('',(0.0552116552417528,-0.00949745536113089,-0.0408366666666667));
#1341=CARTESIAN_POINT('',(0.0552116552417528,-0.00949745536113089,-0.0412633333333333));
#1342=CARTESIAN_POINT('',(0.0552116552417528,-0.00949745536113089,-0.0419566666666667));
#1343=CARTESIAN_POINT('',(0.0552116552417528,-0.00949745536113089,-0.0422233333333333));
#1344=CARTESIAN_POINT('',(0.0552116552417528,-0.00949745536113089,-0.0426566666666667));
#1345=CARTESIAN_POINT('',(0.0552116552417528,-0.00949745536113089,-0.0428233333333333));
#1346=CARTESIAN_POINT('',(0.0552116552417528,-0.00949745536113089,-0.0431566666666667));
#1347=CARTESIAN_POINT('',(0.0552116552417528,-0.00949745536113089,-0.0433233333333333));
#1348=CARTESIAN_POINT('',(0.0552116552417528,-0.00949745536113089,-0.0437566666666667));
#1349=CARTESIAN_POINT('',(0.0552116552417528,-0.00949745536113089,-0.0440233333333333));
#1350=CARTESIAN_POINT('',(0.0552116552417528,-0.00949745536113089,-0.0447166666666667));
#1351=CARTESIAN_POINT('',(0.0552116552417528,-0.00949745536113089,-0.0451433333333333));
#1352=CARTESIAN_POINT('',(0.0552116552417528,-0.00949745536113089,-0.04601));
#1353=CARTESIAN_POINT('',(0.0552116552417528,-0.00949745536113089,-0.04645));
#1354=CARTESIAN_POINT('',(0.0552116552417528,-0.00949745536113089,-0.04689));
#1355=CARTESIAN_POINT('',(0.0558013709643552,-0.00999015110182867,-0.03909));
#1356=CARTESIAN_POINT('',(0.0558013709643552,-0.00999015110182867,-0.03953));
#1357=CARTESIAN_POINT('',(0.0558013709643552,-0.00999015110182867,-0.03997));
#1358=CARTESIAN_POINT('',(0.0558013709643552,-0.00999015110182867,-0.0408366666666667));
#1359=CARTESIAN_POINT('',(0.0558013709643552,-0.00999015110182867,-0.0412633333333333));
#1360=CARTESIAN_POINT('',(0.0558013709643552,-0.00999015110182867,-0.0419566666666667));
#1361=CARTESIAN_POINT('',(0.0558013709643552,-0.00999015110182867,-0.0422233333333333));
#1362=CARTESIAN_POINT('',(0.0558013709643552,-0.00999015110182867,-0.0426566666666667));
#1363=CARTESIAN_POINT('',(0.0558013709643552,-0.00999015110182867,-0.0428233333333333));
#1364=CARTESIAN_POINT('',(0.0558013709643552,-0.00999015110182867,-0.0431566666666667));
#1365=CARTESIAN_POINT('',(0.0558013709643552,-0.00999015110182867,-0.0433233333333333));
#1366=CARTESIAN_POINT('',(0.0558013709643552,-0.00999015110182867,-0.0437566666666667));
#1367=CARTESIAN_POINT('',(0.0558013709643552,-0.00999015110182867,-0.0440233333333333));
#1368=CARTESIAN_POINT('',(0.0558013709643552,-0.00999015110182867,-0.0447166666666667));
#1369=CARTESIAN_POINT('',(0.0558013709643552,-0.00999015110182867,-0.0451433333333333));
#1370=CARTESIAN_POINT('',(0.0558013709643552,-0.00999015110182867,-0.04601));
#1371=CARTESIAN_POINT('',(0.0558013709643552,-0.00999015110182867,-0.04645));
#1372=CARTESIAN_POINT('',(0.0558013709643552,-0.00999015110182867,-0.04689));
#1373=CARTESIAN_POINT('',(0.0561440225810548,-0.0101790776816625,-0.03909));
#1374=CARTESIAN_POINT('',(0.0561440225810548,-0.0101790776816625,-0.03953));
#1375=CARTESIAN_POINT('',(0.0561440225810548,-0.0101790776816625,-0.03997));
#1376=CARTESIAN_POINT('',(0.0561440225810548,-0.0101790776816625,-0.0408366666666667));
#1377=CARTESIAN_POINT('',(0.0561440225810548,-0.0101790776816625,-0.0412633333333333));
#1378=CARTESIAN_POINT('',(0.0561440225810548,-0.0101790776816625,-0.0419566666666667));
#1379=CARTESIAN_POINT('',(0.0561440225810548,-0.0101790776816625,-0.0422233333333333));
#1380=CARTESIAN_POINT('',(0.0561440225810548,-0.0101790776816625,-0.0426566666666667));
#1381=CARTESIAN_POINT('',(0.0561440225810548,-0.0101790776816625,-0.0428233333333333));
#1382=CARTESIAN_POINT('',(0.0561440225810548,-0.0101790776816625,-0.0431566666666667));
#1383=CARTESIAN_POINT('',(0.0561440225810548,-0.0101790776816625,-0.0433233333333333));
#1384=CARTESIAN_POINT('',(0.0561440225810548,-0.0101790776816625,-0.0437566666666667));
#1385=CARTESIAN_POINT('',(0.0561440225810548,-0.0101790776816625,-0.0440233333333333));
#1386=CARTESIAN_POINT('',(0.0561440225810548,-0.0101790776816625,-0.0447166666666667));
#1387=CARTESIAN_POINT('',(0.0561440225810548,-0.0101790776816625,-0.0451433333333333));
#1388=CARTESIAN_POINT('',(0.0561440225810548,-0.0101790776816625,-0.04601));
#1389=CARTESIAN_POINT('',(0.0561440225810548,-0.0101790776816625,-0.04645));
#1390=CARTESIAN_POINT('',(0.0561440225810548,-0.0101790776816625,-0.04689));
#1391=CARTESIAN_POINT('',(0.0568754239810203,-0.010414801499964,-0.03909));
#1392=CARTESIAN_POINT('',(0.0568754239810203,-0.010414801499964,-0.03953));
#1393=CARTESIAN_POINT('',(0.0568754239810203,-0.010414801499964,-0.03997));
#1394=CARTESIAN_POINT('',(0.0568754239810203,-0.010414801499964,-0.0408366666666667));
#1395=CARTESIAN_POINT('',(0.0568754239810203,-0.010414801499964,-0.0412633333333333));
#1396=CARTESIAN_POINT('',(0.0568754239810203,-0.010414801499964,-0.0419566666666667));
#1397=CARTESIAN_POINT('',(0.0568754239810203,-0.010414801499964,-0.0422233333333333));
#1398=CARTESIAN_POINT('',(0.0568754239810203,-0.010414801499964,-0.0426566666666667));
#1399=CARTESIAN_POINT('',(0.0568754239810203,-0.010414801499964,-0.0428233333333333));
#1400=CARTESIAN_POINT('',(0.0568754239810203,-0.010414801499964,-0.0431566666666667));
#1401=CARTESIAN_POINT('',(0.0568754239810203,-0.010414801499964,-0.0433233333333333));
#1402=CARTESIAN_POINT('',(0.0568754239810203,-0.010414801499964,-0.0437566666666667));
#1403=CARTESIAN_POINT('',(0.0568754239810203,-0.010414801499964,-0.0440233333333333));
#1404=CARTESIAN_POINT('',(0.0568754239810203,-0.010414801499964,-0.0447166666666667));
#1405=CARTESIAN_POINT('',(0.0568754239810203,-0.010414801499964,-0.0451433333333333));
#1406=CARTESIAN_POINT('',(0.0568754239810203,-0.010414801499964,-0.04601));
#1407=CARTESIAN_POINT('',(0.0568754239810203,-0.010414801499964,-0.04645));
#1408=CARTESIAN_POINT('',(0.0568754239810203,-0.010414801499964,-0.04689));
#1409=CARTESIAN_POINT('',(0.057263909954958,-0.0104615137151569,-0.03909));
#1410=CARTESIAN_POINT('',(0.057263909954958,-0.0104615137151569,-0.03953));
#1411=CARTESIAN_POINT('',(0.057263909954958,-0.0104615137151569,-0.03997));
#1412=CARTESIAN_POINT('',(0.057263909954958,-0.0104615137151569,-0.0408366666666667));
#1413=CARTESIAN_POINT('',(0.057263909954958,-0.0104615137151569,-0.0412633333333333));
#1414=CARTESIAN_POINT('',(0.057263909954958,-0.0104615137151569,-0.0419566666666667));
#1415=CARTESIAN_POINT('',(0.057263909954958,-0.0104615137151569,-0.0422233333333333));
#1416=CARTESIAN_POINT('',(0.057263909954958,-0.0104615137151569,-0.0426566666666667));
#1417=CARTESIAN_POINT('',(0.057263909954958,-0.0104615137151569,-0.0428233333333333));
#1418=CARTESIAN_POINT('',(0.057263909954958,-0.0104615137151569,-0.0431566666666667));
#1419=CARTESIAN_POINT('',(0.057263909954958,-0.0104615137151569,-0.0433233333333333));
#1420=CARTESIAN_POINT('',(0.057263909954958,-0.0104615137151569,-0.0437566666666667));
#1421=CARTESIAN_POINT('',(0.057263909954958,-0.0104615137151569,-0.0440233333333333));
#1422=CARTESIAN_POINT('',(0.057263909954958,-0.0104615137151569,-0.0447166666666667));
#1423=CARTESIAN_POINT('',(0.057263909954958,-0.0104615137151569,-0.0451433333333333));
#1424=CARTESIAN_POINT('',(0.057263909954958,-0.0104615137151569,-0.04601));
#1425=CARTESIAN_POINT('',(0.057263909954958,-0.0104615137151569,-0.04645));
#1426=CARTESIAN_POINT('',(0.057263909954958,-0.0104615137151569,-0.04689));
#1427=CARTESIAN_POINT('',(0.0580303432273925,-0.0104058920890438,-0.03909));
#1428=CARTESIAN_POINT('',(0.0580303432273925,-0.0104058920890438,-0.03953));
#1429=CARTESIAN_POINT('',(0.0580303432273925,-0.0104058920890438,-0.03997));
#1430=CARTESIAN_POINT('',(0.0580303432273925,-0.0104058920890438,-0.0408366666666667));
#1431=CARTESIAN_POINT('',(0.0580303432273925,-0.0104058920890438,-0.0412633333333333));
#1432=CARTESIAN_POINT('',(0.0580303432273925,-0.0104058920890438,-0.0419566666666667));
#1433=CARTESIAN_POINT('',(0.0580303432273925,-0.0104058920890438,-0.0422233333333333));
#1434=CARTESIAN_POINT('',(0.0580303432273925,-0.0104058920890438,-0.0426566666666667));
#1435=CARTESIAN_POINT('',(0.0580303432273925,-0.0104058920890438,-0.0428233333333333));
#1436=CARTESIAN_POINT('',(0.0580303432273925,-0.0104058920890438,-0.0431566666666667));
#1437=CARTESIAN_POINT('',(0.0580303432273925,-0.0104058920890438,-0.0433233333333333));
#1438=CARTESIAN_POINT('',(0.0580303432273925,-0.0104058920890438,-0.0437566666666667));
#1439=CARTESIAN_POINT('',(0.0580303432273925,-0.0104058920890438,-0.0440233333333333));
#1440=CARTESIAN_POINT('',(0.0580303432273925,-0.0104058920890438,-0.0447166666666667));
#1441=CARTESIAN_POINT('',(0.0580303432273925,-0.0104058920890438,-0.0451433333333333));
#1442=CARTESIAN_POINT('',(0.0580303432273925,-0.0104058920890438,-0.04601));
#1443=CARTESIAN_POINT('',(0.0580303432273925,-0.0104058920890438,-0.04645));
#1444=CARTESIAN_POINT('',(0.0580303432273925,-0.0104058920890438,-0.04689));
#1445=CARTESIAN_POINT('',(0.0584080140809074,-0.0103035783099139,-0.03909));
#1446=CARTESIAN_POINT('',(0.0584080140809074,-0.0103035783099139,-0.03953));
#1447=CARTESIAN_POINT('',(0.0584080140809074,-0.0103035783099139,-0.03997));
#1448=CARTESIAN_POINT('',(0.0584080140809074,-0.0103035783099139,-0.0408366666666667));
#1449=CARTESIAN_POINT('',(0.0584080140809074,-0.0103035783099139,-0.0412633333333333));
#1450=CARTESIAN_POINT('',(0.0584080140809074,-0.0103035783099139,-0.0419566666666667));
#1451=CARTESIAN_POINT('',(0.0584080140809074,-0.0103035783099139,-0.0422233333333333));
#1452=CARTESIAN_POINT('',(0.0584080140809074,-0.0103035783099139,-0.0426566666666667));
#1453=CARTESIAN_POINT('',(0.0584080140809074,-0.0103035783099139,-0.0428233333333333));
#1454=CARTESIAN_POINT('',(0.0584080140809074,-0.0103035783099139,-0.0431566666666667));
#1455=CARTESIAN_POINT('',(0.0584080140809074,-0.0103035783099139,-0.0433233333333333));
#1456=CARTESIAN_POINT('',(0.0584080140809074,-0.0103035783099139,-0.0437566666666667));
#1457=CARTESIAN_POINT('',(0.0584080140809074,-0.0103035783099139,-0.0440233333333333));
#1458=CARTESIAN_POINT('',(0.0584080140809074,-0.0103035783099139,-0.0447166666666667));
#1459=CARTESIAN_POINT('',(0.0584080140809074,-0.0103035783099139,-0.0451433333333333));
#1460=CARTESIAN_POINT('',(0.0584080140809074,-0.0103035783099139,-0.04601));
#1461=CARTESIAN_POINT('',(0.0584080140809074,-0.0103035783099139,-0.04645));
#1462=CARTESIAN_POINT('',(0.0584080140809074,-0.0103035783099139,-0.04689));
#1463=CARTESIAN_POINT('',(0.0590977170324293,-0.0099647220497559,-0.03909));
#1464=CARTESIAN_POINT('',(0.0590977170324293,-0.0099647220497559,-0.03953));
#1465=CARTESIAN_POINT('',(0.0590977170324293,-0.0099647220497559,-0.03997));
#1466=CARTESIAN_POINT('',(0.0590977170324293,-0.0099647220497559,-0.0408366666666667));
#1467=CARTESIAN_POINT('',(0.0590977170324293,-0.0099647220497559,-0.0412633333333333));
#1468=CARTESIAN_POINT('',(0.0590977170324293,-0.0099647220497559,-0.0419566666666667));
#1469=CARTESIAN_POINT('',(0.0590977170324293,-0.0099647220497559,-0.0422233333333333));
#1470=CARTESIAN_POINT('',(0.0590977170324293,-0.0099647220497559,-0.0426566666666667));
#1471=CARTESIAN_POINT('',(0.0590977170324293,-0.0099647220497559,-0.0428233333333333));
#1472=CARTESIAN_POINT('',(0.0590977170324293,-0.0099647220497559,-0.0431566666666667));
#1473=CARTESIAN_POINT('',(0.0590977170324293,-0.0099647220497559,-0.0433233333333333));
#1474=CARTESIAN_POINT('',(0.0590977170324293,-0.0099647220497559,-0.0437566666666667));
#1475=CARTESIAN_POINT('',(0.0590977170324293,-0.0099647220497559,-0.0440233333333333));
#1476=CARTESIAN_POINT('',(0.0590977170324293,-0.0099647220497559,-0.0447166666666667));
#1477=CARTESIAN_POINT('',(0.0590977170324293,-0.0099647220497559,-0.0451433333333333));
#1478=CARTESIAN_POINT('',(0.0590977170324293,-0.0099647220497559,-0.04601));
#1479=CARTESIAN_POINT('',(0.0590977170324293,-0.0099647220497559,-0.04645));
#1480=CARTESIAN_POINT('',(0.0590977170324293,-0.0099647220497559,-0.04689));
#1481=CARTESIAN_POINT('',(0.0594095003613301,-0.00972830179086511,-0.03909));
#1482=CARTESIAN_POINT('',(0.0594095003613301,-0.00972830179086511,-0.03953));
#1483=CARTESIAN_POINT('',(0.0594095003613302,-0.0097283017908651,-0.03997));
#1484=CARTESIAN_POINT('',(0.0594095003613302,-0.0097283017908651,-0.0408366666666667));
#1485=CARTESIAN_POINT('',(0.0594095003613302,-0.0097283017908651,-0.0412633333333333));
#1486=CARTESIAN_POINT('',(0.0594095003613302,-0.0097283017908651,-0.0419566666666667));
#1487=CARTESIAN_POINT('',(0.0594095003613302,-0.0097283017908651,-0.0422233333333333));
#1488=CARTESIAN_POINT('',(0.0594095003613302,-0.0097283017908651,-0.0426566666666667));
#1489=CARTESIAN_POINT('',(0.0594095003613302,-0.0097283017908651,-0.0428233333333333));
#1490=CARTESIAN_POINT('',(0.0594095003613302,-0.0097283017908651,-0.0431566666666667));
#1491=CARTESIAN_POINT('',(0.0594095003613302,-0.0097283017908651,-0.0433233333333333));
#1492=CARTESIAN_POINT('',(0.0594095003613302,-0.0097283017908651,-0.0437566666666667));
#1493=CARTESIAN_POINT('',(0.0594095003613302,-0.0097283017908651,-0.0440233333333333));
#1494=CARTESIAN_POINT('',(0.0594095003613302,-0.0097283017908651,-0.0447166666666667));
#1495=CARTESIAN_POINT('',(0.0594095003613302,-0.0097283017908651,-0.0451433333333333));
#1496=CARTESIAN_POINT('',(0.0594095003613302,-0.0097283017908651,-0.04601));
#1497=CARTESIAN_POINT('',(0.0594095003613301,-0.00972830179086511,-0.04645));
#1498=CARTESIAN_POINT('',(0.0594095003613301,-0.00972830179086511,-0.04689));
#1499=CARTESIAN_POINT('',(0.0596657000323721,-0.00944196255123043,-0.03909));
#1500=CARTESIAN_POINT('',(0.0596657000323721,-0.00944196255123043,-0.03953));
#1501=CARTESIAN_POINT('',(0.0596657000323721,-0.00944196255123042,-0.03997));
#1502=CARTESIAN_POINT('',(0.0596657000323721,-0.00944196255123042,-0.0408366666666667));
#1503=CARTESIAN_POINT('',(0.0596657000323721,-0.00944196255123042,-0.0412633333333333));
#1504=CARTESIAN_POINT('',(0.0596657000323721,-0.00944196255123042,-0.0419566666666667));
#1505=CARTESIAN_POINT('',(0.0596657000323721,-0.00944196255123042,-0.0422233333333333));
#1506=CARTESIAN_POINT('',(0.0596657000323721,-0.00944196255123042,-0.0426566666666667));
#1507=CARTESIAN_POINT('',(0.0596657000323721,-0.00944196255123042,-0.0428233333333333));
#1508=CARTESIAN_POINT('',(0.0596657000323721,-0.00944196255123042,-0.0431566666666667));
#1509=CARTESIAN_POINT('',(0.0596657000323721,-0.00944196255123042,-0.0433233333333333));
#1510=CARTESIAN_POINT('',(0.0596657000323721,-0.00944196255123042,-0.0437566666666667));
#1511=CARTESIAN_POINT('',(0.0596657000323721,-0.00944196255123042,-0.0440233333333333));
#1512=CARTESIAN_POINT('',(0.0596657000323721,-0.00944196255123042,-0.0447166666666667));
#1513=CARTESIAN_POINT('',(0.0596657000323721,-0.00944196255123042,-0.0451433333333333));
#1514=CARTESIAN_POINT('',(0.0596657000323721,-0.00944196255123042,-0.04601));
#1515=CARTESIAN_POINT('',(0.0596657000323721,-0.00944196255123043,-0.04645));
#1516=CARTESIAN_POINT('',(0.0596657000323721,-0.00944196255123043,-0.04689));
#1517=EDGE_LOOP('',(#4117,#4118,#4119,#4120));
#1518=AXIS2_PLACEMENT_3D('',#4121,#4122,#4123);
#1519=EDGE_LOOP('',(#4124,#4125,#4126,#4127));
#1520=CARTESIAN_POINT('',(0.0461476914762808,-0.00726676336807034,-0.0485560693131955));
#1521=CARTESIAN_POINT('',(0.0461476914762808,-0.00726676336807034,-0.0477951573199081));
#1522=CARTESIAN_POINT('',(0.0461476914762808,-0.00726676336807034,-0.0470342453266207));
#1523=CARTESIAN_POINT('',(0.0461476914762808,-0.00726676336807034,-0.045599829059829));
#1524=CARTESIAN_POINT('',(0.0461476914762808,-0.00726676336807034,-0.0449263247863248));
#1525=CARTESIAN_POINT('',(0.0461476914762808,-0.00726676336807034,-0.0438318803418803));
#1526=CARTESIAN_POINT('',(0.0461476914762808,-0.00726676336807034,-0.0434109401709402));
#1527=CARTESIAN_POINT('',(0.0461476914762808,-0.00726676336807034,-0.0425690598290598));
#1528=CARTESIAN_POINT('',(0.0461476914762808,-0.00726676336807034,-0.0421481196581197));
#1529=CARTESIAN_POINT('',(0.0461476914762808,-0.00726676336807034,-0.0410536752136752));
#1530=CARTESIAN_POINT('',(0.0461476914762808,-0.00726676336807034,-0.0403801709401709));
#1531=CARTESIAN_POINT('',(0.0461476914762808,-0.00726676336807034,-0.0389457546733793));
#1532=CARTESIAN_POINT('',(0.0461476914762808,-0.00726676336807034,-0.0381848426800919));
#1533=CARTESIAN_POINT('',(0.0461476914762808,-0.00726676336807034,-0.0374239306868046));
#1534=CARTESIAN_POINT('',(0.0461731520504934,-0.00750527831101461,-0.0485560693131955));
#1535=CARTESIAN_POINT('',(0.0461731520504934,-0.00750527831101461,-0.0477951573199081));
#1536=CARTESIAN_POINT('',(0.0461731520504934,-0.00750527831101461,-0.0470342453266207));
#1537=CARTESIAN_POINT('',(0.0461731520504934,-0.00750527831101461,-0.045599829059829));
#1538=CARTESIAN_POINT('',(0.0461731520504934,-0.00750527831101461,-0.0449263247863248));
#1539=CARTESIAN_POINT('',(0.0461731520504934,-0.00750527831101461,-0.0438318803418803));
#1540=CARTESIAN_POINT('',(0.0461731520504934,-0.00750527831101461,-0.0434109401709402));
#1541=CARTESIAN_POINT('',(0.0461731520504934,-0.00750527831101461,-0.0425690598290598));
#1542=CARTESIAN_POINT('',(0.0461731520504934,-0.00750527831101461,-0.0421481196581197));
#1543=CARTESIAN_POINT('',(0.0461731520504934,-0.00750527831101461,-0.0410536752136752));
#1544=CARTESIAN_POINT('',(0.0461731520504934,-0.00750527831101461,-0.0403801709401709));
#1545=CARTESIAN_POINT('',(0.0461731520504934,-0.00750527831101461,-0.0389457546733793));
#1546=CARTESIAN_POINT('',(0.0461731520504934,-0.00750527831101461,-0.0381848426800919));
#1547=CARTESIAN_POINT('',(0.0461731520504934,-0.00750527831101461,-0.0374239306868046));
#1548=CARTESIAN_POINT('',(0.0461698685599235,-0.00774684830099694,-0.0485560693131955));
#1549=CARTESIAN_POINT('',(0.0461698685599235,-0.00774684830099694,-0.0477951573199081));
#1550=CARTESIAN_POINT('',(0.0461698685599235,-0.00774684830099694,-0.0470342453266207));
#1551=CARTESIAN_POINT('',(0.0461698685599235,-0.00774684830099694,-0.045599829059829));
#1552=CARTESIAN_POINT('',(0.0461698685599235,-0.00774684830099694,-0.0449263247863248));
#1553=CARTESIAN_POINT('',(0.0461698685599235,-0.00774684830099694,-0.0438318803418803));
#1554=CARTESIAN_POINT('',(0.0461698685599235,-0.00774684830099694,-0.0434109401709402));
#1555=CARTESIAN_POINT('',(0.0461698685599235,-0.00774684830099694,-0.0425690598290598));
#1556=CARTESIAN_POINT('',(0.0461698685599235,-0.00774684830099694,-0.0421481196581197));
#1557=CARTESIAN_POINT('',(0.0461698685599235,-0.00774684830099694,-0.0410536752136752));
#1558=CARTESIAN_POINT('',(0.0461698685599235,-0.00774684830099694,-0.0403801709401709));
#1559=CARTESIAN_POINT('',(0.0461698685599235,-0.00774684830099694,-0.0389457546733793));
#1560=CARTESIAN_POINT('',(0.0461698685599235,-0.00774684830099694,-0.0381848426800919));
#1561=CARTESIAN_POINT('',(0.0461698685599235,-0.00774684830099694,-0.0374239306868046));
#1562=CARTESIAN_POINT('',(0.0461060007569358,-0.00822231794159377,-0.0485560693131955));
#1563=CARTESIAN_POINT('',(0.0461060007569358,-0.00822231794159377,-0.0477951573199081));
#1564=CARTESIAN_POINT('',(0.0461060007569358,-0.00822231794159377,-0.0470342453266207));
#1565=CARTESIAN_POINT('',(0.0461060007569358,-0.00822231794159377,-0.045599829059829));
#1566=CARTESIAN_POINT('',(0.0461060007569358,-0.00822231794159377,-0.0449263247863248));
#1567=CARTESIAN_POINT('',(0.0461060007569358,-0.00822231794159377,-0.0438318803418803));
#1568=CARTESIAN_POINT('',(0.0461060007569358,-0.00822231794159377,-0.0434109401709402));
#1569=CARTESIAN_POINT('',(0.0461060007569358,-0.00822231794159377,-0.0425690598290598));
#1570=CARTESIAN_POINT('',(0.0461060007569358,-0.00822231794159377,-0.0421481196581197));
#1571=CARTESIAN_POINT('',(0.0461060007569358,-0.00822231794159377,-0.0410536752136752));
#1572=CARTESIAN_POINT('',(0.0461060007569358,-0.00822231794159377,-0.0403801709401709));
#1573=CARTESIAN_POINT('',(0.0461060007569358,-0.00822231794159377,-0.0389457546733793));
#1574=CARTESIAN_POINT('',(0.0461060007569358,-0.00822231794159377,-0.0381848426800919));
#1575=CARTESIAN_POINT('',(0.0461060007569358,-0.00822231794159377,-0.0374239306868046));
#1576=CARTESIAN_POINT('',(0.0460454199588628,-0.00845619142934992,-0.0485560693131955));
#1577=CARTESIAN_POINT('',(0.0460454199588628,-0.00845619142934992,-0.0477951573199081));
#1578=CARTESIAN_POINT('',(0.0460454199588627,-0.00845619142934992,-0.0470342453266207));
#1579=CARTESIAN_POINT('',(0.0460454199588628,-0.00845619142934992,-0.045599829059829));
#1580=CARTESIAN_POINT('',(0.0460454199588628,-0.00845619142934992,-0.0449263247863248));
#1581=CARTESIAN_POINT('',(0.0460454199588628,-0.00845619142934992,-0.0438318803418803));
#1582=CARTESIAN_POINT('',(0.0460454199588628,-0.00845619142934992,-0.0434109401709402));
#1583=CARTESIAN_POINT('',(0.0460454199588628,-0.00845619142934992,-0.0425690598290598));
#1584=CARTESIAN_POINT('',(0.0460454199588628,-0.00845619142934992,-0.0421481196581197));
#1585=CARTESIAN_POINT('',(0.0460454199588628,-0.00845619142934992,-0.0410536752136752));
#1586=CARTESIAN_POINT('',(0.0460454199588628,-0.00845619142934992,-0.0403801709401709));
#1587=CARTESIAN_POINT('',(0.0460454199588628,-0.00845619142934992,-0.0389457546733793));
#1588=CARTESIAN_POINT('',(0.0460454199588628,-0.00845619142934992,-0.0381848426800919));
#1589=CARTESIAN_POINT('',(0.0460454199588628,-0.00845619142934992,-0.0374239306868046));
#1590=CARTESIAN_POINT('',(0.045870420419583,-0.00890287435564063,-0.0485560693131955));
#1591=CARTESIAN_POINT('',(0.045870420419583,-0.00890287435564063,-0.0477951573199081));
#1592=CARTESIAN_POINT('',(0.045870420419583,-0.00890287435564062,-0.0470342453266207));
#1593=CARTESIAN_POINT('',(0.045870420419583,-0.00890287435564062,-0.045599829059829));
#1594=CARTESIAN_POINT('',(0.045870420419583,-0.00890287435564062,-0.0449263247863248));
#1595=CARTESIAN_POINT('',(0.045870420419583,-0.00890287435564062,-0.0438318803418803));
#1596=CARTESIAN_POINT('',(0.045870420419583,-0.00890287435564062,-0.0434109401709402));
#1597=CARTESIAN_POINT('',(0.045870420419583,-0.00890287435564062,-0.0425690598290598));
#1598=CARTESIAN_POINT('',(0.045870420419583,-0.00890287435564062,-0.0421481196581197));
#1599=CARTESIAN_POINT('',(0.045870420419583,-0.00890287435564062,-0.0410536752136752));
#1600=CARTESIAN_POINT('',(0.045870420419583,-0.00890287435564062,-0.0403801709401709));
#1601=CARTESIAN_POINT('',(0.045870420419583,-0.00890287435564062,-0.0389457546733793));
#1602=CARTESIAN_POINT('',(0.045870420419583,-0.00890287435564062,-0.0381848426800919));
#1603=CARTESIAN_POINT('',(0.045870420419583,-0.00890287435564062,-0.0374239306868046));
#1604=CARTESIAN_POINT('',(0.0457560113077779,-0.00911565921531435,-0.0485560693131955));
#1605=CARTESIAN_POINT('',(0.0457560113077779,-0.00911565921531435,-0.0477951573199081));
#1606=CARTESIAN_POINT('',(0.0457560113077779,-0.00911565921531435,-0.0470342453266207));
#1607=CARTESIAN_POINT('',(0.0457560113077779,-0.00911565921531435,-0.045599829059829));
#1608=CARTESIAN_POINT('',(0.0457560113077779,-0.00911565921531435,-0.0449263247863248));
#1609=CARTESIAN_POINT('',(0.0457560113077779,-0.00911565921531435,-0.0438318803418803));
#1610=CARTESIAN_POINT('',(0.0457560113077779,-0.00911565921531435,-0.0434109401709402));
#1611=CARTESIAN_POINT('',(0.0457560113077779,-0.00911565921531435,-0.0425690598290598));
#1612=CARTESIAN_POINT('',(0.0457560113077779,-0.00911565921531435,-0.0421481196581197));
#1613=CARTESIAN_POINT('',(0.0457560113077779,-0.00911565921531435,-0.0410536752136752));
#1614=CARTESIAN_POINT('',(0.0457560113077779,-0.00911565921531435,-0.0403801709401709));
#1615=CARTESIAN_POINT('',(0.0457560113077779,-0.00911565921531435,-0.0389457546733793));
#1616=CARTESIAN_POINT('',(0.0457560113077779,-0.00911565921531435,-0.0381848426800919));
#1617=CARTESIAN_POINT('',(0.0457560113077779,-0.00911565921531435,-0.0374239306868046));
#1618=CARTESIAN_POINT('',(0.0454799009023668,-0.00950797735077515,-0.0485560693131955));
#1619=CARTESIAN_POINT('',(0.0454799009023668,-0.00950797735077515,-0.0477951573199081));
#1620=CARTESIAN_POINT('',(0.0454799009023668,-0.00950797735077515,-0.0470342453266207));
#1621=CARTESIAN_POINT('',(0.0454799009023668,-0.00950797735077515,-0.045599829059829));
#1622=CARTESIAN_POINT('',(0.0454799009023668,-0.00950797735077515,-0.0449263247863248));
#1623=CARTESIAN_POINT('',(0.0454799009023668,-0.00950797735077515,-0.0438318803418803));
#1624=CARTESIAN_POINT('',(0.0454799009023668,-0.00950797735077515,-0.0434109401709402));
#1625=CARTESIAN_POINT('',(0.0454799009023668,-0.00950797735077515,-0.0425690598290598));
#1626=CARTESIAN_POINT('',(0.0454799009023668,-0.00950797735077515,-0.0421481196581197));
#1627=CARTESIAN_POINT('',(0.0454799009023668,-0.00950797735077515,-0.0410536752136752));
#1628=CARTESIAN_POINT('',(0.0454799009023668,-0.00950797735077515,-0.0403801709401709));
#1629=CARTESIAN_POINT('',(0.0454799009023668,-0.00950797735077515,-0.0389457546733793));
#1630=CARTESIAN_POINT('',(0.0454799009023668,-0.00950797735077515,-0.0381848426800919));
#1631=CARTESIAN_POINT('',(0.0454799009023668,-0.00950797735077515,-0.0374239306868046));
#1632=CARTESIAN_POINT('',(0.0453182148018178,-0.00968748903914016,-0.0485560693131955));
#1633=CARTESIAN_POINT('',(0.0453182148018178,-0.00968748903914016,-0.0477951573199081));
#1634=CARTESIAN_POINT('',(0.0453182148018178,-0.00968748903914016,-0.0470342453266207));
#1635=CARTESIAN_POINT('',(0.0453182148018178,-0.00968748903914016,-0.045599829059829));
#1636=CARTESIAN_POINT('',(0.0453182148018178,-0.00968748903914016,-0.0449263247863248));
#1637=CARTESIAN_POINT('',(0.0453182148018178,-0.00968748903914016,-0.0438318803418803));
#1638=CARTESIAN_POINT('',(0.0453182148018178,-0.00968748903914016,-0.0434109401709402));
#1639=CARTESIAN_POINT('',(0.0453182148018178,-0.00968748903914016,-0.0425690598290598));
#1640=CARTESIAN_POINT('',(0.0453182148018178,-0.00968748903914016,-0.0421481196581197));
#1641=CARTESIAN_POINT('',(0.0453182148018178,-0.00968748903914016,-0.0410536752136752));
#1642=CARTESIAN_POINT('',(0.0453182148018178,-0.00968748903914016,-0.0403801709401709));
#1643=CARTESIAN_POINT('',(0.0453182148018178,-0.00968748903914016,-0.0389457546733793));
#1644=CARTESIAN_POINT('',(0.0453182148018178,-0.00968748903914016,-0.0381848426800919));
#1645=CARTESIAN_POINT('',(0.0453182148018178,-0.00968748903914016,-0.0374239306868046));
#1646=CARTESIAN_POINT('',(0.0449568042377434,-0.0100029773583585,-0.0485560693131955));
#1647=CARTESIAN_POINT('',(0.0449568042377434,-0.0100029773583585,-0.0477951573199081));
#1648=CARTESIAN_POINT('',(0.0449568042377434,-0.0100029773583585,-0.0470342453266207));
#1649=CARTESIAN_POINT('',(0.0449568042377434,-0.0100029773583585,-0.045599829059829));
#1650=CARTESIAN_POINT('',(0.0449568042377434,-0.0100029773583585,-0.0449263247863248));
#1651=CARTESIAN_POINT('',(0.0449568042377434,-0.0100029773583585,-0.0438318803418803));
#1652=CARTESIAN_POINT('',(0.0449568042377434,-0.0100029773583585,-0.0434109401709402));
#1653=CARTESIAN_POINT('',(0.0449568042377434,-0.0100029773583585,-0.0425690598290598));
#1654=CARTESIAN_POINT('',(0.0449568042377434,-0.0100029773583585,-0.0421481196581197));
#1655=CARTESIAN_POINT('',(0.0449568042377434,-0.0100029773583585,-0.0410536752136752));
#1656=CARTESIAN_POINT('',(0.0449568042377434,-0.0100029773583585,-0.0403801709401709));
#1657=CARTESIAN_POINT('',(0.0449568042377434,-0.0100029773583585,-0.0389457546733793));
#1658=CARTESIAN_POINT('',(0.0449568042377434,-0.0100029773583585,-0.0381848426800919));
#1659=CARTESIAN_POINT('',(0.0449568042377434,-0.0100029773583585,-0.0374239306868046));
#1660=CARTESIAN_POINT('',(0.0447570996609417,-0.0101389366293732,-0.0485560693131955));
#1661=CARTESIAN_POINT('',(0.0447570996609417,-0.0101389366293732,-0.0477951573199081));
#1662=CARTESIAN_POINT('',(0.0447570996609417,-0.0101389366293732,-0.0470342453266207));
#1663=CARTESIAN_POINT('',(0.0447570996609417,-0.0101389366293732,-0.045599829059829));
#1664=CARTESIAN_POINT('',(0.0447570996609417,-0.0101389366293732,-0.0449263247863248));
#1665=CARTESIAN_POINT('',(0.0447570996609417,-0.0101389366293732,-0.0438318803418803));
#1666=CARTESIAN_POINT('',(0.0447570996609417,-0.0101389366293732,-0.0434109401709402));
#1667=CARTESIAN_POINT('',(0.0447570996609417,-0.0101389366293732,-0.0425690598290598));
#1668=CARTESIAN_POINT('',(0.0447570996609417,-0.0101389366293732,-0.0421481196581197));
#1669=CARTESIAN_POINT('',(0.0447570996609417,-0.0101389366293732,-0.0410536752136752));
#1670=CARTESIAN_POINT('',(0.0447570996609417,-0.0101389366293732,-0.0403801709401709));
#1671=CARTESIAN_POINT('',(0.0447570996609417,-0.0101389366293732,-0.0389457546733793));
#1672=CARTESIAN_POINT('',(0.0447570996609417,-0.0101389366293732,-0.0381848426800919));
#1673=CARTESIAN_POINT('',(0.0447570996609417,-0.0101389366293732,-0.0374239306868046));
#1674=CARTESIAN_POINT('',(0.0443310841260439,-0.0103595295563075,-0.0485560693131955));
#1675=CARTESIAN_POINT('',(0.0443310841260439,-0.0103595295563075,-0.0477951573199081));
#1676=CARTESIAN_POINT('',(0.0443310841260439,-0.0103595295563075,-0.0470342453266207));
#1677=CARTESIAN_POINT('',(0.0443310841260439,-0.0103595295563075,-0.045599829059829));
#1678=CARTESIAN_POINT('',(0.0443310841260439,-0.0103595295563075,-0.0449263247863248));
#1679=CARTESIAN_POINT('',(0.0443310841260439,-0.0103595295563075,-0.0438318803418803));
#1680=CARTESIAN_POINT('',(0.0443310841260439,-0.0103595295563075,-0.0434109401709402));
#1681=CARTESIAN_POINT('',(0.0443310841260439,-0.0103595295563075,-0.0425690598290598));
#1682=CARTESIAN_POINT('',(0.0443310841260439,-0.0103595295563075,-0.0421481196581197));
#1683=CARTESIAN_POINT('',(0.0443310841260439,-0.0103595295563075,-0.0410536752136752));
#1684=CARTESIAN_POINT('',(0.0443310841260439,-0.0103595295563075,-0.0403801709401709));
#1685=CARTESIAN_POINT('',(0.0443310841260439,-0.0103595295563075,-0.0389457546733793));
#1686=CARTESIAN_POINT('',(0.0443310841260439,-0.0103595295563075,-0.0381848426800919));
#1687=CARTESIAN_POINT('',(0.0443310841260439,-0.0103595295563075,-0.0374239306868046));
#1688=CARTESIAN_POINT('',(0.0441047966095792,-0.0104441510740357,-0.0485560693131955));
#1689=CARTESIAN_POINT('',(0.0441047966095792,-0.0104441510740357,-0.0477951573199081));
#1690=CARTESIAN_POINT('',(0.0441047966095792,-0.0104441510740357,-0.0470342453266207));
#1691=CARTESIAN_POINT('',(0.0441047966095792,-0.0104441510740357,-0.045599829059829));
#1692=CARTESIAN_POINT('',(0.0441047966095792,-0.0104441510740357,-0.0449263247863248));
#1693=CARTESIAN_POINT('',(0.0441047966095792,-0.0104441510740357,-0.0438318803418803));
#1694=CARTESIAN_POINT('',(0.0441047966095792,-0.0104441510740357,-0.0434109401709402));
#1695=CARTESIAN_POINT('',(0.0441047966095792,-0.0104441510740357,-0.0425690598290598));
#1696=CARTESIAN_POINT('',(0.0441047966095792,-0.0104441510740357,-0.0421481196581197));
#1697=CARTESIAN_POINT('',(0.0441047966095792,-0.0104441510740357,-0.0410536752136752));
#1698=CARTESIAN_POINT('',(0.0441047966095792,-0.0104441510740357,-0.0403801709401709));
#1699=CARTESIAN_POINT('',(0.0441047966095792,-0.0104441510740357,-0.0389457546733793));
#1700=CARTESIAN_POINT('',(0.0441047966095792,-0.0104441510740357,-0.0381848426800919));
#1701=CARTESIAN_POINT('',(0.0441047966095792,-0.0104441510740357,-0.0374239306868046));
#1702=CARTESIAN_POINT('',(0.0438716836641491,-0.0105006840159357,-0.0485560693131955));
#1703=CARTESIAN_POINT('',(0.0438716836641491,-0.0105006840159357,-0.0477951573199081));
#1704=CARTESIAN_POINT('',(0.0438716836641491,-0.0105006840159357,-0.0470342453266207));
#1705=CARTESIAN_POINT('',(0.0438716836641491,-0.0105006840159357,-0.045599829059829));
#1706=CARTESIAN_POINT('',(0.0438716836641491,-0.0105006840159357,-0.0449263247863248));
#1707=CARTESIAN_POINT('',(0.0438716836641491,-0.0105006840159357,-0.0438318803418803));
#1708=CARTESIAN_POINT('',(0.0438716836641491,-0.0105006840159357,-0.0434109401709402));
#1709=CARTESIAN_POINT('',(0.0438716836641491,-0.0105006840159357,-0.0425690598290598));
#1710=CARTESIAN_POINT('',(0.0438716836641491,-0.0105006840159357,-0.0421481196581197));
#1711=CARTESIAN_POINT('',(0.0438716836641491,-0.0105006840159357,-0.0410536752136752));
#1712=CARTESIAN_POINT('',(0.0438716836641491,-0.0105006840159357,-0.0403801709401709));
#1713=CARTESIAN_POINT('',(0.0438716836641491,-0.0105006840159357,-0.0389457546733793));
#1714=CARTESIAN_POINT('',(0.0438716836641491,-0.0105006840159357,-0.0381848426800919));
#1715=CARTESIAN_POINT('',(0.0438716836641491,-0.0105006840159357,-0.0374239306868046));
#1716=EDGE_LOOP('',(#4128,#4129,#4130,#4131));
#1717=B_SPLINE_CURVE_WITH_KNOTS('',3,(#4132,#4133,#4134,#4135,#4136,#4137,#4138),.UNSPECIFIED.,.F.,.F.,(4,3,4),(-0.603214007459962,0.0,1.0),.UNSPECIFIED.);
#1718=VECTOR('',#4139,1.0);
#1719=EDGE_LOOP('',(#4140,#4141,#4142,#4143));
#1720=CARTESIAN_POINT('',(0.0157363238229682,-0.0172021348699417,-0.0490222215259157));
#1721=CARTESIAN_POINT('',(0.0157363238229682,-0.0172021348699417,-0.0481059254617216));
#1722=CARTESIAN_POINT('',(0.0157363238229682,-0.0172021348699417,-0.0471896293975275));
#1723=CARTESIAN_POINT('',(0.0157363238229682,-0.0172021348699417,-0.0455998290598291));
#1724=CARTESIAN_POINT('',(0.0157363238229682,-0.0172021348699417,-0.0449263247863248));
#1725=CARTESIAN_POINT('',(0.0157363238229682,-0.0172021348699417,-0.0438318803418803));
#1726=CARTESIAN_POINT('',(0.0157363238229682,-0.0172021348699417,-0.0434109401709402));
#1727=CARTESIAN_POINT('',(0.0157363238229682,-0.0172021348699417,-0.0425690598290598));
#1728=CARTESIAN_POINT('',(0.0157363238229682,-0.0172021348699417,-0.0421481196581197));
#1729=CARTESIAN_POINT('',(0.0157363238229682,-0.0172021348699417,-0.0410536752136752));
#1730=CARTESIAN_POINT('',(0.0157363238229682,-0.0172021348699417,-0.0403801709401709));
#1731=CARTESIAN_POINT('',(0.0157363238229682,-0.0172021348699417,-0.0387903706024725));
#1732=CARTESIAN_POINT('',(0.0157363238229682,-0.0172021348699417,-0.0378740745382784));
#1733=CARTESIAN_POINT('',(0.0157363238229682,-0.0172021348699417,-0.0369577784740843));
#1734=CARTESIAN_POINT('',(0.0155556408566027,-0.0171171290338538,-0.0490222215259157));
#1735=CARTESIAN_POINT('',(0.0155556408566027,-0.0171171290338538,-0.0481059254617216));
#1736=CARTESIAN_POINT('',(0.0155556408566027,-0.0171171290338538,-0.0471896293975275));
#1737=CARTESIAN_POINT('',(0.0155556408566027,-0.0171171290338538,-0.0455998290598291));
#1738=CARTESIAN_POINT('',(0.0155556408566027,-0.0171171290338538,-0.0449263247863248));
#1739=CARTESIAN_POINT('',(0.0155556408566027,-0.0171171290338538,-0.0438318803418803));
#1740=CARTESIAN_POINT('',(0.0155556408566027,-0.0171171290338538,-0.0434109401709402));
#1741=CARTESIAN_POINT('',(0.0155556408566027,-0.0171171290338538,-0.0425690598290598));
#1742=CARTESIAN_POINT('',(0.0155556408566027,-0.0171171290338538,-0.0421481196581197));
#1743=CARTESIAN_POINT('',(0.0155556408566027,-0.0171171290338538,-0.0410536752136752));
#1744=CARTESIAN_POINT('',(0.0155556408566027,-0.0171171290338538,-0.0403801709401709));
#1745=CARTESIAN_POINT('',(0.0155556408566027,-0.0171171290338538,-0.0387903706024725));
#1746=CARTESIAN_POINT('',(0.0155556408566027,-0.0171171290338538,-0.0378740745382784));
#1747=CARTESIAN_POINT('',(0.0155556408566027,-0.0171171290338538,-0.0369577784740843));
#1748=CARTESIAN_POINT('',(0.0153834777626033,-0.0170140263069891,-0.0490222215259157));
#1749=CARTESIAN_POINT('',(0.0153834777626033,-0.0170140263069891,-0.0481059254617216));
#1750=CARTESIAN_POINT('',(0.0153834777626033,-0.0170140263069891,-0.0471896293975275));
#1751=CARTESIAN_POINT('',(0.0153834777626033,-0.0170140263069891,-0.0455998290598291));
#1752=CARTESIAN_POINT('',(0.0153834777626033,-0.0170140263069891,-0.0449263247863248));
#1753=CARTESIAN_POINT('',(0.0153834777626033,-0.0170140263069891,-0.0438318803418803));
#1754=CARTESIAN_POINT('',(0.0153834777626033,-0.0170140263069891,-0.0434109401709402));
#1755=CARTESIAN_POINT('',(0.0153834777626033,-0.0170140263069891,-0.0425690598290598));
#1756=CARTESIAN_POINT('',(0.0153834777626033,-0.0170140263069891,-0.0421481196581197));
#1757=CARTESIAN_POINT('',(0.0153834777626033,-0.0170140263069891,-0.0410536752136752));
#1758=CARTESIAN_POINT('',(0.0153834777626033,-0.0170140263069891,-0.0403801709401709));
#1759=CARTESIAN_POINT('',(0.0153834777626033,-0.0170140263069891,-0.0387903706024725));
#1760=CARTESIAN_POINT('',(0.0153834777626033,-0.0170140263069891,-0.0378740745382784));
#1761=CARTESIAN_POINT('',(0.0153834777626033,-0.0170140263069891,-0.0369577784740843));
#1762=CARTESIAN_POINT('',(0.0150630150520101,-0.016775713577296,-0.0490222215259157));
#1763=CARTESIAN_POINT('',(0.0150630150520101,-0.016775713577296,-0.0481059254617216));
#1764=CARTESIAN_POINT('',(0.0150630150520101,-0.016775713577296,-0.0471896293975275));
#1765=CARTESIAN_POINT('',(0.0150630150520101,-0.016775713577296,-0.0455998290598291));
#1766=CARTESIAN_POINT('',(0.0150630150520101,-0.016775713577296,-0.0449263247863248));
#1767=CARTESIAN_POINT('',(0.0150630150520101,-0.016775713577296,-0.0438318803418803));
#1768=CARTESIAN_POINT('',(0.0150630150520101,-0.016775713577296,-0.0434109401709402));
#1769=CARTESIAN_POINT('',(0.0150630150520101,-0.016775713577296,-0.0425690598290598));
#1770=CARTESIAN_POINT('',(0.0150630150520101,-0.016775713577296,-0.0421481196581197));
#1771=CARTESIAN_POINT('',(0.0150630150520101,-0.016775713577296,-0.0410536752136752));
#1772=CARTESIAN_POINT('',(0.0150630150520101,-0.016775713577296,-0.0403801709401709));
#1773=CARTESIAN_POINT('',(0.0150630150520101,-0.016775713577296,-0.0387903706024725));
#1774=CARTESIAN_POINT('',(0.0150630150520101,-0.016775713577296,-0.0378740745382784));
#1775=CARTESIAN_POINT('',(0.0150630150520101,-0.016775713577296,-0.0369577784740843));
#1776=CARTESIAN_POINT('',(0.014914723910514,-0.016640509876991,-0.0490222215259157));
#1777=CARTESIAN_POINT('',(0.014914723910514,-0.016640509876991,-0.0481059254617216));
#1778=CARTESIAN_POINT('',(0.014914723910514,-0.016640509876991,-0.0471896293975275));
#1779=CARTESIAN_POINT('',(0.014914723910514,-0.016640509876991,-0.0455998290598291));
#1780=CARTESIAN_POINT('',(0.014914723910514,-0.016640509876991,-0.0449263247863248));
#1781=CARTESIAN_POINT('',(0.014914723910514,-0.016640509876991,-0.0438318803418803));
#1782=CARTESIAN_POINT('',(0.014914723910514,-0.016640509876991,-0.0434109401709402));
#1783=CARTESIAN_POINT('',(0.014914723910514,-0.016640509876991,-0.0425690598290598));
#1784=CARTESIAN_POINT('',(0.014914723910514,-0.016640509876991,-0.0421481196581197));
#1785=CARTESIAN_POINT('',(0.014914723910514,-0.016640509876991,-0.0410536752136752));
#1786=CARTESIAN_POINT('',(0.014914723910514,-0.016640509876991,-0.0403801709401709));
#1787=CARTESIAN_POINT('',(0.014914723910514,-0.016640509876991,-0.0387903706024725));
#1788=CARTESIAN_POINT('',(0.014914723910514,-0.016640509876991,-0.0378740745382784));
#1789=CARTESIAN_POINT('',(0.014914723910514,-0.016640509876991,-0.0369577784740843));
#1790=CARTESIAN_POINT('',(0.0146478996162419,-0.0163433666421686,-0.0490222215259157));
#1791=CARTESIAN_POINT('',(0.0146478996162419,-0.0163433666421686,-0.0481059254617216));
#1792=CARTESIAN_POINT('',(0.0146478996162419,-0.0163433666421686,-0.0471896293975275));
#1793=CARTESIAN_POINT('',(0.0146478996162419,-0.0163433666421686,-0.0455998290598291));
#1794=CARTESIAN_POINT('',(0.0146478996162419,-0.0163433666421686,-0.0449263247863248));
#1795=CARTESIAN_POINT('',(0.0146478996162419,-0.0163433666421686,-0.0438318803418803));
#1796=CARTESIAN_POINT('',(0.0146478996162419,-0.0163433666421686,-0.0434109401709402));
#1797=CARTESIAN_POINT('',(0.0146478996162419,-0.0163433666421686,-0.0425690598290598));
#1798=CARTESIAN_POINT('',(0.0146478996162419,-0.0163433666421686,-0.0421481196581197));
#1799=CARTESIAN_POINT('',(0.0146478996162419,-0.0163433666421686,-0.0410536752136752));
#1800=CARTESIAN_POINT('',(0.0146478996162419,-0.0163433666421686,-0.0403801709401709));
#1801=CARTESIAN_POINT('',(0.0146478996162419,-0.0163433666421686,-0.0387903706024725));
#1802=CARTESIAN_POINT('',(0.0146478996162419,-0.0163433666421686,-0.0378740745382784));
#1803=CARTESIAN_POINT('',(0.0146478996162419,-0.0163433666421686,-0.0369577784740843));
#1804=CARTESIAN_POINT('',(0.0145293735200185,-0.016181434966032,-0.0490222215259157));
#1805=CARTESIAN_POINT('',(0.0145293735200185,-0.016181434966032,-0.0481059254617216));
#1806=CARTESIAN_POINT('',(0.0145293735200185,-0.016181434966032,-0.0471896293975275));
#1807=CARTESIAN_POINT('',(0.0145293735200185,-0.016181434966032,-0.0455998290598291));
#1808=CARTESIAN_POINT('',(0.0145293735200185,-0.016181434966032,-0.0449263247863248));
#1809=CARTESIAN_POINT('',(0.0145293735200185,-0.016181434966032,-0.0438318803418803));
#1810=CARTESIAN_POINT('',(0.0145293735200185,-0.016181434966032,-0.0434109401709402));
#1811=CARTESIAN_POINT('',(0.0145293735200185,-0.016181434966032,-0.0425690598290598));
#1812=CARTESIAN_POINT('',(0.0145293735200185,-0.016181434966032,-0.0421481196581197));
#1813=CARTESIAN_POINT('',(0.0145293735200185,-0.016181434966032,-0.0410536752136752));
#1814=CARTESIAN_POINT('',(0.0145293735200185,-0.016181434966032,-0.0403801709401709));
#1815=CARTESIAN_POINT('',(0.0145293735200185,-0.016181434966032,-0.0387903706024725));
#1816=CARTESIAN_POINT('',(0.0145293735200185,-0.016181434966032,-0.0378740745382784));
#1817=CARTESIAN_POINT('',(0.0145293735200185,-0.016181434966032,-0.0369577784740843));
#1818=CARTESIAN_POINT('',(0.0143267912445713,-0.0158372697038552,-0.0490222215259157));
#1819=CARTESIAN_POINT('',(0.0143267912445713,-0.0158372697038552,-0.0481059254617216));
#1820=CARTESIAN_POINT('',(0.0143267912445713,-0.0158372697038552,-0.0471896293975275));
#1821=CARTESIAN_POINT('',(0.0143267912445713,-0.0158372697038552,-0.0455998290598291));
#1822=CARTESIAN_POINT('',(0.0143267912445713,-0.0158372697038552,-0.0449263247863248));
#1823=CARTESIAN_POINT('',(0.0143267912445713,-0.0158372697038552,-0.0438318803418803));
#1824=CARTESIAN_POINT('',(0.0143267912445713,-0.0158372697038552,-0.0434109401709402));
#1825=CARTESIAN_POINT('',(0.0143267912445713,-0.0158372697038552,-0.0425690598290598));
#1826=CARTESIAN_POINT('',(0.0143267912445713,-0.0158372697038552,-0.0421481196581197));
#1827=CARTESIAN_POINT('',(0.0143267912445713,-0.0158372697038552,-0.0410536752136752));
#1828=CARTESIAN_POINT('',(0.0143267912445713,-0.0158372697038552,-0.0403801709401709));
#1829=CARTESIAN_POINT('',(0.0143267912445713,-0.0158372697038552,-0.0387903706024725));
#1830=CARTESIAN_POINT('',(0.0143267912445713,-0.0158372697038552,-0.0378740745382784));
#1831=CARTESIAN_POINT('',(0.0143267912445713,-0.0158372697038552,-0.0369577784740843));
#1832=CARTESIAN_POINT('',(0.0142427404229275,-0.0156550452197611,-0.0490222215259157));
#1833=CARTESIAN_POINT('',(0.0142427404229275,-0.0156550452197611,-0.0481059254617216));
#1834=CARTESIAN_POINT('',(0.0142427404229275,-0.0156550452197611,-0.0471896293975275));
#1835=CARTESIAN_POINT('',(0.0142427404229275,-0.0156550452197611,-0.0455998290598291));
#1836=CARTESIAN_POINT('',(0.0142427404229275,-0.0156550452197611,-0.0449263247863248));
#1837=CARTESIAN_POINT('',(0.0142427404229275,-0.0156550452197611,-0.0438318803418803));
#1838=CARTESIAN_POINT('',(0.0142427404229275,-0.0156550452197611,-0.0434109401709402));
#1839=CARTESIAN_POINT('',(0.0142427404229275,-0.0156550452197611,-0.0425690598290598));
#1840=CARTESIAN_POINT('',(0.0142427404229275,-0.0156550452197611,-0.0421481196581197));
#1841=CARTESIAN_POINT('',(0.0142427404229275,-0.0156550452197611,-0.0410536752136752));
#1842=CARTESIAN_POINT('',(0.0142427404229275,-0.0156550452197611,-0.0403801709401709));
#1843=CARTESIAN_POINT('',(0.0142427404229275,-0.0156550452197611,-0.0387903706024725));
#1844=CARTESIAN_POINT('',(0.0142427404229275,-0.0156550452197611,-0.0378740745382784));
#1845=CARTESIAN_POINT('',(0.0142427404229275,-0.0156550452197611,-0.0369577784740843));
#1846=CARTESIAN_POINT('',(0.0141124507897653,-0.015277535064262,-0.0490222215259157));
#1847=CARTESIAN_POINT('',(0.0141124507897653,-0.015277535064262,-0.0481059254617216));
#1848=CARTESIAN_POINT('',(0.0141124507897653,-0.015277535064262,-0.0471896293975275));
#1849=CARTESIAN_POINT('',(0.0141124507897653,-0.015277535064262,-0.0455998290598291));
#1850=CARTESIAN_POINT('',(0.0141124507897653,-0.015277535064262,-0.0449263247863248));
#1851=CARTESIAN_POINT('',(0.0141124507897653,-0.015277535064262,-0.0438318803418803));
#1852=CARTESIAN_POINT('',(0.0141124507897653,-0.015277535064262,-0.0434109401709402));
#1853=CARTESIAN_POINT('',(0.0141124507897653,-0.015277535064262,-0.0425690598290598));
#1854=CARTESIAN_POINT('',(0.0141124507897653,-0.015277535064262,-0.0421481196581197));
#1855=CARTESIAN_POINT('',(0.0141124507897653,-0.015277535064262,-0.0410536752136752));
#1856=CARTESIAN_POINT('',(0.0141124507897653,-0.015277535064262,-0.0403801709401709));
#1857=CARTESIAN_POINT('',(0.0141124507897653,-0.015277535064262,-0.0387903706024725));
#1858=CARTESIAN_POINT('',(0.0141124507897653,-0.015277535064262,-0.0378740745382784));
#1859=CARTESIAN_POINT('',(0.0141124507897653,-0.015277535064262,-0.0369577784740843));
#1860=CARTESIAN_POINT('',(0.0140662154239438,-0.0150822593766567,-0.0490222215259157));
#1861=CARTESIAN_POINT('',(0.0140662154239438,-0.0150822593766567,-0.0481059254617216));
#1862=CARTESIAN_POINT('',(0.0140662154239438,-0.0150822593766567,-0.0471896293975275));
#1863=CARTESIAN_POINT('',(0.0140662154239438,-0.0150822593766567,-0.0455998290598291));
#1864=CARTESIAN_POINT('',(0.0140662154239438,-0.0150822593766567,-0.0449263247863248));
#1865=CARTESIAN_POINT('',(0.0140662154239438,-0.0150822593766567,-0.0438318803418803));
#1866=CARTESIAN_POINT('',(0.0140662154239438,-0.0150822593766567,-0.0434109401709402));
#1867=CARTESIAN_POINT('',(0.0140662154239438,-0.0150822593766567,-0.0425690598290598));
#1868=CARTESIAN_POINT('',(0.0140662154239438,-0.0150822593766567,-0.0421481196581197));
#1869=CARTESIAN_POINT('',(0.0140662154239438,-0.0150822593766567,-0.0410536752136752));
#1870=CARTESIAN_POINT('',(0.0140662154239438,-0.0150822593766567,-0.0403801709401709));
#1871=CARTESIAN_POINT('',(0.0140662154239438,-0.0150822593766567,-0.0387903706024725));
#1872=CARTESIAN_POINT('',(0.0140662154239438,-0.0150822593766567,-0.0378740745382784));
#1873=CARTESIAN_POINT('',(0.0140662154239438,-0.0150822593766567,-0.0369577784740843));
#1874=CARTESIAN_POINT('',(0.0140133961455539,-0.0146864065885587,-0.0490222215259157));
#1875=CARTESIAN_POINT('',(0.0140133961455539,-0.0146864065885587,-0.0481059254617216));
#1876=CARTESIAN_POINT('',(0.0140133961455539,-0.0146864065885587,-0.0471896293975275));
#1877=CARTESIAN_POINT('',(0.0140133961455539,-0.0146864065885587,-0.0455998290598291));
#1878=CARTESIAN_POINT('',(0.0140133961455539,-0.0146864065885587,-0.0449263247863248));
#1879=CARTESIAN_POINT('',(0.0140133961455539,-0.0146864065885587,-0.0438318803418803));
#1880=CARTESIAN_POINT('',(0.0140133961455539,-0.0146864065885587,-0.0434109401709402));
#1881=CARTESIAN_POINT('',(0.0140133961455539,-0.0146864065885587,-0.0425690598290598));
#1882=CARTESIAN_POINT('',(0.0140133961455539,-0.0146864065885587,-0.0421481196581197));
#1883=CARTESIAN_POINT('',(0.0140133961455539,-0.0146864065885587,-0.0410536752136752));
#1884=CARTESIAN_POINT('',(0.0140133961455539,-0.0146864065885587,-0.0403801709401709));
#1885=CARTESIAN_POINT('',(0.0140133961455539,-0.0146864065885587,-0.0387903706024725));
#1886=CARTESIAN_POINT('',(0.0140133961455539,-0.0146864065885587,-0.0378740745382784));
#1887=CARTESIAN_POINT('',(0.0140133961455539,-0.0146864065885587,-0.0369577784740843));
#1888=CARTESIAN_POINT('',(0.0140068136298674,-0.0144858399569631,-0.0490222215259157));
#1889=CARTESIAN_POINT('',(0.0140068136298674,-0.0144858399569631,-0.0481059254617216));
#1890=CARTESIAN_POINT('',(0.0140068136298674,-0.0144858399569631,-0.0471896293975275));
#1891=CARTESIAN_POINT('',(0.0140068136298674,-0.0144858399569631,-0.0455998290598291));
#1892=CARTESIAN_POINT('',(0.0140068136298674,-0.0144858399569631,-0.0449263247863248));
#1893=CARTESIAN_POINT('',(0.0140068136298674,-0.0144858399569631,-0.0438318803418803));
#1894=CARTESIAN_POINT('',(0.0140068136298674,-0.0144858399569631,-0.0434109401709402));
#1895=CARTESIAN_POINT('',(0.0140068136298674,-0.0144858399569631,-0.0425690598290598));
#1896=CARTESIAN_POINT('',(0.0140068136298674,-0.0144858399569631,-0.0421481196581197));
#1897=CARTESIAN_POINT('',(0.0140068136298674,-0.0144858399569631,-0.0410536752136752));
#1898=CARTESIAN_POINT('',(0.0140068136298674,-0.0144858399569631,-0.0403801709401709));
#1899=CARTESIAN_POINT('',(0.0140068136298674,-0.0144858399569631,-0.0387903706024725));
#1900=CARTESIAN_POINT('',(0.0140068136298674,-0.0144858399569631,-0.0378740745382784));
#1901=CARTESIAN_POINT('',(0.0140068136298674,-0.0144858399569631,-0.0369577784740843));
#1902=CARTESIAN_POINT('',(0.01402018868762,-0.0142866078452598,-0.0490222215259157));
#1903=CARTESIAN_POINT('',(0.01402018868762,-0.0142866078452598,-0.0481059254617216));
#1904=CARTESIAN_POINT('',(0.01402018868762,-0.0142866078452598,-0.0471896293975275));
#1905=CARTESIAN_POINT('',(0.01402018868762,-0.0142866078452598,-0.0455998290598291));
#1906=CARTESIAN_POINT('',(0.01402018868762,-0.0142866078452598,-0.0449263247863248));
#1907=CARTESIAN_POINT('',(0.01402018868762,-0.0142866078452598,-0.0438318803418803));
#1908=CARTESIAN_POINT('',(0.01402018868762,-0.0142866078452598,-0.0434109401709402));
#1909=CARTESIAN_POINT('',(0.01402018868762,-0.0142866078452598,-0.0425690598290598));
#1910=CARTESIAN_POINT('',(0.01402018868762,-0.0142866078452598,-0.0421481196581197));
#1911=CARTESIAN_POINT('',(0.01402018868762,-0.0142866078452598,-0.0410536752136752));
#1912=CARTESIAN_POINT('',(0.01402018868762,-0.0142866078452598,-0.0403801709401709));
#1913=CARTESIAN_POINT('',(0.01402018868762,-0.0142866078452598,-0.0387903706024725));
#1914=CARTESIAN_POINT('',(0.01402018868762,-0.0142866078452598,-0.0378740745382784));
#1915=CARTESIAN_POINT('',(0.01402018868762,-0.0142866078452598,-0.0369577784740843));
#1916=EDGE_LOOP('',(#4144,#4145,#4146,#4147));
#1917=AXIS2_PLACEMENT_3D('',#4148,#4149,#4150);
#1918=EDGE_LOOP('',(#4151,#4152,#4153,#4154));
#1919=CARTESIAN_POINT('',(0.00582920520791394,-0.0138773635643424,-0.0490464853453404));
#1920=CARTESIAN_POINT('',(0.00582920520791394,-0.0138773635643424,-0.0481221013413381));
#1921=CARTESIAN_POINT('',(0.00582920520791394,-0.0138773635643424,-0.0471977173373357));
#1922=CARTESIAN_POINT('',(0.00582920520791394,-0.0138773635643424,-0.045599829059829));
#1923=CARTESIAN_POINT('',(0.00582920520791394,-0.0138773635643424,-0.0449263247863248));
#1924=CARTESIAN_POINT('',(0.00582920520791394,-0.0138773635643424,-0.0438318803418804));
#1925=CARTESIAN_POINT('',(0.00582920520791394,-0.0138773635643424,-0.0434109401709401));
#1926=CARTESIAN_POINT('',(0.00582920520791394,-0.0138773635643424,-0.0425690598290598));
#1927=CARTESIAN_POINT('',(0.00582920520791394,-0.0138773635643424,-0.0421481196581197));
#1928=CARTESIAN_POINT('',(0.00582920520791394,-0.0138773635643424,-0.0410536752136752));
#1929=CARTESIAN_POINT('',(0.00582920520791394,-0.0138773635643424,-0.040380170940171));
#1930=CARTESIAN_POINT('',(0.00582920520791394,-0.0138773635643424,-0.0387822826626643));
#1931=CARTESIAN_POINT('',(0.00582920520791394,-0.0138773635643424,-0.0378578986586619));
#1932=CARTESIAN_POINT('',(0.00582920520791394,-0.0138773635643424,-0.0369335146546595));
#1933=CARTESIAN_POINT('',(0.00581594578589288,-0.0140748731899511,-0.0490464853453404));
#1934=CARTESIAN_POINT('',(0.00581594578589288,-0.0140748731899511,-0.0481221013413381));
#1935=CARTESIAN_POINT('',(0.00581594578589288,-0.0140748731899511,-0.0471977173373357));
#1936=CARTESIAN_POINT('',(0.00581594578589288,-0.0140748731899511,-0.045599829059829));
#1937=CARTESIAN_POINT('',(0.00581594578589288,-0.0140748731899511,-0.0449263247863248));
#1938=CARTESIAN_POINT('',(0.00581594578589288,-0.0140748731899511,-0.0438318803418804));
#1939=CARTESIAN_POINT('',(0.00581594578589288,-0.0140748731899511,-0.0434109401709401));
#1940=CARTESIAN_POINT('',(0.00581594578589288,-0.0140748731899511,-0.0425690598290598));
#1941=CARTESIAN_POINT('',(0.00581594578589288,-0.0140748731899511,-0.0421481196581197));
#1942=CARTESIAN_POINT('',(0.00581594578589288,-0.0140748731899511,-0.0410536752136752));
#1943=CARTESIAN_POINT('',(0.00581594578589288,-0.0140748731899511,-0.040380170940171));
#1944=CARTESIAN_POINT('',(0.00581594578589288,-0.0140748731899511,-0.0387822826626643));
#1945=CARTESIAN_POINT('',(0.00581594578589288,-0.0140748731899511,-0.0378578986586619));
#1946=CARTESIAN_POINT('',(0.00581594578589288,-0.0140748731899511,-0.0369335146546595));
#1947=CARTESIAN_POINT('',(0.00578307418586505,-0.0142710611223673,-0.0490464853453404));
#1948=CARTESIAN_POINT('',(0.00578307418586505,-0.0142710611223673,-0.0481221013413381));
#1949=CARTESIAN_POINT('',(0.00578307418586505,-0.0142710611223673,-0.0471977173373357));
#1950=CARTESIAN_POINT('',(0.00578307418586505,-0.0142710611223673,-0.045599829059829));
#1951=CARTESIAN_POINT('',(0.00578307418586505,-0.0142710611223673,-0.0449263247863248));
#1952=CARTESIAN_POINT('',(0.00578307418586505,-0.0142710611223673,-0.0438318803418804));
#1953=CARTESIAN_POINT('',(0.00578307418586505,-0.0142710611223673,-0.0434109401709401));
#1954=CARTESIAN_POINT('',(0.00578307418586505,-0.0142710611223673,-0.0425690598290598));
#1955=CARTESIAN_POINT('',(0.00578307418586505,-0.0142710611223673,-0.0421481196581197));
#1956=CARTESIAN_POINT('',(0.00578307418586505,-0.0142710611223673,-0.0410536752136752));
#1957=CARTESIAN_POINT('',(0.00578307418586505,-0.0142710611223673,-0.040380170940171));
#1958=CARTESIAN_POINT('',(0.00578307418586505,-0.0142710611223673,-0.0387822826626643));
#1959=CARTESIAN_POINT('',(0.00578307418586505,-0.0142710611223673,-0.0378578986586619));
#1960=CARTESIAN_POINT('',(0.00578307418586505,-0.0142710611223673,-0.0369335146546595));
#1961=CARTESIAN_POINT('',(0.00567938720502689,-0.0146531507295622,-0.0490464853453404));
#1962=CARTESIAN_POINT('',(0.00567938720502689,-0.0146531507295622,-0.0481221013413381));
#1963=CARTESIAN_POINT('',(0.00567938720502689,-0.0146531507295622,-0.0471977173373357));
#1964=CARTESIAN_POINT('',(0.00567938720502689,-0.0146531507295622,-0.045599829059829));
#1965=CARTESIAN_POINT('',(0.00567938720502689,-0.0146531507295622,-0.0449263247863248));
#1966=CARTESIAN_POINT('',(0.00567938720502689,-0.0146531507295622,-0.0438318803418804));
#1967=CARTESIAN_POINT('',(0.00567938720502689,-0.0146531507295622,-0.0434109401709401));
#1968=CARTESIAN_POINT('',(0.00567938720502689,-0.0146531507295622,-0.0425690598290598));
#1969=CARTESIAN_POINT('',(0.00567938720502689,-0.0146531507295622,-0.0421481196581197));
#1970=CARTESIAN_POINT('',(0.00567938720502689,-0.0146531507295622,-0.0410536752136752));
#1971=CARTESIAN_POINT('',(0.00567938720502689,-0.0146531507295622,-0.040380170940171));
#1972=CARTESIAN_POINT('',(0.00567938720502689,-0.0146531507295622,-0.0387822826626643));
#1973=CARTESIAN_POINT('',(0.00567938720502689,-0.0146531507295622,-0.0378578986586619));
#1974=CARTESIAN_POINT('',(0.00567938720502689,-0.0146531507295622,-0.0369335146546595));
#1975=CARTESIAN_POINT('',(0.00560857447284694,-0.0148390426440592,-0.0490464853453404));
#1976=CARTESIAN_POINT('',(0.00560857447284694,-0.0148390426440592,-0.0481221013413381));
#1977=CARTESIAN_POINT('',(0.00560857447284694,-0.0148390426440592,-0.0471977173373357));
#1978=CARTESIAN_POINT('',(0.00560857447284694,-0.0148390426440592,-0.045599829059829));
#1979=CARTESIAN_POINT('',(0.00560857447284695,-0.0148390426440592,-0.0449263247863248));
#1980=CARTESIAN_POINT('',(0.00560857447284695,-0.0148390426440592,-0.0438318803418804));
#1981=CARTESIAN_POINT('',(0.00560857447284694,-0.0148390426440592,-0.0434109401709401));
#1982=CARTESIAN_POINT('',(0.00560857447284695,-0.0148390426440592,-0.0425690598290598));
#1983=CARTESIAN_POINT('',(0.00560857447284695,-0.0148390426440592,-0.0421481196581197));
#1984=CARTESIAN_POINT('',(0.00560857447284695,-0.0148390426440592,-0.0410536752136752));
#1985=CARTESIAN_POINT('',(0.00560857447284695,-0.0148390426440592,-0.040380170940171));
#1986=CARTESIAN_POINT('',(0.00560857447284695,-0.0148390426440592,-0.0387822826626643));
#1987=CARTESIAN_POINT('',(0.00560857447284695,-0.0148390426440592,-0.0378578986586619));
#1988=CARTESIAN_POINT('',(0.00560857447284695,-0.0148390426440592,-0.0369335146546595));
#1989=CARTESIAN_POINT('',(0.00543176916862105,-0.0151932789244135,-0.0490464853453404));
#1990=CARTESIAN_POINT('',(0.00543176916862105,-0.0151932789244135,-0.0481221013413381));
#1991=CARTESIAN_POINT('',(0.00543176916862105,-0.0151932789244135,-0.0471977173373357));
#1992=CARTESIAN_POINT('',(0.00543176916862105,-0.0151932789244135,-0.045599829059829));
#1993=CARTESIAN_POINT('',(0.00543176916862105,-0.0151932789244135,-0.0449263247863248));
#1994=CARTESIAN_POINT('',(0.00543176916862105,-0.0151932789244135,-0.0438318803418804));
#1995=CARTESIAN_POINT('',(0.00543176916862105,-0.0151932789244135,-0.0434109401709401));
#1996=CARTESIAN_POINT('',(0.00543176916862105,-0.0151932789244135,-0.0425690598290598));
#1997=CARTESIAN_POINT('',(0.00543176916862105,-0.0151932789244135,-0.0421481196581197));
#1998=CARTESIAN_POINT('',(0.00543176916862105,-0.0151932789244135,-0.0410536752136752));
#1999=CARTESIAN_POINT('',(0.00543176916862105,-0.0151932789244135,-0.040380170940171));
#2000=CARTESIAN_POINT('',(0.00543176916862105,-0.0151932789244135,-0.0387822826626643));
#2001=CARTESIAN_POINT('',(0.00543176916862105,-0.0151932789244135,-0.0378578986586619));
#2002=CARTESIAN_POINT('',(0.00543176916862105,-0.0151932789244135,-0.0369335146546595));
#2003=CARTESIAN_POINT('',(0.0053257811129753,-0.015361614241488,-0.0490464853453404));
#2004=CARTESIAN_POINT('',(0.0053257811129753,-0.015361614241488,-0.0481221013413381));
#2005=CARTESIAN_POINT('',(0.0053257811129753,-0.015361614241488,-0.0471977173373357));
#2006=CARTESIAN_POINT('',(0.0053257811129753,-0.015361614241488,-0.045599829059829));
#2007=CARTESIAN_POINT('',(0.0053257811129753,-0.015361614241488,-0.0449263247863248));
#2008=CARTESIAN_POINT('',(0.0053257811129753,-0.015361614241488,-0.0438318803418804));
#2009=CARTESIAN_POINT('',(0.0053257811129753,-0.015361614241488,-0.0434109401709401));
#2010=CARTESIAN_POINT('',(0.0053257811129753,-0.015361614241488,-0.0425690598290598));
#2011=CARTESIAN_POINT('',(0.0053257811129753,-0.015361614241488,-0.0421481196581197));
#2012=CARTESIAN_POINT('',(0.0053257811129753,-0.015361614241488,-0.0410536752136752));
#2013=CARTESIAN_POINT('',(0.0053257811129753,-0.015361614241488,-0.040380170940171));
#2014=CARTESIAN_POINT('',(0.0053257811129753,-0.015361614241488,-0.0387822826626643));
#2015=CARTESIAN_POINT('',(0.0053257811129753,-0.015361614241488,-0.0378578986586619));
#2016=CARTESIAN_POINT('',(0.0053257811129753,-0.015361614241488,-0.0369335146546595));
#2017=CARTESIAN_POINT('',(0.00508276315940025,-0.0156741614093873,-0.0490464853453404));
#2018=CARTESIAN_POINT('',(0.00508276315940025,-0.0156741614093873,-0.0481221013413381));
#2019=CARTESIAN_POINT('',(0.00508276315940025,-0.0156741614093873,-0.0471977173373357));
#2020=CARTESIAN_POINT('',(0.00508276315940025,-0.0156741614093873,-0.045599829059829));
#2021=CARTESIAN_POINT('',(0.00508276315940025,-0.0156741614093873,-0.0449263247863248));
#2022=CARTESIAN_POINT('',(0.00508276315940025,-0.0156741614093873,-0.0438318803418804));
#2023=CARTESIAN_POINT('',(0.00508276315940025,-0.0156741614093873,-0.0434109401709401));
#2024=CARTESIAN_POINT('',(0.00508276315940025,-0.0156741614093873,-0.0425690598290598));
#2025=CARTESIAN_POINT('',(0.00508276315940025,-0.0156741614093873,-0.0421481196581197));
#2026=CARTESIAN_POINT('',(0.00508276315940025,-0.0156741614093873,-0.0410536752136752));
#2027=CARTESIAN_POINT('',(0.00508276315940025,-0.0156741614093873,-0.040380170940171));
#2028=CARTESIAN_POINT('',(0.00508276315940025,-0.0156741614093873,-0.0387822826626643));
#2029=CARTESIAN_POINT('',(0.00508276315940025,-0.0156741614093873,-0.0378578986586619));
#2030=CARTESIAN_POINT('',(0.00508276315940025,-0.0156741614093873,-0.0369335146546595));
#2031=CARTESIAN_POINT('',(0.00494573946923909,-0.0158183652763561,-0.0490464853453404));
#2032=CARTESIAN_POINT('',(0.00494573946923909,-0.0158183652763561,-0.0481221013413381));
#2033=CARTESIAN_POINT('',(0.00494573946923909,-0.0158183652763561,-0.0471977173373357));
#2034=CARTESIAN_POINT('',(0.00494573946923909,-0.0158183652763561,-0.045599829059829));
#2035=CARTESIAN_POINT('',(0.00494573946923909,-0.0158183652763561,-0.0449263247863248));
#2036=CARTESIAN_POINT('',(0.00494573946923909,-0.0158183652763561,-0.0438318803418804));
#2037=CARTESIAN_POINT('',(0.00494573946923909,-0.0158183652763561,-0.0434109401709401));
#2038=CARTESIAN_POINT('',(0.00494573946923909,-0.0158183652763561,-0.0425690598290598));
#2039=CARTESIAN_POINT('',(0.00494573946923909,-0.0158183652763561,-0.0421481196581197));
#2040=CARTESIAN_POINT('',(0.00494573946923909,-0.0158183652763561,-0.0410536752136752));
#2041=CARTESIAN_POINT('',(0.00494573946923909,-0.0158183652763561,-0.040380170940171));
#2042=CARTESIAN_POINT('',(0.00494573946923909,-0.0158183652763561,-0.0387822826626643));
#2043=CARTESIAN_POINT('',(0.00494573946923909,-0.0158183652763561,-0.0378578986586619));
#2044=CARTESIAN_POINT('',(0.00494573946923909,-0.0158183652763561,-0.0369335146546595));
#2045=CARTESIAN_POINT('',(0.00464600067868025,-0.0160770158424796,-0.0490464853453404));
#2046=CARTESIAN_POINT('',(0.00464600067868025,-0.0160770158424796,-0.0481221013413381));
#2047=CARTESIAN_POINT('',(0.00464600067868025,-0.0160770158424796,-0.0471977173373357));
#2048=CARTESIAN_POINT('',(0.00464600067868025,-0.0160770158424796,-0.045599829059829));
#2049=CARTESIAN_POINT('',(0.00464600067868025,-0.0160770158424796,-0.0449263247863248));
#2050=CARTESIAN_POINT('',(0.00464600067868025,-0.0160770158424796,-0.0438318803418804));
#2051=CARTESIAN_POINT('',(0.00464600067868025,-0.0160770158424796,-0.0434109401709401));
#2052=CARTESIAN_POINT('',(0.00464600067868025,-0.0160770158424796,-0.0425690598290598));
#2053=CARTESIAN_POINT('',(0.00464600067868025,-0.0160770158424796,-0.0421481196581197));
#2054=CARTESIAN_POINT('',(0.00464600067868025,-0.0160770158424796,-0.0410536752136752));
#2055=CARTESIAN_POINT('',(0.00464600067868025,-0.0160770158424796,-0.040380170940171));
#2056=CARTESIAN_POINT('',(0.00464600067868025,-0.0160770158424796,-0.0387822826626643));
#2057=CARTESIAN_POINT('',(0.00464600067868025,-0.0160770158424796,-0.0378578986586619));
#2058=CARTESIAN_POINT('',(0.00464600067868025,-0.0160770158424796,-0.0369335146546595));
#2059=CARTESIAN_POINT('',(0.00448329323495521,-0.0161914559345392,-0.0490464853453404));
#2060=CARTESIAN_POINT('',(0.00448329323495521,-0.0161914559345392,-0.0481221013413381));
#2061=CARTESIAN_POINT('',(0.00448329323495521,-0.0161914559345392,-0.0471977173373357));
#2062=CARTESIAN_POINT('',(0.00448329323495521,-0.0161914559345392,-0.045599829059829));
#2063=CARTESIAN_POINT('',(0.00448329323495521,-0.0161914559345392,-0.0449263247863248));
#2064=CARTESIAN_POINT('',(0.00448329323495521,-0.0161914559345392,-0.0438318803418804));
#2065=CARTESIAN_POINT('',(0.00448329323495521,-0.0161914559345392,-0.0434109401709401));
#2066=CARTESIAN_POINT('',(0.00448329323495521,-0.0161914559345392,-0.0425690598290598));
#2067=CARTESIAN_POINT('',(0.00448329323495521,-0.0161914559345392,-0.0421481196581197));
#2068=CARTESIAN_POINT('',(0.00448329323495521,-0.0161914559345392,-0.0410536752136752));
#2069=CARTESIAN_POINT('',(0.00448329323495521,-0.0161914559345392,-0.040380170940171));
#2070=CARTESIAN_POINT('',(0.00448329323495521,-0.0161914559345392,-0.0387822826626643));
#2071=CARTESIAN_POINT('',(0.00448329323495521,-0.0161914559345392,-0.0378578986586619));
#2072=CARTESIAN_POINT('',(0.00448329323495521,-0.0161914559345392,-0.0369335146546595));
#2073=CARTESIAN_POINT('',(0.00413854082622811,-0.0163861075068384,-0.0490464853453404));
#2074=CARTESIAN_POINT('',(0.00413854082622811,-0.0163861075068384,-0.0481221013413381));
#2075=CARTESIAN_POINT('',(0.00413854082622811,-0.0163861075068384,-0.0471977173373357));
#2076=CARTESIAN_POINT('',(0.00413854082622811,-0.0163861075068384,-0.045599829059829));
#2077=CARTESIAN_POINT('',(0.00413854082622811,-0.0163861075068384,-0.0449263247863248));
#2078=CARTESIAN_POINT('',(0.00413854082622811,-0.0163861075068384,-0.0438318803418804));
#2079=CARTESIAN_POINT('',(0.00413854082622811,-0.0163861075068384,-0.0434109401709401));
#2080=CARTESIAN_POINT('',(0.00413854082622811,-0.0163861075068384,-0.0425690598290598));
#2081=CARTESIAN_POINT('',(0.00413854082622811,-0.0163861075068384,-0.0421481196581197));
#2082=CARTESIAN_POINT('',(0.00413854082622811,-0.0163861075068384,-0.0410536752136752));
#2083=CARTESIAN_POINT('',(0.00413854082622811,-0.0163861075068384,-0.040380170940171));
#2084=CARTESIAN_POINT('',(0.00413854082622811,-0.0163861075068384,-0.0387822826626643));
#2085=CARTESIAN_POINT('',(0.00413854082622811,-0.0163861075068384,-0.0378578986586619));
#2086=CARTESIAN_POINT('',(0.00413854082622811,-0.0163861075068384,-0.0369335146546595));
#2087=CARTESIAN_POINT('',(0.00395650466774833,-0.0164663140148041,-0.0490464853453404));
#2088=CARTESIAN_POINT('',(0.00395650466774833,-0.0164663140148041,-0.0481221013413381));
#2089=CARTESIAN_POINT('',(0.00395650466774833,-0.0164663140148041,-0.0471977173373357));
#2090=CARTESIAN_POINT('',(0.00395650466774833,-0.0164663140148041,-0.045599829059829));
#2091=CARTESIAN_POINT('',(0.00395650466774833,-0.0164663140148041,-0.0449263247863248));
#2092=CARTESIAN_POINT('',(0.00395650466774833,-0.0164663140148041,-0.0438318803418804));
#2093=CARTESIAN_POINT('',(0.00395650466774833,-0.0164663140148041,-0.0434109401709401));
#2094=CARTESIAN_POINT('',(0.00395650466774833,-0.0164663140148041,-0.0425690598290598));
#2095=CARTESIAN_POINT('',(0.00395650466774833,-0.0164663140148041,-0.0421481196581197));
#2096=CARTESIAN_POINT('',(0.00395650466774833,-0.0164663140148041,-0.0410536752136752));
#2097=CARTESIAN_POINT('',(0.00395650466774833,-0.0164663140148041,-0.040380170940171));
#2098=CARTESIAN_POINT('',(0.00395650466774833,-0.0164663140148041,-0.0387822826626643));
#2099=CARTESIAN_POINT('',(0.00395650466774833,-0.0164663140148041,-0.0378578986586619));
#2100=CARTESIAN_POINT('',(0.00395650466774833,-0.0164663140148041,-0.0369335146546595));
#2101=CARTESIAN_POINT('',(0.00376835433624453,-0.0165278389466239,-0.0490464853453404));
#2102=CARTESIAN_POINT('',(0.00376835433624453,-0.0165278389466239,-0.0481221013413381));
#2103=CARTESIAN_POINT('',(0.00376835433624453,-0.0165278389466239,-0.0471977173373357));
#2104=CARTESIAN_POINT('',(0.00376835433624453,-0.0165278389466239,-0.045599829059829));
#2105=CARTESIAN_POINT('',(0.00376835433624453,-0.0165278389466239,-0.0449263247863248));
#2106=CARTESIAN_POINT('',(0.00376835433624453,-0.0165278389466239,-0.0438318803418804));
#2107=CARTESIAN_POINT('',(0.00376835433624453,-0.0165278389466239,-0.0434109401709401));
#2108=CARTESIAN_POINT('',(0.00376835433624453,-0.0165278389466239,-0.0425690598290598));
#2109=CARTESIAN_POINT('',(0.00376835433624453,-0.0165278389466239,-0.0421481196581197));
#2110=CARTESIAN_POINT('',(0.00376835433624453,-0.0165278389466239,-0.0410536752136752));
#2111=CARTESIAN_POINT('',(0.00376835433624453,-0.0165278389466239,-0.040380170940171));
#2112=CARTESIAN_POINT('',(0.00376835433624453,-0.0165278389466239,-0.0387822826626643));
#2113=CARTESIAN_POINT('',(0.00376835433624453,-0.0165278389466239,-0.0378578986586619));
#2114=CARTESIAN_POINT('',(0.00376835433624453,-0.0165278389466239,-0.0369335146546595));
#2115=EDGE_LOOP('',(#4155,#4156,#4157,#4158));
#2116=B_SPLINE_CURVE_WITH_KNOTS('',3,(#4159,#4160,#4161,#4162,#4163,#4164,#4165),.UNSPECIFIED.,.F.,.F.,(4,3,4),(-0.483466961139479,5.55111512312578E-17,1.0),.UNSPECIFIED.);
#2117=VECTOR('',#4166,1.0);
#2118=EDGE_LOOP('',(#4167,#4168,#4169,#4170));
#2119=CARTESIAN_POINT('',(-0.038051385483148,-0.0670701412089835,-0.0481520232015013));
#2120=CARTESIAN_POINT('',(-0.038051385483148,-0.0670701412089835,-0.0475257932454453));
#2121=CARTESIAN_POINT('',(-0.038051385483148,-0.0670701412089834,-0.0468995632893893));
#2122=CARTESIAN_POINT('',(-0.038051385483148,-0.0670701412089834,-0.0455998290598291));
#2123=CARTESIAN_POINT('',(-0.038051385483148,-0.0670701412089834,-0.0449263247863248));
#2124=CARTESIAN_POINT('',(-0.038051385483148,-0.0670701412089834,-0.0438318803418803));
#2125=CARTESIAN_POINT('',(-0.038051385483148,-0.0670701412089834,-0.0434109401709402));
#2126=CARTESIAN_POINT('',(-0.038051385483148,-0.0670701412089834,-0.0425690598290598));
#2127=CARTESIAN_POINT('',(-0.038051385483148,-0.0670701412089834,-0.0421481196581197));
#2128=CARTESIAN_POINT('',(-0.038051385483148,-0.0670701412089834,-0.0410536752136752));
#2129=CARTESIAN_POINT('',(-0.038051385483148,-0.0670701412089835,-0.0403801709401709));
#2130=CARTESIAN_POINT('',(-0.038051385483148,-0.0670701412089835,-0.0390804367106107));
#2131=CARTESIAN_POINT('',(-0.038051385483148,-0.0670701412089834,-0.0384542067545548));
#2132=CARTESIAN_POINT('',(-0.038051385483148,-0.0670701412089834,-0.0378279767984988));
#2133=CARTESIAN_POINT('',(-0.0383320616248674,-0.0671452773375758,-0.0481520232015013));
#2134=CARTESIAN_POINT('',(-0.0383320616248674,-0.0671452773375758,-0.0475257932454453));
#2135=CARTESIAN_POINT('',(-0.0383320616248674,-0.0671452773375758,-0.0468995632893893));
#2136=CARTESIAN_POINT('',(-0.0383320616248674,-0.0671452773375758,-0.0455998290598291));
#2137=CARTESIAN_POINT('',(-0.0383320616248674,-0.0671452773375758,-0.0449263247863248));
#2138=CARTESIAN_POINT('',(-0.0383320616248674,-0.0671452773375758,-0.0438318803418803));
#2139=CARTESIAN_POINT('',(-0.0383320616248674,-0.0671452773375758,-0.0434109401709402));
#2140=CARTESIAN_POINT('',(-0.0383320616248674,-0.0671452773375758,-0.0425690598290598));
#2141=CARTESIAN_POINT('',(-0.0383320616248674,-0.0671452773375758,-0.0421481196581197));
#2142=CARTESIAN_POINT('',(-0.0383320616248674,-0.0671452773375758,-0.0410536752136752));
#2143=CARTESIAN_POINT('',(-0.0383320616248674,-0.0671452773375758,-0.0403801709401709));
#2144=CARTESIAN_POINT('',(-0.0383320616248674,-0.0671452773375758,-0.0390804367106107));
#2145=CARTESIAN_POINT('',(-0.0383320616248674,-0.0671452773375758,-0.0384542067545548));
#2146=CARTESIAN_POINT('',(-0.0383320616248674,-0.0671452773375758,-0.0378279767984988));
#2147=CARTESIAN_POINT('',(-0.03862369644734,-0.0671793436243189,-0.0481520232015013));
#2148=CARTESIAN_POINT('',(-0.03862369644734,-0.0671793436243189,-0.0475257932454453));
#2149=CARTESIAN_POINT('',(-0.03862369644734,-0.0671793436243188,-0.0468995632893893));
#2150=CARTESIAN_POINT('',(-0.03862369644734,-0.0671793436243188,-0.0455998290598291));
#2151=CARTESIAN_POINT('',(-0.03862369644734,-0.0671793436243188,-0.0449263247863248));
#2152=CARTESIAN_POINT('',(-0.03862369644734,-0.0671793436243188,-0.0438318803418803));
#2153=CARTESIAN_POINT('',(-0.03862369644734,-0.0671793436243188,-0.0434109401709402));
#2154=CARTESIAN_POINT('',(-0.03862369644734,-0.0671793436243188,-0.0425690598290598));
#2155=CARTESIAN_POINT('',(-0.03862369644734,-0.0671793436243188,-0.0421481196581197));
#2156=CARTESIAN_POINT('',(-0.03862369644734,-0.0671793436243188,-0.0410536752136752));
#2157=CARTESIAN_POINT('',(-0.03862369644734,-0.0671793436243189,-0.0403801709401709));
#2158=CARTESIAN_POINT('',(-0.03862369644734,-0.0671793436243189,-0.0390804367106107));
#2159=CARTESIAN_POINT('',(-0.03862369644734,-0.0671793436243188,-0.0384542067545548));
#2160=CARTESIAN_POINT('',(-0.03862369644734,-0.0671793436243188,-0.0378279767984988));
#2161=CARTESIAN_POINT('',(-0.039204570194395,-0.0671624964470002,-0.0481520232015013));
#2162=CARTESIAN_POINT('',(-0.039204570194395,-0.0671624964470001,-0.0475257932454453));
#2163=CARTESIAN_POINT('',(-0.039204570194395,-0.0671624964470001,-0.0468995632893893));
#2164=CARTESIAN_POINT('',(-0.039204570194395,-0.0671624964470001,-0.0455998290598291));
#2165=CARTESIAN_POINT('',(-0.039204570194395,-0.0671624964470001,-0.0449263247863248));
#2166=CARTESIAN_POINT('',(-0.039204570194395,-0.0671624964470001,-0.0438318803418803));
#2167=CARTESIAN_POINT('',(-0.039204570194395,-0.0671624964470001,-0.0434109401709402));
#2168=CARTESIAN_POINT('',(-0.039204570194395,-0.0671624964470001,-0.0425690598290598));
#2169=CARTESIAN_POINT('',(-0.039204570194395,-0.0671624964470001,-0.0421481196581197));
#2170=CARTESIAN_POINT('',(-0.039204570194395,-0.0671624964470001,-0.0410536752136752));
#2171=CARTESIAN_POINT('',(-0.039204570194395,-0.0671624964470002,-0.0403801709401709));
#2172=CARTESIAN_POINT('',(-0.039204570194395,-0.0671624964470002,-0.0390804367106107));
#2173=CARTESIAN_POINT('',(-0.039204570194395,-0.0671624964470001,-0.0384542067545548));
#2174=CARTESIAN_POINT('',(-0.039204570194395,-0.0671624964470001,-0.0378279767984988));
#2175=CARTESIAN_POINT('',(-0.039493740392917,-0.0671115849762118,-0.0481520232015013));
#2176=CARTESIAN_POINT('',(-0.039493740392917,-0.0671115849762118,-0.0475257932454453));
#2177=CARTESIAN_POINT('',(-0.039493740392917,-0.0671115849762117,-0.0468995632893893));
#2178=CARTESIAN_POINT('',(-0.039493740392917,-0.0671115849762117,-0.0455998290598291));
#2179=CARTESIAN_POINT('',(-0.039493740392917,-0.0671115849762117,-0.0449263247863248));
#2180=CARTESIAN_POINT('',(-0.039493740392917,-0.0671115849762117,-0.0438318803418803));
#2181=CARTESIAN_POINT('',(-0.039493740392917,-0.0671115849762117,-0.0434109401709402));
#2182=CARTESIAN_POINT('',(-0.039493740392917,-0.0671115849762117,-0.0425690598290598));
#2183=CARTESIAN_POINT('',(-0.039493740392917,-0.0671115849762117,-0.0421481196581197));
#2184=CARTESIAN_POINT('',(-0.039493740392917,-0.0671115849762117,-0.0410536752136752));
#2185=CARTESIAN_POINT('',(-0.039493740392917,-0.0671115849762118,-0.0403801709401709));
#2186=CARTESIAN_POINT('',(-0.039493740392917,-0.0671115849762118,-0.0390804367106107));
#2187=CARTESIAN_POINT('',(-0.039493740392917,-0.0671115849762118,-0.0384542067545548));
#2188=CARTESIAN_POINT('',(-0.039493740392917,-0.0671115849762118,-0.0378279767984988));
#2189=CARTESIAN_POINT('',(-0.0400454396534146,-0.0669290307010831,-0.0481520232015013));
#2190=CARTESIAN_POINT('',(-0.0400454396534146,-0.0669290307010831,-0.0475257932454453));
#2191=CARTESIAN_POINT('',(-0.0400454396534146,-0.0669290307010831,-0.0468995632893893));
#2192=CARTESIAN_POINT('',(-0.0400454396534146,-0.0669290307010831,-0.0455998290598291));
#2193=CARTESIAN_POINT('',(-0.0400454396534146,-0.0669290307010831,-0.0449263247863248));
#2194=CARTESIAN_POINT('',(-0.0400454396534146,-0.0669290307010831,-0.0438318803418803));
#2195=CARTESIAN_POINT('',(-0.0400454396534146,-0.0669290307010831,-0.0434109401709402));
#2196=CARTESIAN_POINT('',(-0.0400454396534146,-0.0669290307010831,-0.0425690598290598));
#2197=CARTESIAN_POINT('',(-0.0400454396534146,-0.0669290307010831,-0.0421481196581197));
#2198=CARTESIAN_POINT('',(-0.0400454396534146,-0.0669290307010831,-0.0410536752136752));
#2199=CARTESIAN_POINT('',(-0.0400454396534146,-0.0669290307010831,-0.0403801709401709));
#2200=CARTESIAN_POINT('',(-0.0400454396534146,-0.0669290307010831,-0.0390804367106107));
#2201=CARTESIAN_POINT('',(-0.0400454396534146,-0.0669290307010831,-0.0384542067545548));
#2202=CARTESIAN_POINT('',(-0.0400454396534146,-0.0669290307010831,-0.0378279767984988));
#2203=CARTESIAN_POINT('',(-0.0403079034411083,-0.0667974094956467,-0.0481520232015013));
#2204=CARTESIAN_POINT('',(-0.0403079034411083,-0.0667974094956466,-0.0475257932454453));
#2205=CARTESIAN_POINT('',(-0.0403079034411083,-0.0667974094956466,-0.0468995632893893));
#2206=CARTESIAN_POINT('',(-0.0403079034411083,-0.0667974094956466,-0.0455998290598291));
#2207=CARTESIAN_POINT('',(-0.0403079034411083,-0.0667974094956466,-0.0449263247863248));
#2208=CARTESIAN_POINT('',(-0.0403079034411083,-0.0667974094956466,-0.0438318803418803));
#2209=CARTESIAN_POINT('',(-0.0403079034411083,-0.0667974094956466,-0.0434109401709402));
#2210=CARTESIAN_POINT('',(-0.0403079034411083,-0.0667974094956466,-0.0425690598290598));
#2211=CARTESIAN_POINT('',(-0.0403079034411083,-0.0667974094956466,-0.0421481196581197));
#2212=CARTESIAN_POINT('',(-0.0403079034411083,-0.0667974094956466,-0.0410536752136752));
#2213=CARTESIAN_POINT('',(-0.0403079034411083,-0.0667974094956467,-0.0403801709401709));
#2214=CARTESIAN_POINT('',(-0.0403079034411083,-0.0667974094956467,-0.0390804367106107));
#2215=CARTESIAN_POINT('',(-0.0403079034411083,-0.0667974094956466,-0.0384542067545548));
#2216=CARTESIAN_POINT('',(-0.0403079034411083,-0.0667974094956466,-0.0378279767984988));
#2217=CARTESIAN_POINT('',(-0.0407841780275744,-0.0664644520573939,-0.0481520232015013));
#2218=CARTESIAN_POINT('',(-0.0407841780275744,-0.0664644520573939,-0.0475257932454453));
#2219=CARTESIAN_POINT('',(-0.0407841780275744,-0.0664644520573939,-0.0468995632893893));
#2220=CARTESIAN_POINT('',(-0.0407841780275744,-0.0664644520573939,-0.0455998290598291));
#2221=CARTESIAN_POINT('',(-0.0407841780275744,-0.0664644520573939,-0.0449263247863248));
#2222=CARTESIAN_POINT('',(-0.0407841780275744,-0.0664644520573939,-0.0438318803418803));
#2223=CARTESIAN_POINT('',(-0.0407841780275744,-0.0664644520573939,-0.0434109401709402));
#2224=CARTESIAN_POINT('',(-0.0407841780275744,-0.0664644520573939,-0.0425690598290598));
#2225=CARTESIAN_POINT('',(-0.0407841780275744,-0.0664644520573939,-0.0421481196581197));
#2226=CARTESIAN_POINT('',(-0.0407841780275744,-0.0664644520573939,-0.0410536752136752));
#2227=CARTESIAN_POINT('',(-0.0407841780275744,-0.0664644520573939,-0.0403801709401709));
#2228=CARTESIAN_POINT('',(-0.0407841780275744,-0.0664644520573939,-0.0390804367106107));
#2229=CARTESIAN_POINT('',(-0.0407841780275744,-0.0664644520573939,-0.0384542067545548));
#2230=CARTESIAN_POINT('',(-0.0407841780275744,-0.0664644520573939,-0.0378279767984988));
#2231=CARTESIAN_POINT('',(-0.0409979324759331,-0.0662631552184273,-0.0481520232015013));
#2232=CARTESIAN_POINT('',(-0.0409979324759331,-0.0662631552184273,-0.0475257932454453));
#2233=CARTESIAN_POINT('',(-0.0409979324759331,-0.0662631552184273,-0.0468995632893893));
#2234=CARTESIAN_POINT('',(-0.0409979324759331,-0.0662631552184273,-0.0455998290598291));
#2235=CARTESIAN_POINT('',(-0.0409979324759331,-0.0662631552184273,-0.0449263247863248));
#2236=CARTESIAN_POINT('',(-0.0409979324759331,-0.0662631552184273,-0.0438318803418803));
#2237=CARTESIAN_POINT('',(-0.0409979324759331,-0.0662631552184273,-0.0434109401709402));
#2238=CARTESIAN_POINT('',(-0.0409979324759331,-0.0662631552184273,-0.0425690598290598));
#2239=CARTESIAN_POINT('',(-0.0409979324759331,-0.0662631552184273,-0.0421481196581197));
#2240=CARTESIAN_POINT('',(-0.0409979324759331,-0.0662631552184273,-0.0410536752136752));
#2241=CARTESIAN_POINT('',(-0.0409979324759331,-0.0662631552184273,-0.0403801709401709));
#2242=CARTESIAN_POINT('',(-0.0409979324759331,-0.0662631552184273,-0.0390804367106107));
#2243=CARTESIAN_POINT('',(-0.0409979324759331,-0.0662631552184273,-0.0384542067545548));
#2244=CARTESIAN_POINT('',(-0.0409979324759331,-0.0662631552184273,-0.0378279767984988));
#2245=CARTESIAN_POINT('',(-0.0413588552206328,-0.0658077071865293,-0.0481520232015013));
#2246=CARTESIAN_POINT('',(-0.0413588552206328,-0.0658077071865293,-0.0475257932454453));
#2247=CARTESIAN_POINT('',(-0.0413588552206328,-0.0658077071865292,-0.0468995632893893));
#2248=CARTESIAN_POINT('',(-0.0413588552206328,-0.0658077071865292,-0.0455998290598291));
#2249=CARTESIAN_POINT('',(-0.0413588552206328,-0.0658077071865292,-0.0449263247863248));
#2250=CARTESIAN_POINT('',(-0.0413588552206328,-0.0658077071865292,-0.0438318803418803));
#2251=CARTESIAN_POINT('',(-0.0413588552206328,-0.0658077071865292,-0.0434109401709402));
#2252=CARTESIAN_POINT('',(-0.0413588552206328,-0.0658077071865292,-0.0425690598290598));
#2253=CARTESIAN_POINT('',(-0.0413588552206328,-0.0658077071865292,-0.0421481196581197));
#2254=CARTESIAN_POINT('',(-0.0413588552206328,-0.0658077071865292,-0.0410536752136752));
#2255=CARTESIAN_POINT('',(-0.0413588552206328,-0.0658077071865292,-0.0403801709401709));
#2256=CARTESIAN_POINT('',(-0.0413588552206328,-0.0658077071865292,-0.0390804367106107));
#2257=CARTESIAN_POINT('',(-0.0413588552206328,-0.0658077071865292,-0.0384542067545548));
#2258=CARTESIAN_POINT('',(-0.0413588552206328,-0.0658077071865292,-0.0378279767984988));
#2259=CARTESIAN_POINT('',(-0.0415059808144099,-0.0655536098799185,-0.0481520232015013));
#2260=CARTESIAN_POINT('',(-0.0415059808144099,-0.0655536098799185,-0.0475257932454453));
#2261=CARTESIAN_POINT('',(-0.0415059808144099,-0.0655536098799185,-0.0468995632893893));
#2262=CARTESIAN_POINT('',(-0.0415059808144099,-0.0655536098799185,-0.0455998290598291));
#2263=CARTESIAN_POINT('',(-0.0415059808144099,-0.0655536098799185,-0.0449263247863248));
#2264=CARTESIAN_POINT('',(-0.0415059808144099,-0.0655536098799185,-0.0438318803418803));
#2265=CARTESIAN_POINT('',(-0.0415059808144099,-0.0655536098799185,-0.0434109401709402));
#2266=CARTESIAN_POINT('',(-0.0415059808144099,-0.0655536098799185,-0.0425690598290598));
#2267=CARTESIAN_POINT('',(-0.0415059808144099,-0.0655536098799185,-0.0421481196581197));
#2268=CARTESIAN_POINT('',(-0.0415059808144099,-0.0655536098799185,-0.0410536752136752));
#2269=CARTESIAN_POINT('',(-0.0415059808144099,-0.0655536098799185,-0.0403801709401709));
#2270=CARTESIAN_POINT('',(-0.0415059808144099,-0.0655536098799185,-0.0390804367106107));
#2271=CARTESIAN_POINT('',(-0.0415059808144099,-0.0655536098799185,-0.0384542067545548));
#2272=CARTESIAN_POINT('',(-0.0415059808144099,-0.0655536098799185,-0.0378279767984988));
#2273=CARTESIAN_POINT('',(-0.0417212947534477,-0.0650138524852889,-0.0481520232015013));
#2274=CARTESIAN_POINT('',(-0.0417212947534477,-0.0650138524852889,-0.0475257932454453));
#2275=CARTESIAN_POINT('',(-0.0417212947534477,-0.0650138524852889,-0.0468995632893893));
#2276=CARTESIAN_POINT('',(-0.0417212947534477,-0.0650138524852889,-0.0455998290598291));
#2277=CARTESIAN_POINT('',(-0.0417212947534477,-0.0650138524852889,-0.0449263247863248));
#2278=CARTESIAN_POINT('',(-0.0417212947534477,-0.0650138524852889,-0.0438318803418803));
#2279=CARTESIAN_POINT('',(-0.0417212947534477,-0.0650138524852889,-0.0434109401709402));
#2280=CARTESIAN_POINT('',(-0.0417212947534477,-0.0650138524852889,-0.0425690598290598));
#2281=CARTESIAN_POINT('',(-0.0417212947534477,-0.0650138524852889,-0.0421481196581197));
#2282=CARTESIAN_POINT('',(-0.0417212947534477,-0.0650138524852889,-0.0410536752136752));
#2283=CARTESIAN_POINT('',(-0.0417212947534477,-0.0650138524852889,-0.0403801709401709));
#2284=CARTESIAN_POINT('',(-0.0417212947534477,-0.0650138524852889,-0.0390804367106107));
#2285=CARTESIAN_POINT('',(-0.0417212947534477,-0.0650138524852889,-0.0384542067545548));
#2286=CARTESIAN_POINT('',(-0.0417212947534477,-0.0650138524852889,-0.0378279767984988));
#2287=CARTESIAN_POINT('',(-0.0417894576238461,-0.0647282562586504,-0.0481520232015013));
#2288=CARTESIAN_POINT('',(-0.0417894576238461,-0.0647282562586504,-0.0475257932454453));
#2289=CARTESIAN_POINT('',(-0.0417894576238461,-0.0647282562586504,-0.0468995632893893));
#2290=CARTESIAN_POINT('',(-0.0417894576238461,-0.0647282562586504,-0.0455998290598291));
#2291=CARTESIAN_POINT('',(-0.0417894576238461,-0.0647282562586504,-0.0449263247863248));
#2292=CARTESIAN_POINT('',(-0.0417894576238461,-0.0647282562586504,-0.0438318803418803));
#2293=CARTESIAN_POINT('',(-0.0417894576238461,-0.0647282562586504,-0.0434109401709402));
#2294=CARTESIAN_POINT('',(-0.0417894576238461,-0.0647282562586504,-0.0425690598290598));
#2295=CARTESIAN_POINT('',(-0.0417894576238461,-0.0647282562586504,-0.0421481196581197));
#2296=CARTESIAN_POINT('',(-0.0417894576238461,-0.0647282562586504,-0.0410536752136752));
#2297=CARTESIAN_POINT('',(-0.0417894576238461,-0.0647282562586504,-0.0403801709401709));
#2298=CARTESIAN_POINT('',(-0.0417894576238461,-0.0647282562586504,-0.0390804367106107));
#2299=CARTESIAN_POINT('',(-0.0417894576238461,-0.0647282562586504,-0.0384542067545548));
#2300=CARTESIAN_POINT('',(-0.0417894576238461,-0.0647282562586504,-0.0378279767984988));
#2301=CARTESIAN_POINT('',(-0.0418152850651086,-0.0644388474169953,-0.0481520232015013));
#2302=CARTESIAN_POINT('',(-0.0418152850651086,-0.0644388474169953,-0.0475257932454453));
#2303=CARTESIAN_POINT('',(-0.0418152850651086,-0.0644388474169953,-0.0468995632893893));
#2304=CARTESIAN_POINT('',(-0.0418152850651086,-0.0644388474169953,-0.0455998290598291));
#2305=CARTESIAN_POINT('',(-0.0418152850651086,-0.0644388474169953,-0.0449263247863248));
#2306=CARTESIAN_POINT('',(-0.0418152850651086,-0.0644388474169953,-0.0438318803418803));
#2307=CARTESIAN_POINT('',(-0.0418152850651086,-0.0644388474169953,-0.0434109401709402));
#2308=CARTESIAN_POINT('',(-0.0418152850651086,-0.0644388474169953,-0.0425690598290598));
#2309=CARTESIAN_POINT('',(-0.0418152850651086,-0.0644388474169953,-0.0421481196581197));
#2310=CARTESIAN_POINT('',(-0.0418152850651086,-0.0644388474169953,-0.0410536752136752));
#2311=CARTESIAN_POINT('',(-0.0418152850651086,-0.0644388474169953,-0.0403801709401709));
#2312=CARTESIAN_POINT('',(-0.0418152850651086,-0.0644388474169953,-0.0390804367106107));
#2313=CARTESIAN_POINT('',(-0.0418152850651086,-0.0644388474169953,-0.0384542067545548));
#2314=CARTESIAN_POINT('',(-0.0418152850651086,-0.0644388474169953,-0.0378279767984988));
#2315=EDGE_LOOP('',(#4171,#4172,#4173,#4174));
#2316=AXIS2_PLACEMENT_3D('',#4175,#4176,#4177);
#2317=EDGE_LOOP('',(#4178,#4179,#4180,#4181));
#2318=CARTESIAN_POINT('',(-0.0499838502371556,-0.0651562565387857,-0.0481551047361332));
#2319=CARTESIAN_POINT('',(-0.0499838502371556,-0.0651562565387857,-0.0475278476018666));
#2320=CARTESIAN_POINT('',(-0.0499838502371556,-0.0651562565387857,-0.0469005904676));
#2321=CARTESIAN_POINT('',(-0.0499838502371556,-0.0651562565387857,-0.0455998290598291));
#2322=CARTESIAN_POINT('',(-0.0499838502371556,-0.0651562565387857,-0.0449263247863248));
#2323=CARTESIAN_POINT('',(-0.0499838502371556,-0.0651562565387857,-0.0438318803418803));
#2324=CARTESIAN_POINT('',(-0.0499838502371556,-0.0651562565387858,-0.0434109401709402));
#2325=CARTESIAN_POINT('',(-0.0499838502371556,-0.0651562565387857,-0.0425690598290598));
#2326=CARTESIAN_POINT('',(-0.0499838502371556,-0.0651562565387857,-0.0421481196581197));
#2327=CARTESIAN_POINT('',(-0.0499838502371556,-0.0651562565387857,-0.0410536752136752));
#2328=CARTESIAN_POINT('',(-0.0499838502371556,-0.0651562565387857,-0.0403801709401709));
#2329=CARTESIAN_POINT('',(-0.0499838502371556,-0.0651562565387857,-0.0390794095324));
#2330=CARTESIAN_POINT('',(-0.0499838502371556,-0.0651562565387857,-0.0384521523981334));
#2331=CARTESIAN_POINT('',(-0.0499838502371556,-0.0651562565387857,-0.0378248952638668));
#2332=CARTESIAN_POINT('',(-0.0499580643540143,-0.0654451997018012,-0.0481551047361332));
#2333=CARTESIAN_POINT('',(-0.0499580643540143,-0.0654451997018012,-0.0475278476018666));
#2334=CARTESIAN_POINT('',(-0.0499580643540143,-0.0654451997018012,-0.0469005904676));
#2335=CARTESIAN_POINT('',(-0.0499580643540143,-0.0654451997018012,-0.0455998290598291));
#2336=CARTESIAN_POINT('',(-0.0499580643540143,-0.0654451997018012,-0.0449263247863248));
#2337=CARTESIAN_POINT('',(-0.0499580643540143,-0.0654451997018012,-0.0438318803418803));
#2338=CARTESIAN_POINT('',(-0.0499580643540143,-0.0654451997018012,-0.0434109401709402));
#2339=CARTESIAN_POINT('',(-0.0499580643540143,-0.0654451997018012,-0.0425690598290598));
#2340=CARTESIAN_POINT('',(-0.0499580643540143,-0.0654451997018012,-0.0421481196581197));
#2341=CARTESIAN_POINT('',(-0.0499580643540143,-0.0654451997018012,-0.0410536752136752));
#2342=CARTESIAN_POINT('',(-0.0499580643540143,-0.0654451997018012,-0.0403801709401709));
#2343=CARTESIAN_POINT('',(-0.0499580643540143,-0.0654451997018012,-0.0390794095324));
#2344=CARTESIAN_POINT('',(-0.0499580643540143,-0.0654451997018012,-0.0384521523981334));
#2345=CARTESIAN_POINT('',(-0.0499580643540143,-0.0654451997018012,-0.0378248952638668));
#2346=CARTESIAN_POINT('',(-0.0499744829134759,-0.0657378750384638,-0.0481551047361332));
#2347=CARTESIAN_POINT('',(-0.0499744829134759,-0.0657378750384638,-0.0475278476018666));
#2348=CARTESIAN_POINT('',(-0.0499744829134759,-0.0657378750384638,-0.0469005904676));
#2349=CARTESIAN_POINT('',(-0.0499744829134759,-0.0657378750384638,-0.0455998290598291));
#2350=CARTESIAN_POINT('',(-0.0499744829134759,-0.0657378750384638,-0.0449263247863248));
#2351=CARTESIAN_POINT('',(-0.0499744829134759,-0.0657378750384638,-0.0438318803418803));
#2352=CARTESIAN_POINT('',(-0.0499744829134759,-0.0657378750384638,-0.0434109401709402));
#2353=CARTESIAN_POINT('',(-0.0499744829134759,-0.0657378750384638,-0.0425690598290598));
#2354=CARTESIAN_POINT('',(-0.0499744829134759,-0.0657378750384638,-0.0421481196581197));
#2355=CARTESIAN_POINT('',(-0.0499744829134759,-0.0657378750384638,-0.0410536752136752));
#2356=CARTESIAN_POINT('',(-0.0499744829134759,-0.0657378750384638,-0.0403801709401709));
#2357=CARTESIAN_POINT('',(-0.0499744829134759,-0.0657378750384638,-0.0390794095324));
#2358=CARTESIAN_POINT('',(-0.0499744829134759,-0.0657378750384638,-0.0384521523981334));
#2359=CARTESIAN_POINT('',(-0.0499744829134759,-0.0657378750384638,-0.0378248952638668));
#2360=CARTESIAN_POINT('',(-0.0500903644677763,-0.0663063675346886,-0.0481551047361332));
#2361=CARTESIAN_POINT('',(-0.0500903644677763,-0.0663063675346886,-0.0475278476018666));
#2362=CARTESIAN_POINT('',(-0.0500903644677763,-0.0663063675346886,-0.0469005904676));
#2363=CARTESIAN_POINT('',(-0.0500903644677763,-0.0663063675346886,-0.0455998290598291));
#2364=CARTESIAN_POINT('',(-0.0500903644677763,-0.0663063675346886,-0.0449263247863248));
#2365=CARTESIAN_POINT('',(-0.0500903644677763,-0.0663063675346886,-0.0438318803418803));
#2366=CARTESIAN_POINT('',(-0.0500903644677763,-0.0663063675346886,-0.0434109401709402));
#2367=CARTESIAN_POINT('',(-0.0500903644677763,-0.0663063675346886,-0.0425690598290598));
#2368=CARTESIAN_POINT('',(-0.0500903644677763,-0.0663063675346886,-0.0421481196581197));
#2369=CARTESIAN_POINT('',(-0.0500903644677763,-0.0663063675346886,-0.0410536752136752));
#2370=CARTESIAN_POINT('',(-0.0500903644677763,-0.0663063675346886,-0.0403801709401709));
#2371=CARTESIAN_POINT('',(-0.0500903644677763,-0.0663063675346886,-0.0390794095324));
#2372=CARTESIAN_POINT('',(-0.0500903644677763,-0.0663063675346886,-0.0384521523981334));
#2373=CARTESIAN_POINT('',(-0.0500903644677763,-0.0663063675346886,-0.0378248952638668));
#2374=CARTESIAN_POINT('',(-0.050189813839948,-0.066582117864081,-0.0481551047361332));
#2375=CARTESIAN_POINT('',(-0.050189813839948,-0.066582117864081,-0.0475278476018666));
#2376=CARTESIAN_POINT('',(-0.050189813839948,-0.066582117864081,-0.0469005904676));
#2377=CARTESIAN_POINT('',(-0.050189813839948,-0.066582117864081,-0.0455998290598291));
#2378=CARTESIAN_POINT('',(-0.050189813839948,-0.066582117864081,-0.0449263247863248));
#2379=CARTESIAN_POINT('',(-0.050189813839948,-0.066582117864081,-0.0438318803418803));
#2380=CARTESIAN_POINT('',(-0.050189813839948,-0.066582117864081,-0.0434109401709402));
#2381=CARTESIAN_POINT('',(-0.050189813839948,-0.066582117864081,-0.0425690598290598));
#2382=CARTESIAN_POINT('',(-0.050189813839948,-0.066582117864081,-0.0421481196581197));
#2383=CARTESIAN_POINT('',(-0.050189813839948,-0.066582117864081,-0.0410536752136752));
#2384=CARTESIAN_POINT('',(-0.050189813839948,-0.066582117864081,-0.0403801709401709));
#2385=CARTESIAN_POINT('',(-0.050189813839948,-0.066582117864081,-0.0390794095324));
#2386=CARTESIAN_POINT('',(-0.050189813839948,-0.066582117864081,-0.0384521523981334));
#2387=CARTESIAN_POINT('',(-0.050189813839948,-0.066582117864081,-0.0378248952638668));
#2388=CARTESIAN_POINT('',(-0.0504634651224228,-0.0670937106987561,-0.0481551047361332));
#2389=CARTESIAN_POINT('',(-0.0504634651224228,-0.0670937106987561,-0.0475278476018666));
#2390=CARTESIAN_POINT('',(-0.0504634651224228,-0.0670937106987561,-0.0469005904676));
#2391=CARTESIAN_POINT('',(-0.0504634651224228,-0.0670937106987561,-0.0455998290598291));
#2392=CARTESIAN_POINT('',(-0.0504634651224228,-0.0670937106987561,-0.0449263247863248));
#2393=CARTESIAN_POINT('',(-0.0504634651224228,-0.0670937106987561,-0.0438318803418803));
#2394=CARTESIAN_POINT('',(-0.0504634651224228,-0.0670937106987561,-0.0434109401709402));
#2395=CARTESIAN_POINT('',(-0.0504634651224228,-0.0670937106987561,-0.0425690598290598));
#2396=CARTESIAN_POINT('',(-0.0504634651224228,-0.0670937106987561,-0.0421481196581197));
#2397=CARTESIAN_POINT('',(-0.0504634651224228,-0.0670937106987561,-0.0410536752136752));
#2398=CARTESIAN_POINT('',(-0.0504634651224228,-0.0670937106987561,-0.0403801709401709));
#2399=CARTESIAN_POINT('',(-0.0504634651224228,-0.0670937106987561,-0.0390794095324));
#2400=CARTESIAN_POINT('',(-0.0504634651224228,-0.0670937106987561,-0.0384521523981334));
#2401=CARTESIAN_POINT('',(-0.0504634651224228,-0.0670937106987561,-0.0378248952638668));
#2402=CARTESIAN_POINT('',(-0.0506376348631514,-0.0673294930628122,-0.0481551047361332));
#2403=CARTESIAN_POINT('',(-0.0506376348631514,-0.0673294930628122,-0.0475278476018666));
#2404=CARTESIAN_POINT('',(-0.0506376348631514,-0.0673294930628122,-0.0469005904676));
#2405=CARTESIAN_POINT('',(-0.0506376348631514,-0.0673294930628122,-0.0455998290598291));
#2406=CARTESIAN_POINT('',(-0.0506376348631514,-0.0673294930628122,-0.0449263247863248));
#2407=CARTESIAN_POINT('',(-0.0506376348631514,-0.0673294930628122,-0.0438318803418803));
#2408=CARTESIAN_POINT('',(-0.0506376348631514,-0.0673294930628122,-0.0434109401709402));
#2409=CARTESIAN_POINT('',(-0.0506376348631514,-0.0673294930628122,-0.0425690598290598));
#2410=CARTESIAN_POINT('',(-0.0506376348631514,-0.0673294930628122,-0.0421481196581197));
#2411=CARTESIAN_POINT('',(-0.0506376348631514,-0.0673294930628122,-0.0410536752136752));
#2412=CARTESIAN_POINT('',(-0.0506376348631514,-0.0673294930628122,-0.0403801709401709));
#2413=CARTESIAN_POINT('',(-0.0506376348631514,-0.0673294930628122,-0.0390794095324));
#2414=CARTESIAN_POINT('',(-0.0506376348631514,-0.0673294930628122,-0.0384521523981334));
#2415=CARTESIAN_POINT('',(-0.0506376348631514,-0.0673294930628122,-0.0378248952638668));
#2416=CARTESIAN_POINT('',(-0.0510461883216904,-0.0677414352000194,-0.0481551047361332));
#2417=CARTESIAN_POINT('',(-0.0510461883216904,-0.0677414352000194,-0.0475278476018666));
#2418=CARTESIAN_POINT('',(-0.0510461883216904,-0.0677414352000194,-0.0469005904676));
#2419=CARTESIAN_POINT('',(-0.0510461883216904,-0.0677414352000194,-0.0455998290598291));
#2420=CARTESIAN_POINT('',(-0.0510461883216904,-0.0677414352000194,-0.0449263247863248));
#2421=CARTESIAN_POINT('',(-0.0510461883216904,-0.0677414352000194,-0.0438318803418803));
#2422=CARTESIAN_POINT('',(-0.0510461883216904,-0.0677414352000194,-0.0434109401709402));
#2423=CARTESIAN_POINT('',(-0.0510461883216904,-0.0677414352000194,-0.0425690598290598));
#2424=CARTESIAN_POINT('',(-0.0510461883216904,-0.0677414352000194,-0.0421481196581197));
#2425=CARTESIAN_POINT('',(-0.0510461883216904,-0.0677414352000194,-0.0410536752136752));
#2426=CARTESIAN_POINT('',(-0.0510461883216904,-0.0677414352000194,-0.0403801709401709));
#2427=CARTESIAN_POINT('',(-0.0510461883216904,-0.0677414352000194,-0.0390794095324));
#2428=CARTESIAN_POINT('',(-0.0510461883216904,-0.0677414352000194,-0.0384521523981334));
#2429=CARTESIAN_POINT('',(-0.0510461883216904,-0.0677414352000194,-0.0378248952638668));
#2430=CARTESIAN_POINT('',(-0.0512805240112556,-0.0679175465465629,-0.0481551047361332));
#2431=CARTESIAN_POINT('',(-0.0512805240112556,-0.0679175465465629,-0.0475278476018666));
#2432=CARTESIAN_POINT('',(-0.0512805240112556,-0.0679175465465629,-0.0469005904676));
#2433=CARTESIAN_POINT('',(-0.0512805240112556,-0.0679175465465629,-0.0455998290598291));
#2434=CARTESIAN_POINT('',(-0.0512805240112556,-0.0679175465465629,-0.0449263247863248));
#2435=CARTESIAN_POINT('',(-0.0512805240112556,-0.0679175465465629,-0.0438318803418803));
#2436=CARTESIAN_POINT('',(-0.0512805240112556,-0.0679175465465629,-0.0434109401709402));
#2437=CARTESIAN_POINT('',(-0.0512805240112556,-0.0679175465465629,-0.0425690598290598));
#2438=CARTESIAN_POINT('',(-0.0512805240112556,-0.0679175465465629,-0.0421481196581197));
#2439=CARTESIAN_POINT('',(-0.0512805240112556,-0.0679175465465629,-0.0410536752136752));
#2440=CARTESIAN_POINT('',(-0.0512805240112556,-0.0679175465465629,-0.0403801709401709));
#2441=CARTESIAN_POINT('',(-0.0512805240112556,-0.0679175465465629,-0.0390794095324));
#2442=CARTESIAN_POINT('',(-0.0512805240112556,-0.0679175465465629,-0.0384521523981334));
#2443=CARTESIAN_POINT('',(-0.0512805240112556,-0.0679175465465629,-0.0378248952638668));
#2444=CARTESIAN_POINT('',(-0.0517898390512362,-0.0681954142181992,-0.0481551047361332));
#2445=CARTESIAN_POINT('',(-0.0517898390512362,-0.0681954142181992,-0.0475278476018666));
#2446=CARTESIAN_POINT('',(-0.0517898390512362,-0.0681954142181992,-0.0469005904676));
#2447=CARTESIAN_POINT('',(-0.0517898390512362,-0.0681954142181992,-0.0455998290598291));
#2448=CARTESIAN_POINT('',(-0.0517898390512362,-0.0681954142181992,-0.0449263247863248));
#2449=CARTESIAN_POINT('',(-0.0517898390512362,-0.0681954142181992,-0.0438318803418803));
#2450=CARTESIAN_POINT('',(-0.0517898390512362,-0.0681954142181992,-0.0434109401709402));
#2451=CARTESIAN_POINT('',(-0.0517898390512362,-0.0681954142181992,-0.0425690598290598));
#2452=CARTESIAN_POINT('',(-0.0517898390512362,-0.0681954142181992,-0.0421481196581197));
#2453=CARTESIAN_POINT('',(-0.0517898390512362,-0.0681954142181992,-0.0410536752136752));
#2454=CARTESIAN_POINT('',(-0.0517898390512362,-0.0681954142181992,-0.0403801709401709));
#2455=CARTESIAN_POINT('',(-0.0517898390512362,-0.0681954142181992,-0.0390794095324));
#2456=CARTESIAN_POINT('',(-0.0517898390512362,-0.0681954142181992,-0.0384521523981334));
#2457=CARTESIAN_POINT('',(-0.0517898390512362,-0.0681954142181992,-0.0378248952638668));
#2458=CARTESIAN_POINT('',(-0.0520647585281953,-0.0682971378780522,-0.0481551047361332));
#2459=CARTESIAN_POINT('',(-0.0520647585281953,-0.0682971378780522,-0.0475278476018666));
#2460=CARTESIAN_POINT('',(-0.0520647585281953,-0.0682971378780522,-0.0469005904676));
#2461=CARTESIAN_POINT('',(-0.0520647585281953,-0.0682971378780522,-0.0455998290598291));
#2462=CARTESIAN_POINT('',(-0.0520647585281953,-0.0682971378780522,-0.0449263247863248));
#2463=CARTESIAN_POINT('',(-0.0520647585281953,-0.0682971378780522,-0.0438318803418803));
#2464=CARTESIAN_POINT('',(-0.0520647585281953,-0.0682971378780522,-0.0434109401709402));
#2465=CARTESIAN_POINT('',(-0.0520647585281953,-0.0682971378780523,-0.0425690598290598));
#2466=CARTESIAN_POINT('',(-0.0520647585281953,-0.0682971378780522,-0.0421481196581197));
#2467=CARTESIAN_POINT('',(-0.0520647585281953,-0.0682971378780522,-0.0410536752136752));
#2468=CARTESIAN_POINT('',(-0.0520647585281953,-0.0682971378780522,-0.0403801709401709));
#2469=CARTESIAN_POINT('',(-0.0520647585281953,-0.0682971378780522,-0.0390794095324));
#2470=CARTESIAN_POINT('',(-0.0520647585281953,-0.0682971378780522,-0.0384521523981334));
#2471=CARTESIAN_POINT('',(-0.0520647585281953,-0.0682971378780522,-0.0378248952638668));
#2472=CARTESIAN_POINT('',(-0.0526322744566364,-0.0684177111912547,-0.0481551047361332));
#2473=CARTESIAN_POINT('',(-0.0526322744566364,-0.0684177111912547,-0.0475278476018666));
#2474=CARTESIAN_POINT('',(-0.0526322744566364,-0.0684177111912547,-0.0469005904676));
#2475=CARTESIAN_POINT('',(-0.0526322744566364,-0.0684177111912547,-0.0455998290598291));
#2476=CARTESIAN_POINT('',(-0.0526322744566364,-0.0684177111912547,-0.0449263247863248));
#2477=CARTESIAN_POINT('',(-0.0526322744566364,-0.0684177111912547,-0.0438318803418803));
#2478=CARTESIAN_POINT('',(-0.0526322744566364,-0.0684177111912547,-0.0434109401709402));
#2479=CARTESIAN_POINT('',(-0.0526322744566364,-0.0684177111912547,-0.0425690598290598));
#2480=CARTESIAN_POINT('',(-0.0526322744566364,-0.0684177111912547,-0.0421481196581197));
#2481=CARTESIAN_POINT('',(-0.0526322744566364,-0.0684177111912547,-0.0410536752136752));
#2482=CARTESIAN_POINT('',(-0.0526322744566364,-0.0684177111912547,-0.0403801709401709));
#2483=CARTESIAN_POINT('',(-0.0526322744566364,-0.0684177111912547,-0.0390794095324));
#2484=CARTESIAN_POINT('',(-0.0526322744566364,-0.0684177111912547,-0.0384521523981334));
#2485=CARTESIAN_POINT('',(-0.0526322744566364,-0.0684177111912547,-0.0378248952638668));
#2486=CARTESIAN_POINT('',(-0.0529248041927508,-0.0684365466703889,-0.0481551047361332));
#2487=CARTESIAN_POINT('',(-0.0529248041927508,-0.0684365466703889,-0.0475278476018666));
#2488=CARTESIAN_POINT('',(-0.0529248041927508,-0.0684365466703889,-0.0469005904676));
#2489=CARTESIAN_POINT('',(-0.0529248041927508,-0.0684365466703889,-0.0455998290598291));
#2490=CARTESIAN_POINT('',(-0.0529248041927508,-0.0684365466703889,-0.0449263247863248));
#2491=CARTESIAN_POINT('',(-0.0529248041927508,-0.0684365466703889,-0.0438318803418803));
#2492=CARTESIAN_POINT('',(-0.0529248041927508,-0.0684365466703889,-0.0434109401709402));
#2493=CARTESIAN_POINT('',(-0.0529248041927508,-0.0684365466703889,-0.0425690598290598));
#2494=CARTESIAN_POINT('',(-0.0529248041927508,-0.0684365466703889,-0.0421481196581197));
#2495=CARTESIAN_POINT('',(-0.0529248041927508,-0.0684365466703889,-0.0410536752136752));
#2496=CARTESIAN_POINT('',(-0.0529248041927508,-0.0684365466703889,-0.0403801709401709));
#2497=CARTESIAN_POINT('',(-0.0529248041927508,-0.0684365466703889,-0.0390794095324));
#2498=CARTESIAN_POINT('',(-0.0529248041927508,-0.0684365466703889,-0.0384521523981334));
#2499=CARTESIAN_POINT('',(-0.0529248041927508,-0.0684365466703889,-0.0378248952638668));
#2500=CARTESIAN_POINT('',(-0.0532139504885639,-0.0684131483191582,-0.0481551047361332));
#2501=CARTESIAN_POINT('',(-0.0532139504885639,-0.0684131483191582,-0.0475278476018666));
#2502=CARTESIAN_POINT('',(-0.0532139504885639,-0.0684131483191582,-0.0469005904676));
#2503=CARTESIAN_POINT('',(-0.0532139504885639,-0.0684131483191582,-0.0455998290598291));
#2504=CARTESIAN_POINT('',(-0.0532139504885639,-0.0684131483191582,-0.0449263247863248));
#2505=CARTESIAN_POINT('',(-0.0532139504885639,-0.0684131483191582,-0.0438318803418803));
#2506=CARTESIAN_POINT('',(-0.0532139504885639,-0.0684131483191582,-0.0434109401709402));
#2507=CARTESIAN_POINT('',(-0.0532139504885639,-0.0684131483191583,-0.0425690598290598));
#2508=CARTESIAN_POINT('',(-0.0532139504885639,-0.0684131483191582,-0.0421481196581197));
#2509=CARTESIAN_POINT('',(-0.0532139504885639,-0.0684131483191582,-0.0410536752136752));
#2510=CARTESIAN_POINT('',(-0.0532139504885639,-0.0684131483191582,-0.0403801709401709));
#2511=CARTESIAN_POINT('',(-0.0532139504885639,-0.0684131483191582,-0.0390794095324));
#2512=CARTESIAN_POINT('',(-0.0532139504885639,-0.0684131483191582,-0.0384521523981334));
#2513=CARTESIAN_POINT('',(-0.0532139504885639,-0.0684131483191582,-0.0378248952638668));
#2514=EDGE_LOOP('',(#4182,#4183,#4184,#4185));
#2515=B_SPLINE_CURVE_WITH_KNOTS('',3,(#4186,#4187,#4188,#4189,#4190,#4191,#4192),.UNSPECIFIED.,.F.,.F.,(4,3,4),(-1.06912922704875,0.0,1.0),.UNSPECIFIED.);
#2516=VECTOR('',#4193,1.0);
#2517=EDGE_LOOP('',(#4194,#4195,#4196,#4197));
#2518=CARTESIAN_POINT('',(-0.10591756874369,-0.00819994874833527,-0.0481726362553234));
#2519=CARTESIAN_POINT('',(-0.10591756874369,-0.00819994874833527,-0.0475395352813267));
#2520=CARTESIAN_POINT('',(-0.10591756874369,-0.00819994874833527,-0.04690643430733));
#2521=CARTESIAN_POINT('',(-0.10591756874369,-0.00819994874833527,-0.0455998290598291));
#2522=CARTESIAN_POINT('',(-0.10591756874369,-0.00819994874833527,-0.0449263247863248));
#2523=CARTESIAN_POINT('',(-0.10591756874369,-0.00819994874833527,-0.0438318803418803));
#2524=CARTESIAN_POINT('',(-0.10591756874369,-0.00819994874833527,-0.0434109401709402));
#2525=CARTESIAN_POINT('',(-0.10591756874369,-0.00819994874833527,-0.0425690598290598));
#2526=CARTESIAN_POINT('',(-0.10591756874369,-0.00819994874833527,-0.0421481196581197));
#2527=CARTESIAN_POINT('',(-0.10591756874369,-0.00819994874833527,-0.0410536752136752));
#2528=CARTESIAN_POINT('',(-0.10591756874369,-0.00819994874833527,-0.0403801709401709));
#2529=CARTESIAN_POINT('',(-0.10591756874369,-0.00819994874833527,-0.0390735656926699));
#2530=CARTESIAN_POINT('',(-0.10591756874369,-0.00819994874833527,-0.0384404647186732));
#2531=CARTESIAN_POINT('',(-0.10591756874369,-0.00819994874833527,-0.0378073637446765));
#2532=CARTESIAN_POINT('',(-0.105899725198174,-0.00791304311764677,-0.0481726362553234));
#2533=CARTESIAN_POINT('',(-0.105899725198174,-0.00791304311764677,-0.0475395352813267));
#2534=CARTESIAN_POINT('',(-0.105899725198174,-0.00791304311764677,-0.04690643430733));
#2535=CARTESIAN_POINT('',(-0.105899725198174,-0.00791304311764677,-0.0455998290598291));
#2536=CARTESIAN_POINT('',(-0.105899725198174,-0.00791304311764677,-0.0449263247863248));
#2537=CARTESIAN_POINT('',(-0.105899725198174,-0.00791304311764677,-0.0438318803418803));
#2538=CARTESIAN_POINT('',(-0.105899725198174,-0.00791304311764677,-0.0434109401709402));
#2539=CARTESIAN_POINT('',(-0.105899725198174,-0.00791304311764677,-0.0425690598290598));
#2540=CARTESIAN_POINT('',(-0.105899725198174,-0.00791304311764677,-0.0421481196581197));
#2541=CARTESIAN_POINT('',(-0.105899725198174,-0.00791304311764677,-0.0410536752136752));
#2542=CARTESIAN_POINT('',(-0.105899725198174,-0.00791304311764677,-0.0403801709401709));
#2543=CARTESIAN_POINT('',(-0.105899725198174,-0.00791304311764677,-0.0390735656926699));
#2544=CARTESIAN_POINT('',(-0.105899725198174,-0.00791304311764677,-0.0384404647186732));
#2545=CARTESIAN_POINT('',(-0.105899725198174,-0.00791304311764677,-0.0378073637446765));
#2546=CARTESIAN_POINT('',(-0.105840365112571,-0.00762875217715606,-0.0481726362553234));
#2547=CARTESIAN_POINT('',(-0.105840365112571,-0.00762875217715606,-0.0475395352813267));
#2548=CARTESIAN_POINT('',(-0.105840365112571,-0.00762875217715606,-0.04690643430733));
#2549=CARTESIAN_POINT('',(-0.105840365112571,-0.00762875217715606,-0.0455998290598291));
#2550=CARTESIAN_POINT('',(-0.105840365112571,-0.00762875217715606,-0.0449263247863248));
#2551=CARTESIAN_POINT('',(-0.105840365112571,-0.00762875217715606,-0.0438318803418803));
#2552=CARTESIAN_POINT('',(-0.105840365112571,-0.00762875217715606,-0.0434109401709402));
#2553=CARTESIAN_POINT('',(-0.105840365112571,-0.00762875217715606,-0.0425690598290598));
#2554=CARTESIAN_POINT('',(-0.105840365112571,-0.00762875217715606,-0.0421481196581197));
#2555=CARTESIAN_POINT('',(-0.105840365112571,-0.00762875217715606,-0.0410536752136752));
#2556=CARTESIAN_POINT('',(-0.105840365112571,-0.00762875217715606,-0.0403801709401709));
#2557=CARTESIAN_POINT('',(-0.105840365112571,-0.00762875217715606,-0.0390735656926699));
#2558=CARTESIAN_POINT('',(-0.105840365112571,-0.00762875217715606,-0.0384404647186732));
#2559=CARTESIAN_POINT('',(-0.105840365112571,-0.00762875217715606,-0.0378073637446765));
#2560=CARTESIAN_POINT('',(-0.105643456926412,-0.00708860395826349,-0.0481726362553234));
#2561=CARTESIAN_POINT('',(-0.105643456926412,-0.00708860395826349,-0.0475395352813267));
#2562=CARTESIAN_POINT('',(-0.105643456926412,-0.00708860395826349,-0.04690643430733));
#2563=CARTESIAN_POINT('',(-0.105643456926412,-0.00708860395826349,-0.0455998290598291));
#2564=CARTESIAN_POINT('',(-0.105643456926412,-0.00708860395826349,-0.0449263247863248));
#2565=CARTESIAN_POINT('',(-0.105643456926412,-0.00708860395826349,-0.0438318803418803));
#2566=CARTESIAN_POINT('',(-0.105643456926412,-0.00708860395826349,-0.0434109401709402));
#2567=CARTESIAN_POINT('',(-0.105643456926412,-0.00708860395826349,-0.0425690598290598));
#2568=CARTESIAN_POINT('',(-0.105643456926412,-0.00708860395826349,-0.0421481196581197));
#2569=CARTESIAN_POINT('',(-0.105643456926412,-0.00708860395826349,-0.0410536752136752));
#2570=CARTESIAN_POINT('',(-0.105643456926412,-0.00708860395826349,-0.0403801709401709));
#2571=CARTESIAN_POINT('',(-0.105643456926412,-0.00708860395826349,-0.0390735656926699));
#2572=CARTESIAN_POINT('',(-0.105643456926412,-0.00708860395826349,-0.0384404647186732));
#2573=CARTESIAN_POINT('',(-0.105643456926412,-0.00708860395826349,-0.0378073637446765));
#2574=CARTESIAN_POINT('',(-0.105505931146805,-0.00683280790952265,-0.0481726362553234));
#2575=CARTESIAN_POINT('',(-0.105505931146805,-0.00683280790952265,-0.0475395352813267));
#2576=CARTESIAN_POINT('',(-0.105505931146805,-0.00683280790952265,-0.04690643430733));
#2577=CARTESIAN_POINT('',(-0.105505931146805,-0.00683280790952265,-0.0455998290598291));
#2578=CARTESIAN_POINT('',(-0.105505931146805,-0.00683280790952265,-0.0449263247863248));
#2579=CARTESIAN_POINT('',(-0.105505931146805,-0.00683280790952265,-0.0438318803418803));
#2580=CARTESIAN_POINT('',(-0.105505931146805,-0.00683280790952265,-0.0434109401709402));
#2581=CARTESIAN_POINT('',(-0.105505931146805,-0.00683280790952265,-0.0425690598290598));
#2582=CARTESIAN_POINT('',(-0.105505931146805,-0.00683280790952265,-0.0421481196581197));
#2583=CARTESIAN_POINT('',(-0.105505931146805,-0.00683280790952265,-0.0410536752136752));
#2584=CARTESIAN_POINT('',(-0.105505931146805,-0.00683280790952265,-0.0403801709401709));
#2585=CARTESIAN_POINT('',(-0.105505931146805,-0.00683280790952265,-0.0390735656926699));
#2586=CARTESIAN_POINT('',(-0.105505931146805,-0.00683280790952265,-0.0384404647186732));
#2587=CARTESIAN_POINT('',(-0.105505931146805,-0.00683280790952265,-0.0378073637446765));
#2588=CARTESIAN_POINT('',(-0.105163961288839,-0.00637065041646215,-0.0481726362553234));
#2589=CARTESIAN_POINT('',(-0.105163961288839,-0.00637065041646215,-0.0475395352813267));
#2590=CARTESIAN_POINT('',(-0.105163961288839,-0.00637065041646215,-0.04690643430733));
#2591=CARTESIAN_POINT('',(-0.105163961288839,-0.00637065041646215,-0.0455998290598291));
#2592=CARTESIAN_POINT('',(-0.105163961288839,-0.00637065041646215,-0.0449263247863248));
#2593=CARTESIAN_POINT('',(-0.105163961288839,-0.00637065041646215,-0.0438318803418803));
#2594=CARTESIAN_POINT('',(-0.105163961288839,-0.00637065041646215,-0.0434109401709402));
#2595=CARTESIAN_POINT('',(-0.105163961288839,-0.00637065041646215,-0.0425690598290598));
#2596=CARTESIAN_POINT('',(-0.105163961288839,-0.00637065041646215,-0.0421481196581197));
#2597=CARTESIAN_POINT('',(-0.105163961288839,-0.00637065041646215,-0.0410536752136752));
#2598=CARTESIAN_POINT('',(-0.105163961288839,-0.00637065041646215,-0.0403801709401709));
#2599=CARTESIAN_POINT('',(-0.105163961288839,-0.00637065041646215,-0.0390735656926699));
#2600=CARTESIAN_POINT('',(-0.105163961288839,-0.00637065041646215,-0.0384404647186732));
#2601=CARTESIAN_POINT('',(-0.105163961288839,-0.00637065041646215,-0.0378073637446765));
#2602=CARTESIAN_POINT('',(-0.104959555975207,-0.00616434136099734,-0.0481726362553234));
#2603=CARTESIAN_POINT('',(-0.104959555975207,-0.00616434136099734,-0.0475395352813267));
#2604=CARTESIAN_POINT('',(-0.104959555975207,-0.00616434136099734,-0.04690643430733));
#2605=CARTESIAN_POINT('',(-0.104959555975207,-0.00616434136099734,-0.0455998290598291));
#2606=CARTESIAN_POINT('',(-0.104959555975207,-0.00616434136099734,-0.0449263247863248));
#2607=CARTESIAN_POINT('',(-0.104959555975207,-0.00616434136099734,-0.0438318803418803));
#2608=CARTESIAN_POINT('',(-0.104959555975207,-0.00616434136099734,-0.0434109401709402));
#2609=CARTESIAN_POINT('',(-0.104959555975207,-0.00616434136099734,-0.0425690598290598));
#2610=CARTESIAN_POINT('',(-0.104959555975207,-0.00616434136099734,-0.0421481196581197));
#2611=CARTESIAN_POINT('',(-0.104959555975207,-0.00616434136099734,-0.0410536752136752));
#2612=CARTESIAN_POINT('',(-0.104959555975207,-0.00616434136099734,-0.0403801709401709));
#2613=CARTESIAN_POINT('',(-0.104959555975207,-0.00616434136099734,-0.0390735656926699));
#2614=CARTESIAN_POINT('',(-0.104959555975207,-0.00616434136099734,-0.0384404647186732));
#2615=CARTESIAN_POINT('',(-0.104959555975207,-0.00616434136099734,-0.0378073637446765));
#2616=CARTESIAN_POINT('',(-0.104500588467582,-0.00581810190759238,-0.0481726362553234));
#2617=CARTESIAN_POINT('',(-0.104500588467582,-0.00581810190759238,-0.0475395352813267));
#2618=CARTESIAN_POINT('',(-0.104500588467582,-0.00581810190759238,-0.04690643430733));
#2619=CARTESIAN_POINT('',(-0.104500588467582,-0.00581810190759238,-0.0455998290598291));
#2620=CARTESIAN_POINT('',(-0.104500588467582,-0.00581810190759238,-0.0449263247863248));
#2621=CARTESIAN_POINT('',(-0.104500588467582,-0.00581810190759238,-0.0438318803418803));
#2622=CARTESIAN_POINT('',(-0.104500588467582,-0.00581810190759238,-0.0434109401709402));
#2623=CARTESIAN_POINT('',(-0.104500588467582,-0.00581810190759238,-0.0425690598290598));
#2624=CARTESIAN_POINT('',(-0.104500588467582,-0.00581810190759238,-0.0421481196581197));
#2625=CARTESIAN_POINT('',(-0.104500588467582,-0.00581810190759238,-0.0410536752136752));
#2626=CARTESIAN_POINT('',(-0.104500588467582,-0.00581810190759238,-0.0403801709401709));
#2627=CARTESIAN_POINT('',(-0.104500588467582,-0.00581810190759238,-0.0390735656926699));
#2628=CARTESIAN_POINT('',(-0.104500588467582,-0.00581810190759238,-0.0384404647186732));
#2629=CARTESIAN_POINT('',(-0.104500588467582,-0.00581810190759238,-0.0378073637446765));
#2630=CARTESIAN_POINT('',(-0.104246078300837,-0.00567821075836883,-0.0481726362553234));
#2631=CARTESIAN_POINT('',(-0.104246078300837,-0.00567821075836883,-0.0475395352813267));
#2632=CARTESIAN_POINT('',(-0.104246078300837,-0.00567821075836883,-0.04690643430733));
#2633=CARTESIAN_POINT('',(-0.104246078300837,-0.00567821075836883,-0.0455998290598291));
#2634=CARTESIAN_POINT('',(-0.104246078300837,-0.00567821075836883,-0.0449263247863248));
#2635=CARTESIAN_POINT('',(-0.104246078300837,-0.00567821075836883,-0.0438318803418803));
#2636=CARTESIAN_POINT('',(-0.104246078300837,-0.00567821075836883,-0.0434109401709402));
#2637=CARTESIAN_POINT('',(-0.104246078300837,-0.00567821075836883,-0.0425690598290598));
#2638=CARTESIAN_POINT('',(-0.104246078300837,-0.00567821075836883,-0.0421481196581197));
#2639=CARTESIAN_POINT('',(-0.104246078300837,-0.00567821075836883,-0.0410536752136752));
#2640=CARTESIAN_POINT('',(-0.104246078300837,-0.00567821075836883,-0.0403801709401709));
#2641=CARTESIAN_POINT('',(-0.104246078300837,-0.00567821075836883,-0.0390735656926699));
#2642=CARTESIAN_POINT('',(-0.104246078300837,-0.00567821075836883,-0.0384404647186732));
#2643=CARTESIAN_POINT('',(-0.104246078300837,-0.00567821075836883,-0.0378073637446765));
#2644=CARTESIAN_POINT('',(-0.103707778668743,-0.00547630375443542,-0.0481726362553234));
#2645=CARTESIAN_POINT('',(-0.103707778668743,-0.00547630375443542,-0.0475395352813267));
#2646=CARTESIAN_POINT('',(-0.103707778668743,-0.00547630375443542,-0.04690643430733));
#2647=CARTESIAN_POINT('',(-0.103707778668743,-0.00547630375443542,-0.0455998290598291));
#2648=CARTESIAN_POINT('',(-0.103707778668743,-0.00547630375443542,-0.0449263247863248));
#2649=CARTESIAN_POINT('',(-0.103707778668743,-0.00547630375443542,-0.0438318803418803));
#2650=CARTESIAN_POINT('',(-0.103707778668743,-0.00547630375443542,-0.0434109401709402));
#2651=CARTESIAN_POINT('',(-0.103707778668743,-0.00547630375443542,-0.0425690598290598));
#2652=CARTESIAN_POINT('',(-0.103707778668743,-0.00547630375443542,-0.0421481196581197));
#2653=CARTESIAN_POINT('',(-0.103707778668743,-0.00547630375443542,-0.0410536752136752));
#2654=CARTESIAN_POINT('',(-0.103707778668743,-0.00547630375443542,-0.0403801709401709));
#2655=CARTESIAN_POINT('',(-0.103707778668743,-0.00547630375443542,-0.0390735656926699));
#2656=CARTESIAN_POINT('',(-0.103707778668743,-0.00547630375443542,-0.0384404647186732));
#2657=CARTESIAN_POINT('',(-0.103707778668743,-0.00547630375443542,-0.0378073637446765));
#2658=CARTESIAN_POINT('',(-0.103424050223506,-0.00541431078732747,-0.0481726362553234));
#2659=CARTESIAN_POINT('',(-0.103424050223506,-0.00541431078732747,-0.0475395352813267));
#2660=CARTESIAN_POINT('',(-0.103424050223506,-0.00541431078732747,-0.04690643430733));
#2661=CARTESIAN_POINT('',(-0.103424050223506,-0.00541431078732747,-0.0455998290598291));
#2662=CARTESIAN_POINT('',(-0.103424050223506,-0.00541431078732747,-0.0449263247863248));
#2663=CARTESIAN_POINT('',(-0.103424050223506,-0.00541431078732747,-0.0438318803418803));
#2664=CARTESIAN_POINT('',(-0.103424050223506,-0.00541431078732747,-0.0434109401709402));
#2665=CARTESIAN_POINT('',(-0.103424050223506,-0.00541431078732747,-0.0425690598290598));
#2666=CARTESIAN_POINT('',(-0.103424050223506,-0.00541431078732747,-0.0421481196581197));
#2667=CARTESIAN_POINT('',(-0.103424050223506,-0.00541431078732747,-0.0410536752136752));
#2668=CARTESIAN_POINT('',(-0.103424050223506,-0.00541431078732747,-0.0403801709401709));
#2669=CARTESIAN_POINT('',(-0.103424050223506,-0.00541431078732747,-0.0390735656926699));
#2670=CARTESIAN_POINT('',(-0.103424050223506,-0.00541431078732747,-0.0384404647186732));
#2671=CARTESIAN_POINT('',(-0.103424050223506,-0.00541431078732747,-0.0378073637446765));
#2672=CARTESIAN_POINT('',(-0.102850594444579,-0.00537330588805096,-0.0481726362553234));
#2673=CARTESIAN_POINT('',(-0.102850594444579,-0.00537330588805096,-0.0475395352813267));
#2674=CARTESIAN_POINT('',(-0.102850594444579,-0.00537330588805096,-0.04690643430733));
#2675=CARTESIAN_POINT('',(-0.102850594444579,-0.00537330588805096,-0.0455998290598291));
#2676=CARTESIAN_POINT('',(-0.102850594444579,-0.00537330588805096,-0.0449263247863248));
#2677=CARTESIAN_POINT('',(-0.102850594444579,-0.00537330588805096,-0.0438318803418803));
#2678=CARTESIAN_POINT('',(-0.102850594444579,-0.00537330588805096,-0.0434109401709402));
#2679=CARTESIAN_POINT('',(-0.102850594444579,-0.00537330588805096,-0.0425690598290598));
#2680=CARTESIAN_POINT('',(-0.102850594444579,-0.00537330588805096,-0.0421481196581197));
#2681=CARTESIAN_POINT('',(-0.102850594444579,-0.00537330588805096,-0.0410536752136752));
#2682=CARTESIAN_POINT('',(-0.102850594444579,-0.00537330588805096,-0.0403801709401709));
#2683=CARTESIAN_POINT('',(-0.102850594444579,-0.00537330588805096,-0.0390735656926699));
#2684=CARTESIAN_POINT('',(-0.102850594444579,-0.00537330588805096,-0.0384404647186732));
#2685=CARTESIAN_POINT('',(-0.102850594444579,-0.00537330588805096,-0.0378073637446765));
#2686=CARTESIAN_POINT('',(-0.1025609321162,-0.00539429860408078,-0.0481726362553234));
#2687=CARTESIAN_POINT('',(-0.1025609321162,-0.00539429860408078,-0.0475395352813267));
#2688=CARTESIAN_POINT('',(-0.1025609321162,-0.00539429860408078,-0.04690643430733));
#2689=CARTESIAN_POINT('',(-0.1025609321162,-0.00539429860408078,-0.0455998290598291));
#2690=CARTESIAN_POINT('',(-0.1025609321162,-0.00539429860408078,-0.0449263247863248));
#2691=CARTESIAN_POINT('',(-0.1025609321162,-0.00539429860408078,-0.0438318803418803));
#2692=CARTESIAN_POINT('',(-0.1025609321162,-0.00539429860408078,-0.0434109401709402));
#2693=CARTESIAN_POINT('',(-0.1025609321162,-0.00539429860408078,-0.0425690598290598));
#2694=CARTESIAN_POINT('',(-0.1025609321162,-0.00539429860408078,-0.0421481196581197));
#2695=CARTESIAN_POINT('',(-0.1025609321162,-0.00539429860408078,-0.0410536752136752));
#2696=CARTESIAN_POINT('',(-0.1025609321162,-0.00539429860408078,-0.0403801709401709));
#2697=CARTESIAN_POINT('',(-0.1025609321162,-0.00539429860408078,-0.0390735656926699));
#2698=CARTESIAN_POINT('',(-0.1025609321162,-0.00539429860408078,-0.0384404647186732));
#2699=CARTESIAN_POINT('',(-0.1025609321162,-0.00539429860408078,-0.0378073637446765));
#2700=CARTESIAN_POINT('',(-0.102280156700393,-0.00545592975623356,-0.0481726362553234));
#2701=CARTESIAN_POINT('',(-0.102280156700393,-0.00545592975623356,-0.0475395352813267));
#2702=CARTESIAN_POINT('',(-0.102280156700393,-0.00545592975623356,-0.04690643430733));
#2703=CARTESIAN_POINT('',(-0.102280156700393,-0.00545592975623356,-0.0455998290598291));
#2704=CARTESIAN_POINT('',(-0.102280156700393,-0.00545592975623356,-0.0449263247863248));
#2705=CARTESIAN_POINT('',(-0.102280156700393,-0.00545592975623356,-0.0438318803418803));
#2706=CARTESIAN_POINT('',(-0.102280156700393,-0.00545592975623356,-0.0434109401709402));
#2707=CARTESIAN_POINT('',(-0.102280156700393,-0.00545592975623356,-0.0425690598290598));
#2708=CARTESIAN_POINT('',(-0.102280156700393,-0.00545592975623356,-0.0421481196581197));
#2709=CARTESIAN_POINT('',(-0.102280156700393,-0.00545592975623356,-0.0410536752136752));
#2710=CARTESIAN_POINT('',(-0.102280156700393,-0.00545592975623356,-0.0403801709401709));
#2711=CARTESIAN_POINT('',(-0.102280156700393,-0.00545592975623356,-0.0390735656926699));
#2712=CARTESIAN_POINT('',(-0.102280156700393,-0.00545592975623356,-0.0384404647186732));
#2713=CARTESIAN_POINT('',(-0.102280156700393,-0.00545592975623356,-0.0378073637446765));
#2714=EDGE_LOOP('',(#4198,#4199,#4200,#4201));
#2715=AXIS2_PLACEMENT_3D('',#4202,#4203,#4204);
#2716=EDGE_LOOP('',(#4205,#4206,#4207,#4208));
#2717=CARTESIAN_POINT('',(-0.100513963965983,0.00255160621561353,-0.048179220194797));
#2718=CARTESIAN_POINT('',(-0.100513963965983,0.00255160621561353,-0.0475439245743091));
#2719=CARTESIAN_POINT('',(-0.100513963965983,0.00255160621561353,-0.0469086289538212));
#2720=CARTESIAN_POINT('',(-0.100513963965983,0.00255160621561353,-0.0455998290598291));
#2721=CARTESIAN_POINT('',(-0.100513963965983,0.00255160621561353,-0.0449263247863248));
#2722=CARTESIAN_POINT('',(-0.100513963965983,0.00255160621561353,-0.0438318803418803));
#2723=CARTESIAN_POINT('',(-0.100513963965983,0.00255160621561353,-0.0434109401709402));
#2724=CARTESIAN_POINT('',(-0.100513963965983,0.00255160621561353,-0.0425690598290598));
#2725=CARTESIAN_POINT('',(-0.100513963965983,0.00255160621561353,-0.0421481196581197));
#2726=CARTESIAN_POINT('',(-0.100513963965983,0.00255160621561353,-0.0410536752136752));
#2727=CARTESIAN_POINT('',(-0.100513963965983,0.00255160621561353,-0.0403801709401709));
#2728=CARTESIAN_POINT('',(-0.100513963965983,0.00255160621561353,-0.0390713710461788));
#2729=CARTESIAN_POINT('',(-0.100513963965983,0.00255160621561353,-0.0384360754256909));
#2730=CARTESIAN_POINT('',(-0.100513963965983,0.00255160621561353,-0.037800779805203));
#2731=CARTESIAN_POINT('',(-0.100793786107712,0.00261302812088627,-0.048179220194797));
#2732=CARTESIAN_POINT('',(-0.100793786107712,0.00261302812088627,-0.0475439245743091));
#2733=CARTESIAN_POINT('',(-0.100793786107712,0.00261302812088628,-0.0469086289538212));
#2734=CARTESIAN_POINT('',(-0.100793786107712,0.00261302812088628,-0.0455998290598291));
#2735=CARTESIAN_POINT('',(-0.100793786107712,0.00261302812088628,-0.0449263247863248));
#2736=CARTESIAN_POINT('',(-0.100793786107712,0.00261302812088628,-0.0438318803418803));
#2737=CARTESIAN_POINT('',(-0.100793786107712,0.00261302812088628,-0.0434109401709402));
#2738=CARTESIAN_POINT('',(-0.100793786107712,0.00261302812088628,-0.0425690598290598));
#2739=CARTESIAN_POINT('',(-0.100793786107712,0.00261302812088628,-0.0421481196581197));
#2740=CARTESIAN_POINT('',(-0.100793786107712,0.00261302812088628,-0.0410536752136752));
#2741=CARTESIAN_POINT('',(-0.100793786107712,0.00261302812088628,-0.0403801709401709));
#2742=CARTESIAN_POINT('',(-0.100793786107712,0.00261302812088628,-0.0390713710461788));
#2743=CARTESIAN_POINT('',(-0.100793786107712,0.00261302812088628,-0.0384360754256909));
#2744=CARTESIAN_POINT('',(-0.100793786107712,0.00261302812088628,-0.037800779805203));
#2745=CARTESIAN_POINT('',(-0.101064719078915,0.00271479733571467,-0.048179220194797));
#2746=CARTESIAN_POINT('',(-0.101064719078915,0.00271479733571467,-0.0475439245743091));
#2747=CARTESIAN_POINT('',(-0.101064719078915,0.00271479733571467,-0.0469086289538212));
#2748=CARTESIAN_POINT('',(-0.101064719078915,0.00271479733571467,-0.0455998290598291));
#2749=CARTESIAN_POINT('',(-0.101064719078915,0.00271479733571467,-0.0449263247863248));
#2750=CARTESIAN_POINT('',(-0.101064719078915,0.00271479733571467,-0.0438318803418803));
#2751=CARTESIAN_POINT('',(-0.101064719078915,0.00271479733571467,-0.0434109401709402));
#2752=CARTESIAN_POINT('',(-0.101064719078915,0.00271479733571467,-0.0425690598290598));
#2753=CARTESIAN_POINT('',(-0.101064719078915,0.00271479733571467,-0.0421481196581197));
#2754=CARTESIAN_POINT('',(-0.101064719078915,0.00271479733571467,-0.0410536752136752));
#2755=CARTESIAN_POINT('',(-0.101064719078915,0.00271479733571467,-0.0403801709401709));
#2756=CARTESIAN_POINT('',(-0.101064719078915,0.00271479733571467,-0.0390713710461788));
#2757=CARTESIAN_POINT('',(-0.101064719078915,0.00271479733571467,-0.0384360754256909));
#2758=CARTESIAN_POINT('',(-0.101064719078915,0.00271479733571467,-0.037800779805203));
#2759=CARTESIAN_POINT('',(-0.101566840780191,0.00299077944184569,-0.048179220194797));
#2760=CARTESIAN_POINT('',(-0.101566840780191,0.00299077944184569,-0.0475439245743091));
#2761=CARTESIAN_POINT('',(-0.101566840780191,0.00299077944184569,-0.0469086289538212));
#2762=CARTESIAN_POINT('',(-0.101566840780191,0.00299077944184569,-0.0455998290598291));
#2763=CARTESIAN_POINT('',(-0.101566840780191,0.00299077944184569,-0.0449263247863248));
#2764=CARTESIAN_POINT('',(-0.101566840780191,0.00299077944184569,-0.0438318803418803));
#2765=CARTESIAN_POINT('',(-0.101566840780191,0.00299077944184569,-0.0434109401709402));
#2766=CARTESIAN_POINT('',(-0.101566840780191,0.00299077944184569,-0.0425690598290598));
#2767=CARTESIAN_POINT('',(-0.101566840780191,0.00299077944184569,-0.0421481196581197));
#2768=CARTESIAN_POINT('',(-0.101566840780191,0.00299077944184569,-0.0410536752136752));
#2769=CARTESIAN_POINT('',(-0.101566840780191,0.00299077944184569,-0.0403801709401709));
#2770=CARTESIAN_POINT('',(-0.101566840780191,0.00299077944184569,-0.0390713710461788));
#2771=CARTESIAN_POINT('',(-0.101566840780191,0.00299077944184569,-0.0384360754256909));
#2772=CARTESIAN_POINT('',(-0.101566840780191,0.00299077944184569,-0.037800779805203));
#2773=CARTESIAN_POINT('',(-0.101797973358749,0.00316496147048435,-0.048179220194797));
#2774=CARTESIAN_POINT('',(-0.101797973358749,0.00316496147048435,-0.0475439245743091));
#2775=CARTESIAN_POINT('',(-0.101797973358749,0.00316496147048435,-0.0469086289538212));
#2776=CARTESIAN_POINT('',(-0.101797973358749,0.00316496147048435,-0.0455998290598291));
#2777=CARTESIAN_POINT('',(-0.101797973358749,0.00316496147048435,-0.0449263247863248));
#2778=CARTESIAN_POINT('',(-0.101797973358749,0.00316496147048435,-0.0438318803418803));
#2779=CARTESIAN_POINT('',(-0.101797973358749,0.00316496147048435,-0.0434109401709402));
#2780=CARTESIAN_POINT('',(-0.101797973358749,0.00316496147048435,-0.0425690598290598));
#2781=CARTESIAN_POINT('',(-0.101797973358749,0.00316496147048435,-0.0421481196581197));
#2782=CARTESIAN_POINT('',(-0.101797973358749,0.00316496147048435,-0.0410536752136752));
#2783=CARTESIAN_POINT('',(-0.101797973358749,0.00316496147048435,-0.0403801709401709));
#2784=CARTESIAN_POINT('',(-0.101797973358749,0.00316496147048435,-0.0390713710461788));
#2785=CARTESIAN_POINT('',(-0.101797973358749,0.00316496147048435,-0.0384360754256909));
#2786=CARTESIAN_POINT('',(-0.101797973358749,0.00316496147048435,-0.037800779805203));
#2787=CARTESIAN_POINT('',(-0.102201642889848,0.00357158566486892,-0.048179220194797));
#2788=CARTESIAN_POINT('',(-0.102201642889848,0.00357158566486892,-0.0475439245743091));
#2789=CARTESIAN_POINT('',(-0.102201642889848,0.00357158566486892,-0.0469086289538212));
#2790=CARTESIAN_POINT('',(-0.102201642889848,0.00357158566486892,-0.0455998290598291));
#2791=CARTESIAN_POINT('',(-0.102201642889848,0.00357158566486892,-0.0449263247863248));
#2792=CARTESIAN_POINT('',(-0.102201642889848,0.00357158566486892,-0.0438318803418803));
#2793=CARTESIAN_POINT('',(-0.102201642889848,0.00357158566486892,-0.0434109401709402));
#2794=CARTESIAN_POINT('',(-0.102201642889848,0.00357158566486892,-0.0425690598290598));
#2795=CARTESIAN_POINT('',(-0.102201642889848,0.00357158566486892,-0.0421481196581197));
#2796=CARTESIAN_POINT('',(-0.102201642889848,0.00357158566486892,-0.0410536752136752));
#2797=CARTESIAN_POINT('',(-0.102201642889848,0.00357158566486892,-0.0403801709401709));
#2798=CARTESIAN_POINT('',(-0.102201642889848,0.00357158566486892,-0.0390713710461788));
#2799=CARTESIAN_POINT('',(-0.102201642889848,0.00357158566486892,-0.0384360754256909));
#2800=CARTESIAN_POINT('',(-0.102201642889848,0.00357158566486892,-0.037800779805203));
#2801=CARTESIAN_POINT('',(-0.102374134700632,0.00380398235844256,-0.048179220194797));
#2802=CARTESIAN_POINT('',(-0.102374134700632,0.00380398235844256,-0.0475439245743091));
#2803=CARTESIAN_POINT('',(-0.102374134700632,0.00380398235844256,-0.0469086289538212));
#2804=CARTESIAN_POINT('',(-0.102374134700632,0.00380398235844256,-0.0455998290598291));
#2805=CARTESIAN_POINT('',(-0.102374134700632,0.00380398235844256,-0.0449263247863248));
#2806=CARTESIAN_POINT('',(-0.102374134700632,0.00380398235844256,-0.0438318803418803));
#2807=CARTESIAN_POINT('',(-0.102374134700632,0.00380398235844256,-0.0434109401709402));
#2808=CARTESIAN_POINT('',(-0.102374134700632,0.00380398235844256,-0.0425690598290598));
#2809=CARTESIAN_POINT('',(-0.102374134700632,0.00380398235844256,-0.0421481196581197));
#2810=CARTESIAN_POINT('',(-0.102374134700632,0.00380398235844256,-0.0410536752136752));
#2811=CARTESIAN_POINT('',(-0.102374134700632,0.00380398235844256,-0.0403801709401709));
#2812=CARTESIAN_POINT('',(-0.102374134700632,0.00380398235844256,-0.0390713710461788));
#2813=CARTESIAN_POINT('',(-0.102374134700632,0.00380398235844256,-0.0384360754256909));
#2814=CARTESIAN_POINT('',(-0.102374134700632,0.00380398235844256,-0.037800779805203));
#2815=CARTESIAN_POINT('',(-0.102646447633103,0.00430810336832616,-0.048179220194797));
#2816=CARTESIAN_POINT('',(-0.102646447633103,0.00430810336832616,-0.0475439245743091));
#2817=CARTESIAN_POINT('',(-0.102646447633103,0.00430810336832616,-0.0469086289538212));
#2818=CARTESIAN_POINT('',(-0.102646447633103,0.00430810336832616,-0.0455998290598291));
#2819=CARTESIAN_POINT('',(-0.102646447633103,0.00430810336832616,-0.0449263247863248));
#2820=CARTESIAN_POINT('',(-0.102646447633103,0.00430810336832616,-0.0438318803418803));
#2821=CARTESIAN_POINT('',(-0.102646447633103,0.00430810336832616,-0.0434109401709402));
#2822=CARTESIAN_POINT('',(-0.102646447633103,0.00430810336832616,-0.0425690598290598));
#2823=CARTESIAN_POINT('',(-0.102646447633103,0.00430810336832616,-0.0421481196581197));
#2824=CARTESIAN_POINT('',(-0.102646447633103,0.00430810336832616,-0.0410536752136752));
#2825=CARTESIAN_POINT('',(-0.102646447633103,0.00430810336832616,-0.0403801709401709));
#2826=CARTESIAN_POINT('',(-0.102646447633103,0.00430810336832616,-0.0390713710461788));
#2827=CARTESIAN_POINT('',(-0.102646447633103,0.00430810336832616,-0.0384360754256909));
#2828=CARTESIAN_POINT('',(-0.102646447633103,0.00430810336832616,-0.037800779805203));
#2829=CARTESIAN_POINT('',(-0.102746238302443,0.00457977130954157,-0.048179220194797));
#2830=CARTESIAN_POINT('',(-0.102746238302443,0.00457977130954157,-0.0475439245743091));
#2831=CARTESIAN_POINT('',(-0.102746238302443,0.00457977130954157,-0.0469086289538212));
#2832=CARTESIAN_POINT('',(-0.102746238302443,0.00457977130954156,-0.0455998290598291));
#2833=CARTESIAN_POINT('',(-0.102746238302443,0.00457977130954156,-0.0449263247863248));
#2834=CARTESIAN_POINT('',(-0.102746238302443,0.00457977130954156,-0.0438318803418803));
#2835=CARTESIAN_POINT('',(-0.102746238302443,0.00457977130954156,-0.0434109401709402));
#2836=CARTESIAN_POINT('',(-0.102746238302443,0.00457977130954156,-0.0425690598290598));
#2837=CARTESIAN_POINT('',(-0.102746238302443,0.00457977130954156,-0.0421481196581197));
#2838=CARTESIAN_POINT('',(-0.102746238302443,0.00457977130954156,-0.0410536752136752));
#2839=CARTESIAN_POINT('',(-0.102746238302443,0.00457977130954156,-0.0403801709401709));
#2840=CARTESIAN_POINT('',(-0.102746238302443,0.00457977130954156,-0.0390713710461788));
#2841=CARTESIAN_POINT('',(-0.102746238302443,0.00457977130954157,-0.0384360754256909));
#2842=CARTESIAN_POINT('',(-0.102746238302443,0.00457977130954157,-0.037800779805203));
#2843=CARTESIAN_POINT('',(-0.102864997515341,0.00514029657672274,-0.048179220194797));
#2844=CARTESIAN_POINT('',(-0.102864997515341,0.00514029657672273,-0.0475439245743091));
#2845=CARTESIAN_POINT('',(-0.102864997515341,0.00514029657672273,-0.0469086289538212));
#2846=CARTESIAN_POINT('',(-0.102864997515341,0.00514029657672273,-0.0455998290598291));
#2847=CARTESIAN_POINT('',(-0.102864997515341,0.00514029657672273,-0.0449263247863248));
#2848=CARTESIAN_POINT('',(-0.102864997515341,0.00514029657672273,-0.0438318803418803));
#2849=CARTESIAN_POINT('',(-0.102864997515341,0.00514029657672273,-0.0434109401709402));
#2850=CARTESIAN_POINT('',(-0.102864997515341,0.00514029657672273,-0.0425690598290598));
#2851=CARTESIAN_POINT('',(-0.102864997515341,0.00514029657672273,-0.0421481196581197));
#2852=CARTESIAN_POINT('',(-0.102864997515341,0.00514029657672273,-0.0410536752136752));
#2853=CARTESIAN_POINT('',(-0.102864997515341,0.00514029657672273,-0.0403801709401709));
#2854=CARTESIAN_POINT('',(-0.102864997515341,0.00514029657672273,-0.0390713710461788));
#2855=CARTESIAN_POINT('',(-0.102864997515341,0.00514029657672273,-0.0384360754256909));
#2856=CARTESIAN_POINT('',(-0.102864997515341,0.00514029657672274,-0.037800779805203));
#2857=CARTESIAN_POINT('',(-0.102883952778235,0.00542909121999066,-0.048179220194797));
#2858=CARTESIAN_POINT('',(-0.102883952778235,0.00542909121999066,-0.0475439245743091));
#2859=CARTESIAN_POINT('',(-0.102883952778235,0.00542909121999066,-0.0469086289538212));
#2860=CARTESIAN_POINT('',(-0.102883952778235,0.00542909121999066,-0.0455998290598291));
#2861=CARTESIAN_POINT('',(-0.102883952778235,0.00542909121999066,-0.0449263247863248));
#2862=CARTESIAN_POINT('',(-0.102883952778235,0.00542909121999066,-0.0438318803418803));
#2863=CARTESIAN_POINT('',(-0.102883952778235,0.00542909121999066,-0.0434109401709402));
#2864=CARTESIAN_POINT('',(-0.102883952778235,0.00542909121999066,-0.0425690598290598));
#2865=CARTESIAN_POINT('',(-0.102883952778235,0.00542909121999066,-0.0421481196581197));
#2866=CARTESIAN_POINT('',(-0.102883952778235,0.00542909121999066,-0.0410536752136752));
#2867=CARTESIAN_POINT('',(-0.102883952778235,0.00542909121999066,-0.0403801709401709));
#2868=CARTESIAN_POINT('',(-0.102883952778235,0.00542909121999066,-0.0390713710461788));
#2869=CARTESIAN_POINT('',(-0.102883952778235,0.00542909121999066,-0.0384360754256909));
#2870=CARTESIAN_POINT('',(-0.102883952778235,0.00542909121999066,-0.037800779805203));
#2871=CARTESIAN_POINT('',(-0.102839477818312,0.00600033049011885,-0.048179220194797));
#2872=CARTESIAN_POINT('',(-0.102839477818312,0.00600033049011885,-0.0475439245743091));
#2873=CARTESIAN_POINT('',(-0.102839477818312,0.00600033049011885,-0.0469086289538212));
#2874=CARTESIAN_POINT('',(-0.102839477818312,0.00600033049011885,-0.0455998290598291));
#2875=CARTESIAN_POINT('',(-0.102839477818312,0.00600033049011885,-0.0449263247863248));
#2876=CARTESIAN_POINT('',(-0.102839477818312,0.00600033049011885,-0.0438318803418803));
#2877=CARTESIAN_POINT('',(-0.102839477818312,0.00600033049011885,-0.0434109401709402));
#2878=CARTESIAN_POINT('',(-0.102839477818312,0.00600033049011885,-0.0425690598290598));
#2879=CARTESIAN_POINT('',(-0.102839477818312,0.00600033049011885,-0.0421481196581197));
#2880=CARTESIAN_POINT('',(-0.102839477818312,0.00600033049011885,-0.0410536752136752));
#2881=CARTESIAN_POINT('',(-0.102839477818312,0.00600033049011885,-0.0403801709401709));
#2882=CARTESIAN_POINT('',(-0.102839477818312,0.00600033049011885,-0.0390713710461788));
#2883=CARTESIAN_POINT('',(-0.102839477818312,0.00600033049011885,-0.0384360754256909));
#2884=CARTESIAN_POINT('',(-0.102839477818312,0.00600033049011885,-0.037800779805203));
#2885=CARTESIAN_POINT('',(-0.102776052569064,0.00628271123615044,-0.048179220194797));
#2886=CARTESIAN_POINT('',(-0.102776052569064,0.00628271123615044,-0.0475439245743091));
#2887=CARTESIAN_POINT('',(-0.102776052569064,0.00628271123615044,-0.0469086289538212));
#2888=CARTESIAN_POINT('',(-0.102776052569064,0.00628271123615044,-0.0455998290598291));
#2889=CARTESIAN_POINT('',(-0.102776052569064,0.00628271123615044,-0.0449263247863248));
#2890=CARTESIAN_POINT('',(-0.102776052569064,0.00628271123615044,-0.0438318803418803));
#2891=CARTESIAN_POINT('',(-0.102776052569064,0.00628271123615044,-0.0434109401709402));
#2892=CARTESIAN_POINT('',(-0.102776052569064,0.00628271123615044,-0.0425690598290598));
#2893=CARTESIAN_POINT('',(-0.102776052569064,0.00628271123615044,-0.0421481196581197));
#2894=CARTESIAN_POINT('',(-0.102776052569064,0.00628271123615044,-0.0410536752136752));
#2895=CARTESIAN_POINT('',(-0.102776052569064,0.00628271123615044,-0.0403801709401709));
#2896=CARTESIAN_POINT('',(-0.102776052569064,0.00628271123615044,-0.0390713710461788));
#2897=CARTESIAN_POINT('',(-0.102776052569064,0.00628271123615044,-0.0384360754256909));
#2898=CARTESIAN_POINT('',(-0.102776052569064,0.00628271123615044,-0.037800779805203));
#2899=CARTESIAN_POINT('',(-0.102674010652674,0.00655040607873928,-0.048179220194797));
#2900=CARTESIAN_POINT('',(-0.102674010652674,0.00655040607873928,-0.0475439245743091));
#2901=CARTESIAN_POINT('',(-0.102674010652674,0.00655040607873928,-0.0469086289538212));
#2902=CARTESIAN_POINT('',(-0.102674010652674,0.00655040607873928,-0.0455998290598291));
#2903=CARTESIAN_POINT('',(-0.102674010652674,0.00655040607873928,-0.0449263247863248));
#2904=CARTESIAN_POINT('',(-0.102674010652674,0.00655040607873928,-0.0438318803418803));
#2905=CARTESIAN_POINT('',(-0.102674010652674,0.00655040607873928,-0.0434109401709402));
#2906=CARTESIAN_POINT('',(-0.102674010652674,0.00655040607873928,-0.0425690598290598));
#2907=CARTESIAN_POINT('',(-0.102674010652674,0.00655040607873928,-0.0421481196581197));
#2908=CARTESIAN_POINT('',(-0.102674010652674,0.00655040607873928,-0.0410536752136752));
#2909=CARTESIAN_POINT('',(-0.102674010652674,0.00655040607873928,-0.0403801709401709));
#2910=CARTESIAN_POINT('',(-0.102674010652674,0.00655040607873928,-0.0390713710461788));
#2911=CARTESIAN_POINT('',(-0.102674010652674,0.00655040607873928,-0.0384360754256909));
#2912=CARTESIAN_POINT('',(-0.102674010652674,0.00655040607873928,-0.037800779805203));
#2913=EDGE_LOOP('',(#4209,#4210,#4211,#4212));
#2914=B_SPLINE_CURVE_WITH_KNOTS('',3,(#4213,#4214,#4215,#4216,#4217,#4218,#4219),.UNSPECIFIED.,.F.,.F.,(4,3,4),(-0.584026268359414,0.0,1.0),.UNSPECIFIED.);
#2915=VECTOR('',#4220,1.0);
#2916=EDGE_LOOP('',(#4221,#4222,#4223,#4224));
#2917=CARTESIAN_POINT('',(-0.0472570640796174,0.0304050081544248,-0.0503584189869663));
#2918=CARTESIAN_POINT('',(-0.0472570640796174,0.0304050081544248,-0.0490025997749459));
#2919=CARTESIAN_POINT('',(-0.0472570640796174,0.0304050081544248,-0.0476467805629255));
#2920=CARTESIAN_POINT('',(-0.0472570640796174,0.0304050081544248,-0.0451165017556663));
#2921=CARTESIAN_POINT('',(-0.0472570640796174,0.0304050081544248,-0.0439420421604276));
#2922=CARTESIAN_POINT('',(-0.0472570640796174,0.0304050081544248,-0.0420335453181647));
#2923=CARTESIAN_POINT('',(-0.0472570640796174,0.0304050081544248,-0.0412995080711405));
#2924=CARTESIAN_POINT('',(-0.0472570640796174,0.0304050081544248,-0.0398314335770921));
#2925=CARTESIAN_POINT('',(-0.0472570640796174,0.0304050081544248,-0.0390973963300679));
#2926=CARTESIAN_POINT('',(-0.0472570640796174,0.0304050081544248,-0.037449433059707));
#2927=CARTESIAN_POINT('',(-0.0472570640796174,0.0304050081544248,-0.0365355070363704));
#2928=CARTESIAN_POINT('',(-0.0472570640796174,0.0304050081544248,-0.0356215810130338));
#2929=CARTESIAN_POINT('',(-0.0473131251910035,0.0305277025155427,-0.0503584189869663));
#2930=CARTESIAN_POINT('',(-0.0473131251910035,0.0305277025155427,-0.0490025997749459));
#2931=CARTESIAN_POINT('',(-0.0473131251910035,0.0305277025155427,-0.0476467805629255));
#2932=CARTESIAN_POINT('',(-0.0473131251910035,0.0305277025155427,-0.0451165017556663));
#2933=CARTESIAN_POINT('',(-0.0473131251910035,0.0305277025155427,-0.0439420421604276));
#2934=CARTESIAN_POINT('',(-0.0473131251910035,0.0305277025155427,-0.0420335453181647));
#2935=CARTESIAN_POINT('',(-0.0473131251910035,0.0305277025155427,-0.0412995080711405));
#2936=CARTESIAN_POINT('',(-0.0473131251910035,0.0305277025155427,-0.0398314335770921));
#2937=CARTESIAN_POINT('',(-0.0473131251910035,0.0305277025155427,-0.0390973963300679));
#2938=CARTESIAN_POINT('',(-0.0473131251910035,0.0305277025155427,-0.037449433059707));
#2939=CARTESIAN_POINT('',(-0.0473131251910035,0.0305277025155427,-0.0365355070363704));
#2940=CARTESIAN_POINT('',(-0.0473131251910035,0.0305277025155427,-0.0356215810130338));
#2941=CARTESIAN_POINT('',(-0.0473608980180685,0.0306541831150083,-0.0503584189869663));
#2942=CARTESIAN_POINT('',(-0.0473608980180685,0.0306541831150083,-0.0490025997749459));
#2943=CARTESIAN_POINT('',(-0.0473608980180685,0.0306541831150083,-0.0476467805629255));
#2944=CARTESIAN_POINT('',(-0.0473608980180685,0.0306541831150083,-0.0451165017556663));
#2945=CARTESIAN_POINT('',(-0.0473608980180685,0.0306541831150083,-0.0439420421604276));
#2946=CARTESIAN_POINT('',(-0.0473608980180685,0.0306541831150083,-0.0420335453181647));
#2947=CARTESIAN_POINT('',(-0.0473608980180685,0.0306541831150083,-0.0412995080711405));
#2948=CARTESIAN_POINT('',(-0.0473608980180685,0.0306541831150083,-0.0398314335770921));
#2949=CARTESIAN_POINT('',(-0.0473608980180685,0.0306541831150083,-0.0390973963300679));
#2950=CARTESIAN_POINT('',(-0.0473608980180685,0.0306541831150083,-0.037449433059707));
#2951=CARTESIAN_POINT('',(-0.0473608980180685,0.0306541831150083,-0.0365355070363704));
#2952=CARTESIAN_POINT('',(-0.0473608980180685,0.0306541831150083,-0.0356215810130338));
#2953=CARTESIAN_POINT('',(-0.0474390001594534,0.0309124215191061,-0.0503584189869663));
#2954=CARTESIAN_POINT('',(-0.0474390001594534,0.0309124215191061,-0.0490025997749459));
#2955=CARTESIAN_POINT('',(-0.0474390001594534,0.0309124215191061,-0.0476467805629255));
#2956=CARTESIAN_POINT('',(-0.0474390001594534,0.0309124215191061,-0.0451165017556663));
#2957=CARTESIAN_POINT('',(-0.0474390001594534,0.0309124215191061,-0.0439420421604276));
#2958=CARTESIAN_POINT('',(-0.0474390001594534,0.0309124215191061,-0.0420335453181647));
#2959=CARTESIAN_POINT('',(-0.0474390001594534,0.0309124215191061,-0.0412995080711405));
#2960=CARTESIAN_POINT('',(-0.0474390001594534,0.0309124215191061,-0.0398314335770921));
#2961=CARTESIAN_POINT('',(-0.0474390001594534,0.0309124215191061,-0.0390973963300679));
#2962=CARTESIAN_POINT('',(-0.0474390001594534,0.0309124215191061,-0.037449433059707));
#2963=CARTESIAN_POINT('',(-0.0474390001594534,0.0309124215191061,-0.0365355070363704));
#2964=CARTESIAN_POINT('',(-0.0474390001594534,0.0309124215191061,-0.0356215810130338));
#2965=CARTESIAN_POINT('',(-0.0474693290431246,0.0310441778998329,-0.0503584189869663));
#2966=CARTESIAN_POINT('',(-0.0474693290431246,0.0310441778998329,-0.0490025997749459));
#2967=CARTESIAN_POINT('',(-0.0474693290431246,0.0310441778998329,-0.0476467805629255));
#2968=CARTESIAN_POINT('',(-0.0474693290431246,0.0310441778998329,-0.0451165017556663));
#2969=CARTESIAN_POINT('',(-0.0474693290431246,0.0310441778998329,-0.0439420421604276));
#2970=CARTESIAN_POINT('',(-0.0474693290431246,0.0310441778998329,-0.0420335453181647));
#2971=CARTESIAN_POINT('',(-0.0474693290431246,0.0310441778998329,-0.0412995080711405));
#2972=CARTESIAN_POINT('',(-0.0474693290431246,0.0310441778998329,-0.0398314335770921));
#2973=CARTESIAN_POINT('',(-0.0474693290431246,0.0310441778998329,-0.0390973963300679));
#2974=CARTESIAN_POINT('',(-0.0474693290431246,0.0310441778998329,-0.037449433059707));
#2975=CARTESIAN_POINT('',(-0.0474693290431246,0.0310441778998329,-0.0365355070363704));
#2976=CARTESIAN_POINT('',(-0.0474693290431246,0.0310441778998329,-0.0356215810130338));
#2977=CARTESIAN_POINT('',(-0.0475119920514366,0.0313105740063391,-0.0503584189869663));
#2978=CARTESIAN_POINT('',(-0.0475119920514366,0.0313105740063391,-0.0490025997749459));
#2979=CARTESIAN_POINT('',(-0.0475119920514366,0.0313105740063391,-0.0476467805629255));
#2980=CARTESIAN_POINT('',(-0.0475119920514366,0.0313105740063391,-0.0451165017556663));
#2981=CARTESIAN_POINT('',(-0.0475119920514366,0.0313105740063391,-0.0439420421604276));
#2982=CARTESIAN_POINT('',(-0.0475119920514366,0.0313105740063391,-0.0420335453181647));
#2983=CARTESIAN_POINT('',(-0.0475119920514366,0.0313105740063391,-0.0412995080711405));
#2984=CARTESIAN_POINT('',(-0.0475119920514366,0.0313105740063391,-0.0398314335770921));
#2985=CARTESIAN_POINT('',(-0.0475119920514366,0.0313105740063391,-0.0390973963300679));
#2986=CARTESIAN_POINT('',(-0.0475119920514366,0.0313105740063391,-0.037449433059707));
#2987=CARTESIAN_POINT('',(-0.0475119920514366,0.0313105740063391,-0.0365355070363704));
#2988=CARTESIAN_POINT('',(-0.0475119920514366,0.0313105740063391,-0.0356215810130338));
#2989=CARTESIAN_POINT('',(-0.0475243259408371,0.0314452122632323,-0.0503584189869663));
#2990=CARTESIAN_POINT('',(-0.0475243259408371,0.0314452122632323,-0.0490025997749459));
#2991=CARTESIAN_POINT('',(-0.047524325940837,0.0314452122632323,-0.0476467805629255));
#2992=CARTESIAN_POINT('',(-0.047524325940837,0.0314452122632323,-0.0451165017556663));
#2993=CARTESIAN_POINT('',(-0.047524325940837,0.0314452122632323,-0.0439420421604276));
#2994=CARTESIAN_POINT('',(-0.047524325940837,0.0314452122632323,-0.0420335453181647));
#2995=CARTESIAN_POINT('',(-0.047524325940837,0.0314452122632323,-0.0412995080711405));
#2996=CARTESIAN_POINT('',(-0.047524325940837,0.0314452122632323,-0.0398314335770921));
#2997=CARTESIAN_POINT('',(-0.047524325940837,0.0314452122632323,-0.0390973963300679));
#2998=CARTESIAN_POINT('',(-0.047524325940837,0.0314452122632323,-0.037449433059707));
#2999=CARTESIAN_POINT('',(-0.047524325940837,0.0314452122632323,-0.0365355070363704));
#3000=CARTESIAN_POINT('',(-0.047524325940837,0.0314452122632323,-0.0356215810130338));
#3001=CARTESIAN_POINT('',(-0.0475307746642968,0.0317149258739486,-0.0503584189869663));
#3002=CARTESIAN_POINT('',(-0.0475307746642968,0.0317149258739486,-0.0490025997749459));
#3003=CARTESIAN_POINT('',(-0.0475307746642968,0.0317149258739486,-0.0476467805629255));
#3004=CARTESIAN_POINT('',(-0.0475307746642968,0.0317149258739486,-0.0451165017556663));
#3005=CARTESIAN_POINT('',(-0.0475307746642968,0.0317149258739486,-0.0439420421604276));
#3006=CARTESIAN_POINT('',(-0.0475307746642968,0.0317149258739486,-0.0420335453181647));
#3007=CARTESIAN_POINT('',(-0.0475307746642968,0.0317149258739486,-0.0412995080711405));
#3008=CARTESIAN_POINT('',(-0.0475307746642968,0.0317149258739486,-0.0398314335770921));
#3009=CARTESIAN_POINT('',(-0.0475307746642968,0.0317149258739486,-0.0390973963300679));
#3010=CARTESIAN_POINT('',(-0.0475307746642968,0.0317149258739486,-0.037449433059707));
#3011=CARTESIAN_POINT('',(-0.0475307746642968,0.0317149258739486,-0.0365355070363704));
#3012=CARTESIAN_POINT('',(-0.0475307746642968,0.0317149258739486,-0.0356215810130338));
#3013=CARTESIAN_POINT('',(-0.0475248894627983,0.0318499997405931,-0.0503584189869663));
#3014=CARTESIAN_POINT('',(-0.0475248894627983,0.0318499997405931,-0.0490025997749459));
#3015=CARTESIAN_POINT('',(-0.0475248894627983,0.0318499997405931,-0.0476467805629255));
#3016=CARTESIAN_POINT('',(-0.0475248894627983,0.0318499997405931,-0.0451165017556663));
#3017=CARTESIAN_POINT('',(-0.0475248894627983,0.0318499997405931,-0.0439420421604276));
#3018=CARTESIAN_POINT('',(-0.0475248894627983,0.0318499997405931,-0.0420335453181647));
#3019=CARTESIAN_POINT('',(-0.0475248894627983,0.0318499997405931,-0.0412995080711405));
#3020=CARTESIAN_POINT('',(-0.0475248894627983,0.0318499997405931,-0.0398314335770921));
#3021=CARTESIAN_POINT('',(-0.0475248894627983,0.0318499997405931,-0.0390973963300679));
#3022=CARTESIAN_POINT('',(-0.0475248894627983,0.0318499997405931,-0.037449433059707));
#3023=CARTESIAN_POINT('',(-0.0475248894627983,0.0318499997405931,-0.0365355070363704));
#3024=CARTESIAN_POINT('',(-0.0475248894627983,0.0318499997405931,-0.0356215810130338));
#3025=CARTESIAN_POINT('',(-0.0474950067334032,0.0321181303809977,-0.0503584189869663));
#3026=CARTESIAN_POINT('',(-0.0474950067334032,0.0321181303809977,-0.0490025997749459));
#3027=CARTESIAN_POINT('',(-0.0474950067334032,0.0321181303809977,-0.0476467805629255));
#3028=CARTESIAN_POINT('',(-0.0474950067334032,0.0321181303809977,-0.0451165017556663));
#3029=CARTESIAN_POINT('',(-0.0474950067334032,0.0321181303809977,-0.0439420421604276));
#3030=CARTESIAN_POINT('',(-0.0474950067334032,0.0321181303809977,-0.0420335453181647));
#3031=CARTESIAN_POINT('',(-0.0474950067334032,0.0321181303809977,-0.0412995080711405));
#3032=CARTESIAN_POINT('',(-0.0474950067334032,0.0321181303809977,-0.0398314335770921));
#3033=CARTESIAN_POINT('',(-0.0474950067334032,0.0321181303809977,-0.0390973963300679));
#3034=CARTESIAN_POINT('',(-0.0474950067334032,0.0321181303809977,-0.037449433059707));
#3035=CARTESIAN_POINT('',(-0.0474950067334032,0.0321181303809977,-0.0365355070363704));
#3036=CARTESIAN_POINT('',(-0.0474950067334032,0.0321181303809977,-0.0356215810130338));
#3037=CARTESIAN_POINT('',(-0.0474710093702776,0.0322511856763075,-0.0503584189869663));
#3038=CARTESIAN_POINT('',(-0.0474710093702776,0.0322511856763075,-0.0490025997749459));
#3039=CARTESIAN_POINT('',(-0.0474710093702776,0.0322511856763075,-0.0476467805629255));
#3040=CARTESIAN_POINT('',(-0.0474710093702776,0.0322511856763075,-0.0451165017556663));
#3041=CARTESIAN_POINT('',(-0.0474710093702776,0.0322511856763075,-0.0439420421604276));
#3042=CARTESIAN_POINT('',(-0.0474710093702776,0.0322511856763075,-0.0420335453181647));
#3043=CARTESIAN_POINT('',(-0.0474710093702776,0.0322511856763075,-0.0412995080711405));
#3044=CARTESIAN_POINT('',(-0.0474710093702776,0.0322511856763075,-0.0398314335770921));
#3045=CARTESIAN_POINT('',(-0.0474710093702776,0.0322511856763075,-0.0390973963300679));
#3046=CARTESIAN_POINT('',(-0.0474710093702776,0.0322511856763075,-0.037449433059707));
#3047=CARTESIAN_POINT('',(-0.0474710093702776,0.0322511856763075,-0.0365355070363704));
#3048=CARTESIAN_POINT('',(-0.0474710093702776,0.0322511856763075,-0.0356215810130338));
#3049=CARTESIAN_POINT('',(-0.0474053381326484,0.0325128616331475,-0.0503584189869663));
#3050=CARTESIAN_POINT('',(-0.0474053381326484,0.0325128616331475,-0.0490025997749459));
#3051=CARTESIAN_POINT('',(-0.0474053381326484,0.0325128616331475,-0.0476467805629255));
#3052=CARTESIAN_POINT('',(-0.0474053381326484,0.0325128616331475,-0.0451165017556663));
#3053=CARTESIAN_POINT('',(-0.0474053381326484,0.0325128616331475,-0.0439420421604276));
#3054=CARTESIAN_POINT('',(-0.0474053381326484,0.0325128616331475,-0.0420335453181647));
#3055=CARTESIAN_POINT('',(-0.0474053381326484,0.0325128616331475,-0.0412995080711405));
#3056=CARTESIAN_POINT('',(-0.0474053381326484,0.0325128616331475,-0.0398314335770921));
#3057=CARTESIAN_POINT('',(-0.0474053381326484,0.0325128616331475,-0.0390973963300679));
#3058=CARTESIAN_POINT('',(-0.0474053381326484,0.0325128616331475,-0.037449433059707));
#3059=CARTESIAN_POINT('',(-0.0474053381326484,0.0325128616331475,-0.0365355070363704));
#3060=CARTESIAN_POINT('',(-0.0474053381326484,0.0325128616331475,-0.0356215810130338));
#3061=CARTESIAN_POINT('',(-0.0473636646202506,0.032641480851818,-0.0503584189869663));
#3062=CARTESIAN_POINT('',(-0.0473636646202506,0.032641480851818,-0.0490025997749459));
#3063=CARTESIAN_POINT('',(-0.0473636646202506,0.032641480851818,-0.0476467805629255));
#3064=CARTESIAN_POINT('',(-0.0473636646202506,0.032641480851818,-0.0451165017556663));
#3065=CARTESIAN_POINT('',(-0.0473636646202506,0.032641480851818,-0.0439420421604276));
#3066=CARTESIAN_POINT('',(-0.0473636646202506,0.032641480851818,-0.0420335453181647));
#3067=CARTESIAN_POINT('',(-0.0473636646202506,0.032641480851818,-0.0412995080711405));
#3068=CARTESIAN_POINT('',(-0.0473636646202506,0.032641480851818,-0.0398314335770921));
#3069=CARTESIAN_POINT('',(-0.0473636646202506,0.032641480851818,-0.0390973963300679));
#3070=CARTESIAN_POINT('',(-0.0473636646202506,0.032641480851818,-0.037449433059707));
#3071=CARTESIAN_POINT('',(-0.0473636646202506,0.032641480851818,-0.0365355070363704));
#3072=CARTESIAN_POINT('',(-0.0473636646202506,0.032641480851818,-0.0356215810130338));
#3073=CARTESIAN_POINT('',(-0.0473135313435122,0.0327667142699756,-0.0503584189869663));
#3074=CARTESIAN_POINT('',(-0.0473135313435122,0.0327667142699756,-0.0490025997749459));
#3075=CARTESIAN_POINT('',(-0.0473135313435122,0.0327667142699756,-0.0476467805629255));
#3076=CARTESIAN_POINT('',(-0.0473135313435122,0.0327667142699756,-0.0451165017556663));
#3077=CARTESIAN_POINT('',(-0.0473135313435122,0.0327667142699756,-0.0439420421604276));
#3078=CARTESIAN_POINT('',(-0.0473135313435122,0.0327667142699756,-0.0420335453181647));
#3079=CARTESIAN_POINT('',(-0.0473135313435122,0.0327667142699756,-0.0412995080711405));
#3080=CARTESIAN_POINT('',(-0.0473135313435122,0.0327667142699756,-0.0398314335770921));
#3081=CARTESIAN_POINT('',(-0.0473135313435122,0.0327667142699756,-0.0390973963300679));
#3082=CARTESIAN_POINT('',(-0.0473135313435122,0.0327667142699756,-0.037449433059707));
#3083=CARTESIAN_POINT('',(-0.0473135313435122,0.0327667142699756,-0.0365355070363704));
#3084=CARTESIAN_POINT('',(-0.0473135313435122,0.0327667142699756,-0.0356215810130338));
#3085=EDGE_LOOP('',(#4225,#4226,#4227,#4228));
#3086=B_SPLINE_CURVE_WITH_KNOTS('',3,(#4229,#4230,#4231,#4232,#4233,#4234,#4235,#4236,#4237,#4238),.UNSPECIFIED.,.F.,.F.,(4,3,3,4),(-3.22707952738358,0.0,1.0,4.00719570196636),.UNSPECIFIED.);
#3087=VECTOR('',#4239,1.0);
#3088=EDGE_LOOP('',(#4240,#4241,#4242,#4243));
#3089=CARTESIAN_POINT('',(-0.0545720031931711,0.0266833541672729,-0.0370304451111347));
#3090=CARTESIAN_POINT('',(-0.0545720031931711,0.0266833541672729,-0.0374145504171174));
#3091=CARTESIAN_POINT('',(-0.0545720031931711,0.0266833541672729,-0.0377986557231002));
#3092=CARTESIAN_POINT('',(-0.0545720031931711,0.0266833541672729,-0.040157847354038));
#3093=CARTESIAN_POINT('',(-0.0545720031931711,0.0266833541672729,-0.042132933678993));
#3094=CARTESIAN_POINT('',(-0.0545720031931711,0.0266833541672729,-0.0457218649655872));
#3095=CARTESIAN_POINT('',(-0.0545720031931711,0.0266833541672729,-0.0473357099272263));
#3096=CARTESIAN_POINT('',(-0.0545720031931711,0.0266833541672729,-0.0489495548888653));
#3097=CARTESIAN_POINT('',(-0.054657213921513,0.0268698448667225,-0.0370304451111347));
#3098=CARTESIAN_POINT('',(-0.054657213921513,0.0268698448667225,-0.0374145504171174));
#3099=CARTESIAN_POINT('',(-0.054657213921513,0.0268698448667225,-0.0377986557231002));
#3100=CARTESIAN_POINT('',(-0.054657213921513,0.0268698448667225,-0.040157847354038));
#3101=CARTESIAN_POINT('',(-0.054657213921513,0.0268698448667225,-0.042132933678993));
#3102=CARTESIAN_POINT('',(-0.054657213921513,0.0268698448667225,-0.0457218649655872));
#3103=CARTESIAN_POINT('',(-0.054657213921513,0.0268698448667225,-0.0473357099272263));
#3104=CARTESIAN_POINT('',(-0.054657213921513,0.0268698448667225,-0.0489495548888653));
#3105=CARTESIAN_POINT('',(-0.0547616074701312,0.0270475639871293,-0.0370304451111347));
#3106=CARTESIAN_POINT('',(-0.0547616074701312,0.0270475639871293,-0.0374145504171174));
#3107=CARTESIAN_POINT('',(-0.0547616074701312,0.0270475639871293,-0.0377986557231002));
#3108=CARTESIAN_POINT('',(-0.0547616074701312,0.0270475639871293,-0.040157847354038));
#3109=CARTESIAN_POINT('',(-0.0547616074701312,0.0270475639871293,-0.042132933678993));
#3110=CARTESIAN_POINT('',(-0.0547616074701312,0.0270475639871293,-0.0457218649655872));
#3111=CARTESIAN_POINT('',(-0.0547616074701312,0.0270475639871293,-0.0473357099272263));
#3112=CARTESIAN_POINT('',(-0.0547616074701312,0.0270475639871293,-0.0489495548888653));
#3113=CARTESIAN_POINT('',(-0.0550043990401331,0.0273780346368988,-0.0370304451111347));
#3114=CARTESIAN_POINT('',(-0.0550043990401331,0.0273780346368988,-0.0374145504171174));
#3115=CARTESIAN_POINT('',(-0.0550043990401331,0.0273780346368988,-0.0377986557231002));
#3116=CARTESIAN_POINT('',(-0.0550043990401331,0.0273780346368988,-0.040157847354038));
#3117=CARTESIAN_POINT('',(-0.0550043990401331,0.0273780346368988,-0.042132933678993));
#3118=CARTESIAN_POINT('',(-0.0550043990401331,0.0273780346368988,-0.0457218649655872));
#3119=CARTESIAN_POINT('',(-0.0550043990401331,0.0273780346368988,-0.0473357099272263));
#3120=CARTESIAN_POINT('',(-0.0550043990401331,0.0273780346368988,-0.0489495548888653));
#3121=CARTESIAN_POINT('',(-0.0551427899242654,0.0275307764515414,-0.0370304451111347));
#3122=CARTESIAN_POINT('',(-0.0551427899242654,0.0275307764515414,-0.0374145504171174));
#3123=CARTESIAN_POINT('',(-0.0551427899242654,0.0275307764515414,-0.0377986557231002));
#3124=CARTESIAN_POINT('',(-0.0551427899242654,0.0275307764515414,-0.040157847354038));
#3125=CARTESIAN_POINT('',(-0.0551427899242654,0.0275307764515414,-0.042132933678993));
#3126=CARTESIAN_POINT('',(-0.0551427899242654,0.0275307764515414,-0.0457218649655872));
#3127=CARTESIAN_POINT('',(-0.0551427899242654,0.0275307764515414,-0.0473357099272263));
#3128=CARTESIAN_POINT('',(-0.0551427899242654,0.0275307764515414,-0.0489495548888653));
#3129=CARTESIAN_POINT('',(-0.0554477804428598,0.0278048920847887,-0.0370304451111347));
#3130=CARTESIAN_POINT('',(-0.0554477804428598,0.0278048920847887,-0.0374145504171174));
#3131=CARTESIAN_POINT('',(-0.0554477804428598,0.0278048920847887,-0.0377986557231002));
#3132=CARTESIAN_POINT('',(-0.0554477804428598,0.0278048920847887,-0.040157847354038));
#3133=CARTESIAN_POINT('',(-0.0554477804428598,0.0278048920847887,-0.042132933678993));
#3134=CARTESIAN_POINT('',(-0.0554477804428598,0.0278048920847887,-0.0457218649655872));
#3135=CARTESIAN_POINT('',(-0.0554477804428598,0.0278048920847887,-0.0473357099272263));
#3136=CARTESIAN_POINT('',(-0.0554477804428598,0.0278048920847887,-0.0489495548888653));
#3137=CARTESIAN_POINT('',(-0.0556143711116316,0.0279262578453202,-0.0370304451111347));
#3138=CARTESIAN_POINT('',(-0.0556143711116316,0.0279262578453202,-0.0374145504171174));
#3139=CARTESIAN_POINT('',(-0.0556143711116316,0.0279262578453202,-0.0377986557231002));
#3140=CARTESIAN_POINT('',(-0.0556143711116316,0.0279262578453202,-0.040157847354038));
#3141=CARTESIAN_POINT('',(-0.0556143711116316,0.0279262578453202,-0.042132933678993));
#3142=CARTESIAN_POINT('',(-0.0556143711116316,0.0279262578453202,-0.0457218649655872));
#3143=CARTESIAN_POINT('',(-0.0556143711116316,0.0279262578453202,-0.0473357099272263));
#3144=CARTESIAN_POINT('',(-0.0556143711116316,0.0279262578453202,-0.0489495548888653));
#3145=CARTESIAN_POINT('',(-0.0559687837398027,0.0281325350515646,-0.0370304451111347));
#3146=CARTESIAN_POINT('',(-0.0559687837398027,0.0281325350515646,-0.0374145504171174));
#3147=CARTESIAN_POINT('',(-0.0559687837398027,0.0281325350515646,-0.0377986557231002));
#3148=CARTESIAN_POINT('',(-0.0559687837398027,0.0281325350515646,-0.040157847354038));
#3149=CARTESIAN_POINT('',(-0.0559687837398027,0.0281325350515646,-0.042132933678993));
#3150=CARTESIAN_POINT('',(-0.0559687837398027,0.0281325350515646,-0.0457218649655872));
#3151=CARTESIAN_POINT('',(-0.0559687837398026,0.0281325350515646,-0.0473357099272263));
#3152=CARTESIAN_POINT('',(-0.0559687837398026,0.0281325350515646,-0.0489495548888653));
#3153=CARTESIAN_POINT('',(-0.0561565952806685,0.0282174404334248,-0.0370304451111347));
#3154=CARTESIAN_POINT('',(-0.0561565952806685,0.0282174404334248,-0.0374145504171174));
#3155=CARTESIAN_POINT('',(-0.0561565952806685,0.0282174404334248,-0.0377986557231002));
#3156=CARTESIAN_POINT('',(-0.0561565952806685,0.0282174404334248,-0.040157847354038));
#3157=CARTESIAN_POINT('',(-0.0561565952806685,0.0282174404334248,-0.042132933678993));
#3158=CARTESIAN_POINT('',(-0.0561565952806685,0.0282174404334248,-0.0457218649655872));
#3159=CARTESIAN_POINT('',(-0.0561565952806685,0.0282174404334248,-0.0473357099272263));
#3160=CARTESIAN_POINT('',(-0.0561565952806685,0.0282174404334248,-0.0489495548888653));
#3161=CARTESIAN_POINT('',(-0.0565455827598318,0.0283472377287637,-0.0370304451111347));
#3162=CARTESIAN_POINT('',(-0.0565455827598318,0.0283472377287637,-0.0374145504171174));
#3163=CARTESIAN_POINT('',(-0.0565455827598318,0.0283472377287637,-0.0377986557231002));
#3164=CARTESIAN_POINT('',(-0.0565455827598318,0.0283472377287637,-0.040157847354038));
#3165=CARTESIAN_POINT('',(-0.0565455827598318,0.0283472377287637,-0.042132933678993));
#3166=CARTESIAN_POINT('',(-0.0565455827598318,0.0283472377287637,-0.0457218649655872));
#3167=CARTESIAN_POINT('',(-0.0565455827598318,0.0283472377287637,-0.0473357099272263));
#3168=CARTESIAN_POINT('',(-0.0565455827598318,0.0283472377287637,-0.0489495548888653));
#3169=CARTESIAN_POINT('',(-0.056746747263212,0.0283921258266408,-0.0370304451111347));
#3170=CARTESIAN_POINT('',(-0.056746747263212,0.0283921258266408,-0.0374145504171174));
#3171=CARTESIAN_POINT('',(-0.056746747263212,0.0283921258266408,-0.0377986557231002));
#3172=CARTESIAN_POINT('',(-0.056746747263212,0.0283921258266408,-0.040157847354038));
#3173=CARTESIAN_POINT('',(-0.056746747263212,0.0283921258266408,-0.042132933678993));
#3174=CARTESIAN_POINT('',(-0.056746747263212,0.0283921258266408,-0.0457218649655872));
#3175=CARTESIAN_POINT('',(-0.056746747263212,0.0283921258266408,-0.0473357099272263));
#3176=CARTESIAN_POINT('',(-0.056746747263212,0.0283921258266408,-0.0489495548888653));
#3177=CARTESIAN_POINT('',(-0.0571540139051494,0.0284400056677865,-0.0370304451111347));
#3178=CARTESIAN_POINT('',(-0.0571540139051494,0.0284400056677865,-0.0374145504171174));
#3179=CARTESIAN_POINT('',(-0.0571540139051494,0.0284400056677865,-0.0377986557231002));
#3180=CARTESIAN_POINT('',(-0.0571540139051494,0.0284400056677865,-0.040157847354038));
#3181=CARTESIAN_POINT('',(-0.0571540139051494,0.0284400056677865,-0.042132933678993));
#3182=CARTESIAN_POINT('',(-0.0571540139051494,0.0284400056677865,-0.0457218649655872));
#3183=CARTESIAN_POINT('',(-0.0571540139051494,0.0284400056677865,-0.0473357099272263));
#3184=CARTESIAN_POINT('',(-0.0571540139051494,0.0284400056677865,-0.0489495548888653));
#3185=CARTESIAN_POINT('',(-0.0573601040714438,0.0284429960035496,-0.0370304451111347));
#3186=CARTESIAN_POINT('',(-0.0573601040714438,0.0284429960035496,-0.0374145504171174));
#3187=CARTESIAN_POINT('',(-0.0573601040714438,0.0284429960035496,-0.0377986557231002));
#3188=CARTESIAN_POINT('',(-0.0573601040714438,0.0284429960035496,-0.040157847354038));
#3189=CARTESIAN_POINT('',(-0.0573601040714438,0.0284429960035496,-0.042132933678993));
#3190=CARTESIAN_POINT('',(-0.0573601040714438,0.0284429960035496,-0.0457218649655872));
#3191=CARTESIAN_POINT('',(-0.0573601040714438,0.0284429960035496,-0.0473357099272263));
#3192=CARTESIAN_POINT('',(-0.0573601040714438,0.0284429960035496,-0.0489495548888653));
#3193=CARTESIAN_POINT('',(-0.0575643462490666,0.0284249742920417,-0.0370304451111347));
#3194=CARTESIAN_POINT('',(-0.0575643462490666,0.0284249742920417,-0.0374145504171174));
#3195=CARTESIAN_POINT('',(-0.0575643462490666,0.0284249742920417,-0.0377986557231002));
#3196=CARTESIAN_POINT('',(-0.0575643462490666,0.0284249742920417,-0.040157847354038));
#3197=CARTESIAN_POINT('',(-0.0575643462490666,0.0284249742920417,-0.042132933678993));
#3198=CARTESIAN_POINT('',(-0.0575643462490666,0.0284249742920417,-0.0457218649655872));
#3199=CARTESIAN_POINT('',(-0.0575643462490666,0.0284249742920417,-0.0473357099272263));
#3200=CARTESIAN_POINT('',(-0.0575643462490666,0.0284249742920417,-0.0489495548888653));
#3201=EDGE_LOOP('',(#4244,#4245,#4246,#4247,#4248,#4249,#4250,#4251,#4252,#4253,#4254,#4255,#4256,#4257,#4258,#4259,#4260,#4261,#4262,#4263,#4264,#4265,#4266,#4267,#4268,#4269,#4270,#4271,#4272,#4273,#4274,#4275,#4276,#4277,#4278,#4279,#4280,#4281,#4282,#4283,#4284,#4285,#4286,#4287,#4288,#4289,#4290,#4291,#4292,#4293,#4294,#4295,#4296,#4297,#4298,#4299,#4300,#4301,#4302,#4303,#4304,#4305,#4306,#4307,#4308,#4309,#4310,#4311,#4312,#4313,#4314,#4315,#4316,#4317,#4318,#4319,#4320,#4321,#4322,#4323,#4324,#4325,#4326));
#3202=AXIS2_PLACEMENT_3D('',#4327,#4328,#4329);
#3203=EDGE_LOOP('',(#4330,#4331,#4332,#4333));
#3204=B_SPLINE_CURVE_WITH_KNOTS('',3,(#4334,#4335,#4336,#4337,#4338,#4339,#4340),.UNSPECIFIED.,.F.,.F.,(4,3,4),(-7.30048993970836,-6.66133814775094E-16,1.0),.UNSPECIFIED.);
#3205=VECTOR('',#4341,1.0);
#3206=EDGE_LOOP('',(#4342,#4343,#4344,#4345));
#3207=CARTESIAN_POINT('',(-0.0760493007899178,0.0239446204429376,-0.0482209877603904));
#3208=CARTESIAN_POINT('',(-0.0760493007899178,0.0239446204429376,-0.047571769618038));
#3209=CARTESIAN_POINT('',(-0.0760493007899178,0.0239446204429376,-0.0469225514756857));
#3210=CARTESIAN_POINT('',(-0.0760493007899178,0.0239446204429376,-0.0455998290598291));
#3211=CARTESIAN_POINT('',(-0.0760493007899178,0.0239446204429376,-0.0449263247863248));
#3212=CARTESIAN_POINT('',(-0.0760493007899178,0.0239446204429376,-0.0438318803418803));
#3213=CARTESIAN_POINT('',(-0.0760493007899178,0.0239446204429376,-0.0434109401709402));
#3214=CARTESIAN_POINT('',(-0.0760493007899178,0.0239446204429376,-0.0425690598290598));
#3215=CARTESIAN_POINT('',(-0.0760493007899178,0.0239446204429376,-0.0421481196581197));
#3216=CARTESIAN_POINT('',(-0.0760493007899178,0.0239446204429376,-0.0410536752136752));
#3217=CARTESIAN_POINT('',(-0.0760493007899178,0.0239446204429376,-0.040380170940171));
#3218=CARTESIAN_POINT('',(-0.0760493007899178,0.0239446204429376,-0.0390574485243144));
#3219=CARTESIAN_POINT('',(-0.0760493007899178,0.0239446204429376,-0.038408230381962));
#3220=CARTESIAN_POINT('',(-0.0760493007899178,0.0239446204429376,-0.0377590122396097));
#3221=CARTESIAN_POINT('',(-0.0760783787812589,0.0242235525932761,-0.0482209877603904));
#3222=CARTESIAN_POINT('',(-0.0760783787812589,0.0242235525932761,-0.047571769618038));
#3223=CARTESIAN_POINT('',(-0.0760783787812589,0.0242235525932761,-0.0469225514756857));
#3224=CARTESIAN_POINT('',(-0.0760783787812589,0.0242235525932761,-0.0455998290598291));
#3225=CARTESIAN_POINT('',(-0.0760783787812589,0.0242235525932761,-0.0449263247863248));
#3226=CARTESIAN_POINT('',(-0.0760783787812589,0.0242235525932761,-0.0438318803418803));
#3227=CARTESIAN_POINT('',(-0.0760783787812589,0.0242235525932761,-0.0434109401709402));
#3228=CARTESIAN_POINT('',(-0.0760783787812589,0.0242235525932761,-0.0425690598290598));
#3229=CARTESIAN_POINT('',(-0.0760783787812589,0.0242235525932761,-0.0421481196581197));
#3230=CARTESIAN_POINT('',(-0.0760783787812589,0.0242235525932761,-0.0410536752136752));
#3231=CARTESIAN_POINT('',(-0.0760783787812589,0.0242235525932761,-0.040380170940171));
#3232=CARTESIAN_POINT('',(-0.0760783787812589,0.0242235525932761,-0.0390574485243144));
#3233=CARTESIAN_POINT('',(-0.0760783787812589,0.0242235525932761,-0.038408230381962));
#3234=CARTESIAN_POINT('',(-0.0760783787812589,0.0242235525932761,-0.0377590122396097));
#3235=CARTESIAN_POINT('',(-0.0760680870692621,0.0245065599785272,-0.0482209877603904));
#3236=CARTESIAN_POINT('',(-0.0760680870692621,0.0245065599785272,-0.047571769618038));
#3237=CARTESIAN_POINT('',(-0.0760680870692621,0.0245065599785272,-0.0469225514756857));
#3238=CARTESIAN_POINT('',(-0.0760680870692621,0.0245065599785272,-0.0455998290598291));
#3239=CARTESIAN_POINT('',(-0.0760680870692621,0.0245065599785272,-0.0449263247863248));
#3240=CARTESIAN_POINT('',(-0.0760680870692621,0.0245065599785272,-0.0438318803418803));
#3241=CARTESIAN_POINT('',(-0.0760680870692621,0.0245065599785272,-0.0434109401709402));
#3242=CARTESIAN_POINT('',(-0.0760680870692621,0.0245065599785272,-0.0425690598290598));
#3243=CARTESIAN_POINT('',(-0.0760680870692621,0.0245065599785272,-0.0421481196581197));
#3244=CARTESIAN_POINT('',(-0.0760680870692621,0.0245065599785272,-0.0410536752136752));
#3245=CARTESIAN_POINT('',(-0.0760680870692621,0.0245065599785272,-0.040380170940171));
#3246=CARTESIAN_POINT('',(-0.0760680870692621,0.0245065599785272,-0.0390574485243144));
#3247=CARTESIAN_POINT('',(-0.0760680870692621,0.0245065599785272,-0.038408230381962));
#3248=CARTESIAN_POINT('',(-0.0760680870692621,0.0245065599785272,-0.0377590122396097));
#3249=CARTESIAN_POINT('',(-0.0759695642309346,0.025058726571703,-0.0482209877603904));
#3250=CARTESIAN_POINT('',(-0.0759695642309346,0.025058726571703,-0.047571769618038));
#3251=CARTESIAN_POINT('',(-0.0759695642309346,0.025058726571703,-0.0469225514756857));
#3252=CARTESIAN_POINT('',(-0.0759695642309346,0.025058726571703,-0.0455998290598291));
#3253=CARTESIAN_POINT('',(-0.0759695642309346,0.025058726571703,-0.0449263247863248));
#3254=CARTESIAN_POINT('',(-0.0759695642309346,0.025058726571703,-0.0438318803418803));
#3255=CARTESIAN_POINT('',(-0.0759695642309346,0.025058726571703,-0.0434109401709402));
#3256=CARTESIAN_POINT('',(-0.0759695642309346,0.025058726571703,-0.0425690598290598));
#3257=CARTESIAN_POINT('',(-0.0759695642309346,0.025058726571703,-0.0421481196581197));
#3258=CARTESIAN_POINT('',(-0.0759695642309346,0.025058726571703,-0.0410536752136752));
#3259=CARTESIAN_POINT('',(-0.0759695642309346,0.025058726571703,-0.040380170940171));
#3260=CARTESIAN_POINT('',(-0.0759695642309346,0.025058726571703,-0.0390574485243144));
#3261=CARTESIAN_POINT('',(-0.0759695642309346,0.025058726571703,-0.038408230381962));
#3262=CARTESIAN_POINT('',(-0.0759695642309346,0.025058726571703,-0.0377590122396097));
#3263=CARTESIAN_POINT('',(-0.0758813432236967,0.0253278290676492,-0.0482209877603904));
#3264=CARTESIAN_POINT('',(-0.0758813432236967,0.0253278290676492,-0.047571769618038));
#3265=CARTESIAN_POINT('',(-0.0758813432236967,0.0253278290676492,-0.0469225514756857));
#3266=CARTESIAN_POINT('',(-0.0758813432236967,0.0253278290676492,-0.0455998290598291));
#3267=CARTESIAN_POINT('',(-0.0758813432236967,0.0253278290676492,-0.0449263247863248));
#3268=CARTESIAN_POINT('',(-0.0758813432236967,0.0253278290676492,-0.0438318803418803));
#3269=CARTESIAN_POINT('',(-0.0758813432236967,0.0253278290676492,-0.0434109401709402));
#3270=CARTESIAN_POINT('',(-0.0758813432236967,0.0253278290676492,-0.0425690598290598));
#3271=CARTESIAN_POINT('',(-0.0758813432236967,0.0253278290676492,-0.0421481196581197));
#3272=CARTESIAN_POINT('',(-0.0758813432236967,0.0253278290676492,-0.0410536752136752));
#3273=CARTESIAN_POINT('',(-0.0758813432236967,0.0253278290676492,-0.040380170940171));
#3274=CARTESIAN_POINT('',(-0.0758813432236967,0.0253278290676492,-0.0390574485243144));
#3275=CARTESIAN_POINT('',(-0.0758813432236967,0.0253278290676492,-0.038408230381962));
#3276=CARTESIAN_POINT('',(-0.0758813432236967,0.0253278290676492,-0.0377590122396097));
#3277=CARTESIAN_POINT('',(-0.0756338396025597,0.0258311546618876,-0.0482209877603904));
#3278=CARTESIAN_POINT('',(-0.0756338396025597,0.0258311546618876,-0.047571769618038));
#3279=CARTESIAN_POINT('',(-0.0756338396025597,0.0258311546618876,-0.0469225514756857));
#3280=CARTESIAN_POINT('',(-0.0756338396025597,0.0258311546618876,-0.0455998290598291));
#3281=CARTESIAN_POINT('',(-0.0756338396025597,0.0258311546618876,-0.0449263247863248));
#3282=CARTESIAN_POINT('',(-0.0756338396025597,0.0258311546618876,-0.0438318803418803));
#3283=CARTESIAN_POINT('',(-0.0756338396025597,0.0258311546618876,-0.0434109401709402));
#3284=CARTESIAN_POINT('',(-0.0756338396025597,0.0258311546618876,-0.0425690598290598));
#3285=CARTESIAN_POINT('',(-0.0756338396025597,0.0258311546618876,-0.0421481196581197));
#3286=CARTESIAN_POINT('',(-0.0756338396025597,0.0258311546618876,-0.0410536752136752));
#3287=CARTESIAN_POINT('',(-0.0756338396025597,0.0258311546618876,-0.040380170940171));
#3288=CARTESIAN_POINT('',(-0.0756338396025597,0.0258311546618876,-0.0390574485243144));
#3289=CARTESIAN_POINT('',(-0.0756338396025597,0.0258311546618876,-0.038408230381962));
#3290=CARTESIAN_POINT('',(-0.0756338396025597,0.0258311546618876,-0.0377590122396097));
#3291=CARTESIAN_POINT('',(-0.0754745824092857,0.0260653260645674,-0.0482209877603904));
#3292=CARTESIAN_POINT('',(-0.0754745824092857,0.0260653260645674,-0.047571769618038));
#3293=CARTESIAN_POINT('',(-0.0754745824092857,0.0260653260645674,-0.0469225514756857));
#3294=CARTESIAN_POINT('',(-0.0754745824092857,0.0260653260645674,-0.0455998290598291));
#3295=CARTESIAN_POINT('',(-0.0754745824092857,0.0260653260645674,-0.0449263247863248));
#3296=CARTESIAN_POINT('',(-0.0754745824092857,0.0260653260645674,-0.0438318803418803));
#3297=CARTESIAN_POINT('',(-0.0754745824092857,0.0260653260645674,-0.0434109401709402));
#3298=CARTESIAN_POINT('',(-0.0754745824092857,0.0260653260645674,-0.0425690598290598));
#3299=CARTESIAN_POINT('',(-0.0754745824092857,0.0260653260645674,-0.0421481196581197));
#3300=CARTESIAN_POINT('',(-0.0754745824092857,0.0260653260645674,-0.0410536752136752));
#3301=CARTESIAN_POINT('',(-0.0754745824092857,0.0260653260645674,-0.040380170940171));
#3302=CARTESIAN_POINT('',(-0.0754745824092857,0.0260653260645674,-0.0390574485243144));
#3303=CARTESIAN_POINT('',(-0.0754745824092857,0.0260653260645674,-0.038408230381962));
#3304=CARTESIAN_POINT('',(-0.0754745824092857,0.0260653260645674,-0.0377590122396097));
#3305=CARTESIAN_POINT('',(-0.0750974365908135,0.0264804835381848,-0.0482209877603904));
#3306=CARTESIAN_POINT('',(-0.0750974365908135,0.0264804835381848,-0.047571769618038));
#3307=CARTESIAN_POINT('',(-0.0750974365908135,0.0264804835381848,-0.0469225514756857));
#3308=CARTESIAN_POINT('',(-0.0750974365908135,0.0264804835381848,-0.0455998290598291));
#3309=CARTESIAN_POINT('',(-0.0750974365908135,0.0264804835381848,-0.0449263247863248));
#3310=CARTESIAN_POINT('',(-0.0750974365908135,0.0264804835381848,-0.0438318803418803));
#3311=CARTESIAN_POINT('',(-0.0750974365908135,0.0264804835381848,-0.0434109401709402));
#3312=CARTESIAN_POINT('',(-0.0750974365908135,0.0264804835381848,-0.0425690598290598));
#3313=CARTESIAN_POINT('',(-0.0750974365908135,0.0264804835381848,-0.0421481196581197));
#3314=CARTESIAN_POINT('',(-0.0750974365908135,0.0264804835381848,-0.0410536752136752));
#3315=CARTESIAN_POINT('',(-0.0750974365908135,0.0264804835381848,-0.040380170940171));
#3316=CARTESIAN_POINT('',(-0.0750974365908135,0.0264804835381848,-0.0390574485243144));
#3317=CARTESIAN_POINT('',(-0.0750974365908135,0.0264804835381848,-0.038408230381962));
#3318=CARTESIAN_POINT('',(-0.0750974365908135,0.0264804835381848,-0.0377590122396097));
#3319=CARTESIAN_POINT('',(-0.0748795867015436,0.0266614269690896,-0.0482209877603904));
#3320=CARTESIAN_POINT('',(-0.0748795867015436,0.0266614269690896,-0.047571769618038));
#3321=CARTESIAN_POINT('',(-0.0748795867015436,0.0266614269690896,-0.0469225514756857));
#3322=CARTESIAN_POINT('',(-0.0748795867015436,0.0266614269690896,-0.0455998290598291));
#3323=CARTESIAN_POINT('',(-0.0748795867015436,0.0266614269690896,-0.0449263247863248));
#3324=CARTESIAN_POINT('',(-0.0748795867015436,0.0266614269690896,-0.0438318803418803));
#3325=CARTESIAN_POINT('',(-0.0748795867015436,0.0266614269690896,-0.0434109401709402));
#3326=CARTESIAN_POINT('',(-0.0748795867015436,0.0266614269690896,-0.0425690598290598));
#3327=CARTESIAN_POINT('',(-0.0748795867015436,0.0266614269690896,-0.0421481196581197));
#3328=CARTESIAN_POINT('',(-0.0748795867015436,0.0266614269690896,-0.0410536752136752));
#3329=CARTESIAN_POINT('',(-0.0748795867015435,0.0266614269690896,-0.0403801709401709));
#3330=CARTESIAN_POINT('',(-0.0748795867015435,0.0266614269690896,-0.0390574485243144));
#3331=CARTESIAN_POINT('',(-0.0748795867015436,0.0266614269690896,-0.038408230381962));
#3332=CARTESIAN_POINT('',(-0.0748795867015436,0.0266614269690896,-0.0377590122396097));
#3333=CARTESIAN_POINT('',(-0.0744022668067008,0.0269559781773348,-0.0482209877603904));
#3334=CARTESIAN_POINT('',(-0.0744022668067008,0.0269559781773348,-0.047571769618038));
#3335=CARTESIAN_POINT('',(-0.0744022668067008,0.0269559781773348,-0.0469225514756857));
#3336=CARTESIAN_POINT('',(-0.0744022668067008,0.0269559781773348,-0.0455998290598291));
#3337=CARTESIAN_POINT('',(-0.0744022668067008,0.0269559781773348,-0.0449263247863248));
#3338=CARTESIAN_POINT('',(-0.0744022668067008,0.0269559781773348,-0.0438318803418803));
#3339=CARTESIAN_POINT('',(-0.0744022668067008,0.0269559781773348,-0.0434109401709402));
#3340=CARTESIAN_POINT('',(-0.0744022668067008,0.0269559781773348,-0.0425690598290598));
#3341=CARTESIAN_POINT('',(-0.0744022668067008,0.0269559781773348,-0.0421481196581197));
#3342=CARTESIAN_POINT('',(-0.0744022668067008,0.0269559781773348,-0.0410536752136752));
#3343=CARTESIAN_POINT('',(-0.0744022668067008,0.0269559781773348,-0.0403801709401709));
#3344=CARTESIAN_POINT('',(-0.0744022668067008,0.0269559781773348,-0.0390574485243144));
#3345=CARTESIAN_POINT('',(-0.0744022668067008,0.0269559781773348,-0.038408230381962));
#3346=CARTESIAN_POINT('',(-0.0744022668067008,0.0269559781773348,-0.0377590122396097));
#3347=CARTESIAN_POINT('',(-0.0741428458257447,0.027069555701882,-0.0482209877603904));
#3348=CARTESIAN_POINT('',(-0.0741428458257447,0.027069555701882,-0.047571769618038));
#3349=CARTESIAN_POINT('',(-0.0741428458257447,0.027069555701882,-0.0469225514756857));
#3350=CARTESIAN_POINT('',(-0.0741428458257447,0.027069555701882,-0.0455998290598291));
#3351=CARTESIAN_POINT('',(-0.0741428458257447,0.027069555701882,-0.0449263247863248));
#3352=CARTESIAN_POINT('',(-0.0741428458257447,0.027069555701882,-0.0438318803418803));
#3353=CARTESIAN_POINT('',(-0.0741428458257447,0.027069555701882,-0.0434109401709402));
#3354=CARTESIAN_POINT('',(-0.0741428458257447,0.027069555701882,-0.0425690598290598));
#3355=CARTESIAN_POINT('',(-0.0741428458257447,0.027069555701882,-0.0421481196581197));
#3356=CARTESIAN_POINT('',(-0.0741428458257447,0.027069555701882,-0.0410536752136752));
#3357=CARTESIAN_POINT('',(-0.0741428458257447,0.0270695557018821,-0.0403801709401709));
#3358=CARTESIAN_POINT('',(-0.0741428458257447,0.0270695557018821,-0.0390574485243144));
#3359=CARTESIAN_POINT('',(-0.0741428458257447,0.027069555701882,-0.038408230381962));
#3360=CARTESIAN_POINT('',(-0.0741428458257447,0.027069555701882,-0.0377590122396097));
#3361=CARTESIAN_POINT('',(-0.0736026470324468,0.0272204860169647,-0.0482209877603904));
#3362=CARTESIAN_POINT('',(-0.0736026470324468,0.0272204860169647,-0.047571769618038));
#3363=CARTESIAN_POINT('',(-0.0736026470324468,0.0272204860169647,-0.0469225514756857));
#3364=CARTESIAN_POINT('',(-0.0736026470324468,0.0272204860169647,-0.0455998290598291));
#3365=CARTESIAN_POINT('',(-0.0736026470324468,0.0272204860169647,-0.0449263247863248));
#3366=CARTESIAN_POINT('',(-0.0736026470324468,0.0272204860169647,-0.0438318803418803));
#3367=CARTESIAN_POINT('',(-0.0736026470324468,0.0272204860169647,-0.0434109401709402));
#3368=CARTESIAN_POINT('',(-0.0736026470324468,0.0272204860169647,-0.0425690598290598));
#3369=CARTESIAN_POINT('',(-0.0736026470324468,0.0272204860169647,-0.0421481196581197));
#3370=CARTESIAN_POINT('',(-0.0736026470324468,0.0272204860169647,-0.0410536752136752));
#3371=CARTESIAN_POINT('',(-0.0736026470324468,0.0272204860169648,-0.0403801709401709));
#3372=CARTESIAN_POINT('',(-0.0736026470324468,0.0272204860169648,-0.0390574485243144));
#3373=CARTESIAN_POINT('',(-0.0736026470324468,0.0272204860169648,-0.038408230381962));
#3374=CARTESIAN_POINT('',(-0.0736026470324468,0.0272204860169648,-0.0377590122396097));
#3375=CARTESIAN_POINT('',(-0.0733219247028936,0.0272578233057352,-0.0482209877603904));
#3376=CARTESIAN_POINT('',(-0.0733219247028936,0.0272578233057352,-0.047571769618038));
#3377=CARTESIAN_POINT('',(-0.0733219247028936,0.0272578233057352,-0.0469225514756857));
#3378=CARTESIAN_POINT('',(-0.0733219247028936,0.0272578233057352,-0.0455998290598291));
#3379=CARTESIAN_POINT('',(-0.0733219247028936,0.0272578233057352,-0.0449263247863248));
#3380=CARTESIAN_POINT('',(-0.0733219247028936,0.0272578233057352,-0.0438318803418803));
#3381=CARTESIAN_POINT('',(-0.0733219247028936,0.0272578233057352,-0.0434109401709402));
#3382=CARTESIAN_POINT('',(-0.0733219247028936,0.0272578233057352,-0.0425690598290598));
#3383=CARTESIAN_POINT('',(-0.0733219247028936,0.0272578233057352,-0.0421481196581197));
#3384=CARTESIAN_POINT('',(-0.0733219247028936,0.0272578233057352,-0.0410536752136752));
#3385=CARTESIAN_POINT('',(-0.0733219247028935,0.0272578233057352,-0.0403801709401709));
#3386=CARTESIAN_POINT('',(-0.0733219247028935,0.0272578233057352,-0.0390574485243144));
#3387=CARTESIAN_POINT('',(-0.0733219247028935,0.0272578233057352,-0.038408230381962));
#3388=CARTESIAN_POINT('',(-0.0733219247028935,0.0272578233057352,-0.0377590122396097));
#3389=CARTESIAN_POINT('',(-0.073041489953372,0.0272555815801392,-0.0482209877603904));
#3390=CARTESIAN_POINT('',(-0.073041489953372,0.0272555815801392,-0.047571769618038));
#3391=CARTESIAN_POINT('',(-0.073041489953372,0.0272555815801392,-0.0469225514756857));
#3392=CARTESIAN_POINT('',(-0.073041489953372,0.0272555815801392,-0.0455998290598291));
#3393=CARTESIAN_POINT('',(-0.073041489953372,0.0272555815801392,-0.0449263247863248));
#3394=CARTESIAN_POINT('',(-0.073041489953372,0.0272555815801392,-0.0438318803418803));
#3395=CARTESIAN_POINT('',(-0.073041489953372,0.0272555815801392,-0.0434109401709402));
#3396=CARTESIAN_POINT('',(-0.073041489953372,0.0272555815801392,-0.0425690598290598));
#3397=CARTESIAN_POINT('',(-0.073041489953372,0.0272555815801392,-0.0421481196581197));
#3398=CARTESIAN_POINT('',(-0.073041489953372,0.0272555815801392,-0.0410536752136752));
#3399=CARTESIAN_POINT('',(-0.073041489953372,0.0272555815801392,-0.0403801709401709));
#3400=CARTESIAN_POINT('',(-0.073041489953372,0.0272555815801392,-0.0390574485243144));
#3401=CARTESIAN_POINT('',(-0.073041489953372,0.0272555815801392,-0.038408230381962));
#3402=CARTESIAN_POINT('',(-0.073041489953372,0.0272555815801392,-0.0377590122396097));
#3403=EDGE_LOOP('',(#4346,#4347,#4348,#4349));
#3404=CARTESIAN_POINT('',(-0.0881735938539072,0.0265431045789349,-0.0481247407612611));
#3405=CARTESIAN_POINT('',(-0.0881735938539072,0.0265431045789349,-0.0475076049519518));
#3406=CARTESIAN_POINT('',(-0.0881735938539072,0.0265431045789349,-0.0468904691426426));
#3407=CARTESIAN_POINT('',(-0.0881735938539072,0.0265431045789349,-0.0455998290598291));
#3408=CARTESIAN_POINT('',(-0.0881735938539073,0.0265431045789349,-0.0449263247863248));
#3409=CARTESIAN_POINT('',(-0.0881735938539073,0.0265431045789349,-0.0438318803418803));
#3410=CARTESIAN_POINT('',(-0.0881735938539072,0.0265431045789349,-0.0434109401709402));
#3411=CARTESIAN_POINT('',(-0.0881735938539072,0.0265431045789349,-0.0425690598290598));
#3412=CARTESIAN_POINT('',(-0.0881735938539073,0.0265431045789349,-0.0421481196581196));
#3413=CARTESIAN_POINT('',(-0.0881735938539073,0.0265431045789349,-0.0410536752136752));
#3414=CARTESIAN_POINT('',(-0.0881735938539072,0.0265431045789349,-0.0403801709401709));
#3415=CARTESIAN_POINT('',(-0.0881735938539072,0.0265431045789349,-0.0390895308573574));
#3416=CARTESIAN_POINT('',(-0.0881735938539072,0.0265431045789349,-0.0384723950480481));
#3417=CARTESIAN_POINT('',(-0.0881735938539072,0.0265431045789349,-0.0378552592387388));
#3418=CARTESIAN_POINT('',(-0.0878921396224101,0.0266306825648295,-0.0481247407612611));
#3419=CARTESIAN_POINT('',(-0.08789213962241,0.0266306825648295,-0.0475076049519518));
#3420=CARTESIAN_POINT('',(-0.08789213962241,0.0266306825648295,-0.0468904691426426));
#3421=CARTESIAN_POINT('',(-0.08789213962241,0.0266306825648295,-0.0455998290598291));
#3422=CARTESIAN_POINT('',(-0.0878921396224101,0.0266306825648295,-0.0449263247863248));
#3423=CARTESIAN_POINT('',(-0.0878921396224101,0.0266306825648295,-0.0438318803418803));
#3424=CARTESIAN_POINT('',(-0.08789213962241,0.0266306825648295,-0.0434109401709402));
#3425=CARTESIAN_POINT('',(-0.08789213962241,0.0266306825648295,-0.0425690598290598));
#3426=CARTESIAN_POINT('',(-0.0878921396224101,0.0266306825648295,-0.0421481196581196));
#3427=CARTESIAN_POINT('',(-0.0878921396224101,0.0266306825648295,-0.0410536752136752));
#3428=CARTESIAN_POINT('',(-0.08789213962241,0.0266306825648295,-0.0403801709401709));
#3429=CARTESIAN_POINT('',(-0.08789213962241,0.0266306825648295,-0.0390895308573574));
#3430=CARTESIAN_POINT('',(-0.08789213962241,0.0266306825648295,-0.0384723950480481));
#3431=CARTESIAN_POINT('',(-0.0878921396224101,0.0266306825648295,-0.0378552592387388));
#3432=CARTESIAN_POINT('',(-0.0875977205492352,0.0266764704082136,-0.0481247407612611));
#3433=CARTESIAN_POINT('',(-0.0875977205492352,0.0266764704082136,-0.0475076049519518));
#3434=CARTESIAN_POINT('',(-0.0875977205492352,0.0266764704082136,-0.0468904691426426));
#3435=CARTESIAN_POINT('',(-0.0875977205492352,0.0266764704082136,-0.0455998290598291));
#3436=CARTESIAN_POINT('',(-0.0875977205492352,0.0266764704082136,-0.0449263247863248));
#3437=CARTESIAN_POINT('',(-0.0875977205492352,0.0266764704082136,-0.0438318803418803));
#3438=CARTESIAN_POINT('',(-0.0875977205492352,0.0266764704082136,-0.0434109401709402));
#3439=CARTESIAN_POINT('',(-0.0875977205492352,0.0266764704082136,-0.0425690598290598));
#3440=CARTESIAN_POINT('',(-0.0875977205492352,0.0266764704082136,-0.0421481196581196));
#3441=CARTESIAN_POINT('',(-0.0875977205492352,0.0266764704082136,-0.0410536752136752));
#3442=CARTESIAN_POINT('',(-0.0875977205492352,0.0266764704082136,-0.0403801709401709));
#3443=CARTESIAN_POINT('',(-0.0875977205492352,0.0266764704082136,-0.0390895308573574));
#3444=CARTESIAN_POINT('',(-0.0875977205492352,0.0266764704082136,-0.0384723950480481));
#3445=CARTESIAN_POINT('',(-0.0875977205492352,0.0266764704082136,-0.0378552592387388));
#3446=CARTESIAN_POINT('',(-0.0870082046447983,0.0266805386486297,-0.0481247407612611));
#3447=CARTESIAN_POINT('',(-0.0870082046447983,0.0266805386486297,-0.0475076049519518));
#3448=CARTESIAN_POINT('',(-0.0870082046447983,0.0266805386486297,-0.0468904691426426));
#3449=CARTESIAN_POINT('',(-0.0870082046447983,0.0266805386486297,-0.0455998290598291));
#3450=CARTESIAN_POINT('',(-0.0870082046447984,0.0266805386486297,-0.0449263247863248));
#3451=CARTESIAN_POINT('',(-0.0870082046447984,0.0266805386486297,-0.0438318803418803));
#3452=CARTESIAN_POINT('',(-0.0870082046447983,0.0266805386486297,-0.0434109401709402));
#3453=CARTESIAN_POINT('',(-0.0870082046447983,0.0266805386486297,-0.0425690598290598));
#3454=CARTESIAN_POINT('',(-0.0870082046447984,0.0266805386486297,-0.0421481196581196));
#3455=CARTESIAN_POINT('',(-0.0870082046447984,0.0266805386486297,-0.0410536752136752));
#3456=CARTESIAN_POINT('',(-0.0870082046447983,0.0266805386486297,-0.0403801709401709));
#3457=CARTESIAN_POINT('',(-0.0870082046447983,0.0266805386486297,-0.0390895308573574));
#3458=CARTESIAN_POINT('',(-0.0870082046447983,0.0266805386486297,-0.0384723950480481));
#3459=CARTESIAN_POINT('',(-0.0870082046447983,0.0266805386486297,-0.0378552592387388));
#3460=CARTESIAN_POINT('',(-0.0867131816805306,0.0266388185359067,-0.0481247407612611));
#3461=CARTESIAN_POINT('',(-0.0867131816805306,0.0266388185359067,-0.0475076049519518));
#3462=CARTESIAN_POINT('',(-0.0867131816805306,0.0266388185359067,-0.0468904691426426));
#3463=CARTESIAN_POINT('',(-0.0867131816805306,0.0266388185359067,-0.0455998290598291));
#3464=CARTESIAN_POINT('',(-0.0867131816805307,0.0266388185359067,-0.0449263247863248));
#3465=CARTESIAN_POINT('',(-0.0867131816805307,0.0266388185359067,-0.0438318803418803));
#3466=CARTESIAN_POINT('',(-0.0867131816805306,0.0266388185359067,-0.0434109401709402));
#3467=CARTESIAN_POINT('',(-0.0867131816805306,0.0266388185359067,-0.0425690598290598));
#3468=CARTESIAN_POINT('',(-0.0867131816805307,0.0266388185359067,-0.0421481196581196));
#3469=CARTESIAN_POINT('',(-0.0867131816805307,0.0266388185359067,-0.0410536752136752));
#3470=CARTESIAN_POINT('',(-0.0867131816805306,0.0266388185359067,-0.0403801709401709));
#3471=CARTESIAN_POINT('',(-0.0867131816805306,0.0266388185359067,-0.0390895308573574));
#3472=CARTESIAN_POINT('',(-0.0867131816805306,0.0266388185359067,-0.0384723950480481));
#3473=CARTESIAN_POINT('',(-0.0867131816805306,0.0266388185359067,-0.0378552592387388));
#3474=CARTESIAN_POINT('',(-0.0861479094480864,0.0264714481221784,-0.0481247407612611));
#3475=CARTESIAN_POINT('',(-0.0861479094480864,0.0264714481221784,-0.0475076049519518));
#3476=CARTESIAN_POINT('',(-0.0861479094480864,0.0264714481221784,-0.0468904691426426));
#3477=CARTESIAN_POINT('',(-0.0861479094480864,0.0264714481221784,-0.0455998290598291));
#3478=CARTESIAN_POINT('',(-0.0861479094480864,0.0264714481221784,-0.0449263247863248));
#3479=CARTESIAN_POINT('',(-0.0861479094480864,0.0264714481221784,-0.0438318803418803));
#3480=CARTESIAN_POINT('',(-0.0861479094480864,0.0264714481221784,-0.0434109401709402));
#3481=CARTESIAN_POINT('',(-0.0861479094480864,0.0264714481221784,-0.0425690598290598));
#3482=CARTESIAN_POINT('',(-0.0861479094480864,0.0264714481221784,-0.0421481196581196));
#3483=CARTESIAN_POINT('',(-0.0861479094480864,0.0264714481221784,-0.0410536752136752));
#3484=CARTESIAN_POINT('',(-0.0861479094480864,0.0264714481221784,-0.0403801709401709));
#3485=CARTESIAN_POINT('',(-0.0861479094480864,0.0264714481221784,-0.0390895308573574));
#3486=CARTESIAN_POINT('',(-0.0861479094480864,0.0264714481221784,-0.0384723950480481));
#3487=CARTESIAN_POINT('',(-0.0861479094480864,0.0264714481221784,-0.0378552592387388));
#3488=CARTESIAN_POINT('',(-0.0858777310091452,0.026345818792871,-0.0481247407612611));
#3489=CARTESIAN_POINT('',(-0.0858777310091452,0.026345818792871,-0.0475076049519518));
#3490=CARTESIAN_POINT('',(-0.0858777310091452,0.026345818792871,-0.0468904691426426));
#3491=CARTESIAN_POINT('',(-0.0858777310091452,0.026345818792871,-0.0455998290598291));
#3492=CARTESIAN_POINT('',(-0.0858777310091452,0.026345818792871,-0.0449263247863248));
#3493=CARTESIAN_POINT('',(-0.0858777310091452,0.026345818792871,-0.0438318803418803));
#3494=CARTESIAN_POINT('',(-0.0858777310091452,0.026345818792871,-0.0434109401709402));
#3495=CARTESIAN_POINT('',(-0.0858777310091452,0.026345818792871,-0.0425690598290598));
#3496=CARTESIAN_POINT('',(-0.0858777310091452,0.026345818792871,-0.0421481196581196));
#3497=CARTESIAN_POINT('',(-0.0858777310091452,0.026345818792871,-0.0410536752136752));
#3498=CARTESIAN_POINT('',(-0.0858777310091452,0.026345818792871,-0.0403801709401709));
#3499=CARTESIAN_POINT('',(-0.0858777310091452,0.026345818792871,-0.0390895308573574));
#3500=CARTESIAN_POINT('',(-0.0858777310091452,0.026345818792871,-0.0384723950480481));
#3501=CARTESIAN_POINT('',(-0.0858777310091452,0.026345818792871,-0.0378552592387388));
#3502=CARTESIAN_POINT('',(-0.0853854623247162,0.0260214469468446,-0.0481247407612611));
#3503=CARTESIAN_POINT('',(-0.0853854623247162,0.0260214469468446,-0.0475076049519518));
#3504=CARTESIAN_POINT('',(-0.0853854623247162,0.0260214469468446,-0.0468904691426426));
#3505=CARTESIAN_POINT('',(-0.0853854623247162,0.0260214469468446,-0.0455998290598291));
#3506=CARTESIAN_POINT('',(-0.0853854623247162,0.0260214469468446,-0.0449263247863248));
#3507=CARTESIAN_POINT('',(-0.0853854623247162,0.0260214469468446,-0.0438318803418803));
#3508=CARTESIAN_POINT('',(-0.0853854623247162,0.0260214469468446,-0.0434109401709402));
#3509=CARTESIAN_POINT('',(-0.0853854623247162,0.0260214469468446,-0.0425690598290598));
#3510=CARTESIAN_POINT('',(-0.0853854623247162,0.0260214469468446,-0.0421481196581196));
#3511=CARTESIAN_POINT('',(-0.0853854623247162,0.0260214469468446,-0.0410536752136752));
#3512=CARTESIAN_POINT('',(-0.0853854623247162,0.0260214469468446,-0.0403801709401709));
#3513=CARTESIAN_POINT('',(-0.0853854623247162,0.0260214469468446,-0.0390895308573574));
#3514=CARTESIAN_POINT('',(-0.0853854623247162,0.0260214469468446,-0.0384723950480481));
#3515=CARTESIAN_POINT('',(-0.0853854623247162,0.0260214469468446,-0.0378552592387388));
#3516=CARTESIAN_POINT('',(-0.0851634337610385,0.0258227450742763,-0.0481247407612611));
#3517=CARTESIAN_POINT('',(-0.0851634337610385,0.0258227450742763,-0.0475076049519518));
#3518=CARTESIAN_POINT('',(-0.0851634337610385,0.0258227450742763,-0.0468904691426426));
#3519=CARTESIAN_POINT('',(-0.0851634337610385,0.0258227450742763,-0.0455998290598291));
#3520=CARTESIAN_POINT('',(-0.0851634337610385,0.0258227450742763,-0.0449263247863248));
#3521=CARTESIAN_POINT('',(-0.0851634337610385,0.0258227450742763,-0.0438318803418803));
#3522=CARTESIAN_POINT('',(-0.0851634337610385,0.0258227450742763,-0.0434109401709402));
#3523=CARTESIAN_POINT('',(-0.0851634337610385,0.0258227450742763,-0.0425690598290598));
#3524=CARTESIAN_POINT('',(-0.0851634337610385,0.0258227450742763,-0.0421481196581196));
#3525=CARTESIAN_POINT('',(-0.0851634337610385,0.0258227450742763,-0.0410536752136752));
#3526=CARTESIAN_POINT('',(-0.0851634337610385,0.0258227450742763,-0.0403801709401709));
#3527=CARTESIAN_POINT('',(-0.0851634337610385,0.0258227450742763,-0.0390895308573574));
#3528=CARTESIAN_POINT('',(-0.0851634337610385,0.0258227450742763,-0.0384723950480481));
#3529=CARTESIAN_POINT('',(-0.0851634337610385,0.0258227450742763,-0.0378552592387388));
#3530=CARTESIAN_POINT('',(-0.0847866312800409,0.0253693518206012,-0.0481247407612611));
#3531=CARTESIAN_POINT('',(-0.0847866312800409,0.0253693518206012,-0.0475076049519518));
#3532=CARTESIAN_POINT('',(-0.0847866312800409,0.0253693518206012,-0.0468904691426426));
#3533=CARTESIAN_POINT('',(-0.0847866312800409,0.0253693518206012,-0.0455998290598291));
#3534=CARTESIAN_POINT('',(-0.0847866312800409,0.0253693518206012,-0.0449263247863248));
#3535=CARTESIAN_POINT('',(-0.0847866312800409,0.0253693518206012,-0.0438318803418803));
#3536=CARTESIAN_POINT('',(-0.0847866312800409,0.0253693518206012,-0.0434109401709402));
#3537=CARTESIAN_POINT('',(-0.0847866312800409,0.0253693518206012,-0.0425690598290598));
#3538=CARTESIAN_POINT('',(-0.0847866312800409,0.0253693518206012,-0.0421481196581196));
#3539=CARTESIAN_POINT('',(-0.0847866312800409,0.0253693518206012,-0.0410536752136752));
#3540=CARTESIAN_POINT('',(-0.0847866312800409,0.0253693518206012,-0.0403801709401709));
#3541=CARTESIAN_POINT('',(-0.0847866312800409,0.0253693518206012,-0.0390895308573574));
#3542=CARTESIAN_POINT('',(-0.0847866312800409,0.0253693518206012,-0.0384723950480481));
#3543=CARTESIAN_POINT('',(-0.0847866312800409,0.0253693518206012,-0.0378552592387388));
#3544=CARTESIAN_POINT('',(-0.0846319045764882,0.0251147172501701,-0.0481247407612611));
#3545=CARTESIAN_POINT('',(-0.0846319045764882,0.0251147172501701,-0.0475076049519518));
#3546=CARTESIAN_POINT('',(-0.0846319045764882,0.0251147172501701,-0.0468904691426426));
#3547=CARTESIAN_POINT('',(-0.0846319045764882,0.0251147172501701,-0.0455998290598291));
#3548=CARTESIAN_POINT('',(-0.0846319045764882,0.0251147172501701,-0.0449263247863248));
#3549=CARTESIAN_POINT('',(-0.0846319045764882,0.0251147172501701,-0.0438318803418803));
#3550=CARTESIAN_POINT('',(-0.0846319045764882,0.0251147172501701,-0.0434109401709402));
#3551=CARTESIAN_POINT('',(-0.0846319045764882,0.0251147172501701,-0.0425690598290598));
#3552=CARTESIAN_POINT('',(-0.0846319045764882,0.0251147172501701,-0.0421481196581196));
#3553=CARTESIAN_POINT('',(-0.0846319045764882,0.0251147172501701,-0.0410536752136752));
#3554=CARTESIAN_POINT('',(-0.0846319045764882,0.0251147172501701,-0.0403801709401709));
#3555=CARTESIAN_POINT('',(-0.0846319045764882,0.0251147172501701,-0.0390895308573574));
#3556=CARTESIAN_POINT('',(-0.0846319045764882,0.0251147172501701,-0.0384723950480481));
#3557=CARTESIAN_POINT('',(-0.0846319045764882,0.0251147172501701,-0.0378552592387388));
#3558=CARTESIAN_POINT('',(-0.0844030709431418,0.0245714118844561,-0.0481247407612611));
#3559=CARTESIAN_POINT('',(-0.0844030709431418,0.0245714118844561,-0.0475076049519518));
#3560=CARTESIAN_POINT('',(-0.0844030709431418,0.0245714118844561,-0.0468904691426426));
#3561=CARTESIAN_POINT('',(-0.0844030709431418,0.0245714118844561,-0.0455998290598291));
#3562=CARTESIAN_POINT('',(-0.0844030709431418,0.0245714118844561,-0.0449263247863248));
#3563=CARTESIAN_POINT('',(-0.0844030709431418,0.0245714118844561,-0.0438318803418803));
#3564=CARTESIAN_POINT('',(-0.0844030709431418,0.0245714118844561,-0.0434109401709402));
#3565=CARTESIAN_POINT('',(-0.0844030709431418,0.0245714118844561,-0.0425690598290598));
#3566=CARTESIAN_POINT('',(-0.0844030709431418,0.0245714118844561,-0.0421481196581196));
#3567=CARTESIAN_POINT('',(-0.0844030709431418,0.0245714118844561,-0.0410536752136752));
#3568=CARTESIAN_POINT('',(-0.0844030709431418,0.0245714118844561,-0.0403801709401709));
#3569=CARTESIAN_POINT('',(-0.0844030709431418,0.0245714118844561,-0.0390895308573574));
#3570=CARTESIAN_POINT('',(-0.0844030709431418,0.0245714118844561,-0.0384723950480481));
#3571=CARTESIAN_POINT('',(-0.0844030709431418,0.0245714118844561,-0.0378552592387388));
#3572=CARTESIAN_POINT('',(-0.0843289926864552,0.024282809165936,-0.0481247407612611));
#3573=CARTESIAN_POINT('',(-0.0843289926864552,0.024282809165936,-0.0475076049519518));
#3574=CARTESIAN_POINT('',(-0.0843289926864552,0.024282809165936,-0.0468904691426426));
#3575=CARTESIAN_POINT('',(-0.0843289926864552,0.024282809165936,-0.0455998290598291));
#3576=CARTESIAN_POINT('',(-0.0843289926864552,0.024282809165936,-0.0449263247863248));
#3577=CARTESIAN_POINT('',(-0.0843289926864552,0.024282809165936,-0.0438318803418803));
#3578=CARTESIAN_POINT('',(-0.0843289926864552,0.024282809165936,-0.0434109401709402));
#3579=CARTESIAN_POINT('',(-0.0843289926864552,0.024282809165936,-0.0425690598290598));
#3580=CARTESIAN_POINT('',(-0.0843289926864552,0.024282809165936,-0.0421481196581196));
#3581=CARTESIAN_POINT('',(-0.0843289926864552,0.024282809165936,-0.0410536752136752));
#3582=CARTESIAN_POINT('',(-0.0843289926864552,0.024282809165936,-0.0403801709401709));
#3583=CARTESIAN_POINT('',(-0.0843289926864552,0.024282809165936,-0.0390895308573574));
#3584=CARTESIAN_POINT('',(-0.0843289926864552,0.024282809165936,-0.0384723950480481));
#3585=CARTESIAN_POINT('',(-0.0843289926864552,0.024282809165936,-0.0378552592387388));
#3586=CARTESIAN_POINT('',(-0.0842984297856429,0.0239896329439552,-0.0481247407612611));
#3587=CARTESIAN_POINT('',(-0.0842984297856429,0.0239896329439552,-0.0475076049519518));
#3588=CARTESIAN_POINT('',(-0.0842984297856429,0.0239896329439552,-0.0468904691426426));
#3589=CARTESIAN_POINT('',(-0.0842984297856429,0.0239896329439552,-0.0455998290598291));
#3590=CARTESIAN_POINT('',(-0.0842984297856429,0.0239896329439552,-0.0449263247863248));
#3591=CARTESIAN_POINT('',(-0.0842984297856429,0.0239896329439552,-0.0438318803418803));
#3592=CARTESIAN_POINT('',(-0.0842984297856429,0.0239896329439552,-0.0434109401709402));
#3593=CARTESIAN_POINT('',(-0.0842984297856429,0.0239896329439552,-0.0425690598290598));
#3594=CARTESIAN_POINT('',(-0.0842984297856429,0.0239896329439552,-0.0421481196581196));
#3595=CARTESIAN_POINT('',(-0.0842984297856429,0.0239896329439552,-0.0410536752136752));
#3596=CARTESIAN_POINT('',(-0.0842984297856429,0.0239896329439552,-0.0403801709401709));
#3597=CARTESIAN_POINT('',(-0.0842984297856429,0.0239896329439552,-0.0390895308573574));
#3598=CARTESIAN_POINT('',(-0.0842984297856429,0.0239896329439552,-0.0384723950480481));
#3599=CARTESIAN_POINT('',(-0.0842984297856429,0.0239896329439552,-0.0378552592387388));
#3600=EDGE_LOOP('',(#4350,#4351,#4352,#4353));
#3601=AXIS2_PLACEMENT_3D('',#4354,#4355,#4356);
#3602=EDGE_LOOP('',(#4357,#4358,#4359,#4360));
#3603=AXIS2_PLACEMENT_3D('',#4361,#4362,#4363);
#3604=EDGE_LOOP('',(#4364,#4365,#4366,#4367));
#3605=AXIS2_PLACEMENT_3D('',#4368,#4369,#4370);
#3606=EDGE_LOOP('',(#4371,#4372,#4373,#4374));
#3607=AXIS2_PLACEMENT_3D('',#4375,#4376,#4377);
#3608=EDGE_LOOP('',(#4378,#4379,#4380,#4381));
#3609=AXIS2_PLACEMENT_3D('',#4382,#4383,#4384);
#3610=EDGE_LOOP('',(#4385,#4386,#4387,#4388,#4389,#4390,#4391,#4392,#4393,#4394,#4395,#4396,#4397,#4398,#4399,#4400,#4401,#4402,#4403,#4404,#4405,#4406,#4407,#4408,#4409,#4410,#4411,#4412,#4413,#4414,#4415,#4416,#4417,#4418,#4419,#4420,#4421,#4422,#4423,#4424,#4425,#4426,#4427,#4428,#4429,#4430,#4431,#4432,#4433,#4434,#4435,#4436,#4437,#4438,#4439,#4440,#4441,#4442,#4443,#4444,#4445,#4446,#4447,#4448,#4449,#4450,#4451,#4452,#4453,#4454,#4455,#4456,#4457,#4458,#4459,#4460,#4461,#4462,#4463,#4464,#4465,#4466,#4467));
#3611=EDGE_LOOP('',(#4468,#4469));
#3612=EDGE_LOOP('',(#4470,#4471));
#3613=EDGE_LOOP('',(#4472,#4473));
#3614=EDGE_LOOP('',(#4474,#4475));
#3615=EDGE_LOOP('',(#4476,#4477));
#3616=EDGE_LOOP('',(#4478,#4479));
#3617=EDGE_LOOP('',(#4480,#4481));
#3618=EDGE_LOOP('',(#4482,#4483));
#3619=EDGE_LOOP('',(#4484,#4485,#4486,#4487,#4488,#4489,#4490,#4491,#4492,#4493,#4494,#4495,#4496,#4497,#4498,#4499,#4500,#4501,#4502,#4503,#4504,#4505,#4506,#4507,#4508,#4509,#4510,#4511,#4512,#4513,#4514,#4515,#4516,#4517,#4518));
#3620=AXIS2_PLACEMENT_3D('',#4519,#4520,#4521);
#3621=EDGE_LOOP('',(#4522,#4523,#4524,#4525));
#3622=AXIS2_PLACEMENT_3D('',#4526,#4527,#4528);
#3623=EDGE_LOOP('',(#4529,#4530));
#3624=EDGE_LOOP('',(#4531,#4532));
#3625=AXIS2_PLACEMENT_3D('',#4533,#4534,#4535);
#3626=EDGE_LOOP('',(#4536,#4537,#4538,#4539));
#3627=AXIS2_PLACEMENT_3D('',#4540,#4541,#4542);
#3628=EDGE_LOOP('',(#4543,#4544));
#3629=EDGE_LOOP('',(#4545,#4546));
#3630=AXIS2_PLACEMENT_3D('',#4547,#4548,#4549);
#3631=EDGE_LOOP('',(#4550,#4551,#4552,#4553));
#3632=AXIS2_PLACEMENT_3D('',#4554,#4555,#4556);
#3633=EDGE_LOOP('',(#4557,#4558));
#3634=EDGE_LOOP('',(#4559,#4560));
#3635=AXIS2_PLACEMENT_3D('',#4561,#4562,#4563);
#3636=EDGE_LOOP('',(#4564,#4565,#4566,#4567));
#3637=AXIS2_PLACEMENT_3D('',#4568,#4569,#4570);
#3638=EDGE_LOOP('',(#4571,#4572));
#3639=EDGE_LOOP('',(#4573,#4574));
#3640=AXIS2_PLACEMENT_3D('',#4575,#4576,#4577);
#3641=EDGE_LOOP('',(#4578,#4579,#4580,#4581));
#3642=AXIS2_PLACEMENT_3D('',#4582,#4583,#4584);
#3643=EDGE_LOOP('',(#4585,#4586));
#3644=EDGE_LOOP('',(#4587,#4588));
#3645=AXIS2_PLACEMENT_3D('',#4589,#4590,#4591);
#3646=EDGE_LOOP('',(#4592,#4593,#4594,#4595));
#3647=AXIS2_PLACEMENT_3D('',#4596,#4597,#4598);
#3648=EDGE_LOOP('',(#4599,#4600));
#3649=EDGE_LOOP('',(#4601,#4602));
#3650=AXIS2_PLACEMENT_3D('',#4603,#4604,#4605);
#3651=EDGE_LOOP('',(#4606,#4607,#4608,#4609));
#3652=AXIS2_PLACEMENT_3D('',#4610,#4611,#4612);
#3653=EDGE_LOOP('',(#4613,#4614));
#3654=EDGE_LOOP('',(#4615,#4616));
#3655=AXIS2_PLACEMENT_3D('',#4617,#4618,#4619);
#3656=EDGE_LOOP('',(#4620,#4621,#4622,#4623));
#3657=AXIS2_PLACEMENT_3D('',#4624,#4625,#4626);
#3658=EDGE_LOOP('',(#4627,#4628));
#3659=EDGE_LOOP('',(#4629,#4630));
#3660=AXIS2_PLACEMENT_3D('',#4631,#4632,#4633);
#3661=EDGE_LOOP('',(#4634,#4635,#4636,#4637));
#3662=B_SPLINE_CURVE_WITH_KNOTS('',3,(#4638,#4639,#4640,#4641,#4642,#4643,#4644),.UNSPECIFIED.,.F.,.F.,(4,3,4),(0.0,1.0,1.61258256069905),.UNSPECIFIED.);
#3663=VECTOR('',#4645,1.0);
#3664=EDGE_LOOP('',(#4646,#4647,#4648,#4649));
#3665=B_SPLINE_CURVE_WITH_KNOTS('',3,(#4650,#4651,#4652,#4653,#4654,#4655,#4656,#4657,#4658,#4659),.UNSPECIFIED.,.F.,.F.,(4,3,3,4),(-2.39907723476882,-2.22044604925031E-16,1.0,4.85000000000001),.UNSPECIFIED.);
#3666=VECTOR('',#4660,1.0);
#3667=EDGE_LOOP('',(#4661,#4662,#4663,#4664));
#3668=B_SPLINE_CURVE_WITH_KNOTS('',3,(#4665,#4666,#4667,#4668,#4669,#4670,#4671,#4672,#4673,#4674),.UNSPECIFIED.,.F.,.F.,(4,3,3,4),(-3.48281528146248,-4.44089209850063E-16,1.0,3.70903670138023),.UNSPECIFIED.);
#3669=VECTOR('',#4675,1.0);
#3670=EDGE_LOOP('',(#4676,#4677,#4678,#4679));
#3671=B_SPLINE_CURVE_WITH_KNOTS('',3,(#4680,#4681,#4682,#4683,#4684,#4685,#4686,#4687,#4688,#4689),.UNSPECIFIED.,.F.,.F.,(4,3,3,4),(-2.14738202561984,2.22044604925031E-16,1.0,4.78806272506642),.UNSPECIFIED.);
#3672=VECTOR('',#4690,1.0);
#3673=EDGE_LOOP('',(#4691,#4692,#4693,#4694));
#3674=AXIS2_PLACEMENT_3D('',#4695,#4696,#4697);
#3675=EDGE_LOOP('',(#4698,#4699,#4700,#4701));
#3676=AXIS2_PLACEMENT_3D('',#4702,#4703,#4704);
#3677=EDGE_LOOP('',(#4705,#4706,#4707,#4708));
#3678=B_SPLINE_CURVE_WITH_KNOTS('',3,(#4709,#4710,#4711,#4712,#4713,#4714,#4715,#4716,#4717,#4718),.UNSPECIFIED.,.F.,.F.,(4,3,3,4),(-1.31725067712927,0.0,1.0,4.45283928133457),.UNSPECIFIED.);
#3679=VECTOR('',#4719,1.0);
#3680=EDGE_LOOP('',(#4720,#4721,#4722,#4723));
#3681=B_SPLINE_CURVE_WITH_KNOTS('',3,(#4724,#4725,#4726,#4727,#4728,#4729,#4730,#4731,#4732,#4733),.UNSPECIFIED.,.F.,.F.,(4,3,3,4),(-3.0801677702892,0.0,1.0,4.85),.UNSPECIFIED.);
#3682=VECTOR('',#4734,1.0);
#3683=EDGE_LOOP('',(#4735,#4736,#4737,#4738));
#3684=B_SPLINE_CURVE_WITH_KNOTS('',3,(#4739,#4740,#4741,#4742,#4743,#4744,#4745,#4746,#4747,#4748),.UNSPECIFIED.,.F.,.F.,(4,3,3,4),(-3.38851064541335,0.0,1.0,4.04721979567793),.UNSPECIFIED.);
#3685=VECTOR('',#4749,1.0);
#3686=EDGE_LOOP('',(#4750,#4751,#4752,#4753));
#3687=B_SPLINE_CURVE_WITH_KNOTS('',3,(#4754,#4755,#4756,#4757,#4758,#4759,#4760,#4761,#4762,#4763),.UNSPECIFIED.,.F.,.F.,(4,3,3,4),(-3.36673700852835,0.0,1.0,4.85),.UNSPECIFIED.);
#3688=VECTOR('',#4764,1.0);
#3689=EDGE_LOOP('',(#4765,#4766,#4767,#4768));
#3690=AXIS2_PLACEMENT_3D('',#4769,#4770,#4771);
#3691=EDGE_LOOP('',(#4772,#4773,#4774,#4775));
#3692=AXIS2_PLACEMENT_3D('',#4776,#4777,#4778);
#3693=EDGE_LOOP('',(#4779,#4780,#4781,#4782));
#3694=B_SPLINE_CURVE_WITH_KNOTS('',3,(#4783,#4784,#4785,#4786,#4787,#4788,#4789),.UNSPECIFIED.,.F.,.F.,(4,3,4),(0.0,1.0,1.62718927262171),.UNSPECIFIED.);
#3695=VECTOR('',#4790,1.0);
#3696=EDGE_LOOP('',(#4791,#4792,#4793,#4794));
#3697=B_SPLINE_CURVE_WITH_KNOTS('',3,(#4795,#4796,#4797,#4798,#4799,#4800,#4801,#4802,#4803,#4804),.UNSPECIFIED.,.F.,.F.,(4,3,3,4),(-1.72965932711325,0.0,1.0,3.83754761551307),.UNSPECIFIED.);
#3698=VECTOR('',#4805,1.0);
#3699=EDGE_LOOP('',(#4806,#4807,#4808,#4809));
#3700=B_SPLINE_CURVE_WITH_KNOTS('',3,(#4810,#4811,#4812,#4813,#4814,#4815,#4816,#4817,#4818,#4819),.UNSPECIFIED.,.F.,.F.,(4,3,3,4),(-1.71105052133035,0.0,1.0,4.14652948334451),.UNSPECIFIED.);
#3701=VECTOR('',#4820,1.0);
#3702=EDGE_LOOP('',(#4821,#4822,#4823,#4824));
#3703=B_SPLINE_CURVE_WITH_KNOTS('',3,(#4825,#4826,#4827,#4828,#4829,#4830,#4831),.UNSPECIFIED.,.F.,.F.,(4,3,4),(-0.94117076229422,0.0,1.0),.UNSPECIFIED.);
#3704=VECTOR('',#4832,1.0);
#3705=EDGE_LOOP('',(#4833,#4834,#4835,#4836));
#3706=AXIS2_PLACEMENT_3D('',#4837,#4838,#4839);
#3707=EDGE_LOOP('',(#4840,#4841,#4842,#4843));
#3708=B_SPLINE_CURVE_WITH_KNOTS('',3,(#4844,#4845,#4846,#4847,#4848,#4849,#4850),.UNSPECIFIED.,.F.,.F.,(4,3,4),(0.0,1.0,2.62337431133696),.UNSPECIFIED.);
#3709=VECTOR('',#4851,1.0);
#3710=EDGE_LOOP('',(#4852,#4853,#4854,#4855));
#3711=B_SPLINE_CURVE_WITH_KNOTS('',3,(#4856,#4857,#4858,#4859,#4860,#4861,#4862,#4863,#4864,#4865),.UNSPECIFIED.,.F.,.F.,(4,3,3,4),(-2.00540942937487,4.44089209850063E-16,1.0,4.85),.UNSPECIFIED.);
#3712=VECTOR('',#4866,1.0);
#3713=EDGE_LOOP('',(#4867,#4868,#4869,#4870));
#3714=B_SPLINE_CURVE_WITH_KNOTS('',3,(#4871,#4872,#4873,#4874,#4875,#4876,#4877,#4878,#4879,#4880),.UNSPECIFIED.,.F.,.F.,(4,3,3,4),(-2.02188247913177,0.0,1.0,4.85),.UNSPECIFIED.);
#3715=VECTOR('',#4881,1.0);
#3716=EDGE_LOOP('',(#4882,#4883,#4884,#4885));
#3717=B_SPLINE_CURVE_WITH_KNOTS('',3,(#4886,#4887,#4888,#4889,#4890,#4891,#4892,#4893,#4894,#4895),.UNSPECIFIED.,.F.,.F.,(4,3,3,4),(-2.99120574179888,0.0,1.0,2.96980561682189),.UNSPECIFIED.);
#3718=VECTOR('',#4896,1.0);
#3719=EDGE_LOOP('',(#4897,#4898,#4899,#4900));
#3720=B_SPLINE_CURVE_WITH_KNOTS('',3,(#4901,#4902,#4903,#4904,#4905,#4906,#4907,#4908,#4909,#4910),.UNSPECIFIED.,.F.,.F.,(4,3,3,4),(-3.04545020967619,0.0,1.0,2.36372396846613),.UNSPECIFIED.);
#3721=VECTOR('',#4911,1.0);
#3722=EDGE_LOOP('',(#4912,#4913,#4914,#4915));
#3723=B_SPLINE_CURVE_WITH_KNOTS('',3,(#4916,#4917,#4918,#4919,#4920,#4921,#4922,#4923,#4924,#4925),.UNSPECIFIED.,.F.,.F.,(4,3,3,4),(-1.36575942666384,0.0,1.0,4.08868296704647),.UNSPECIFIED.);
#3724=VECTOR('',#4926,1.0);
#3725=EDGE_LOOP('',(#4927,#4928,#4929,#4930));
#3726=B_SPLINE_CURVE_WITH_KNOTS('',3,(#4931,#4932,#4933,#4934,#4935,#4936,#4937,#4938,#4939,#4940),.UNSPECIFIED.,.F.,.F.,(4,3,3,4),(-3.3520641480765,4.44089209850063E-16,1.0,4.85),.UNSPECIFIED.);
#3727=VECTOR('',#4941,1.0);
#3728=EDGE_LOOP('',(#4942,#4943,#4944,#4945));
#3729=AXIS2_PLACEMENT_3D('',#4946,#4947,#4948);
#3730=EDGE_LOOP('',(#4949,#4950,#4951,#4952));
#3731=AXIS2_PLACEMENT_3D('',#4953,#4954,#4955);
#3732=EDGE_LOOP('',(#4956,#4957,#4958,#4959));
#3733=B_SPLINE_CURVE_WITH_KNOTS('',3,(#4960,#4961,#4962,#4963,#4964,#4965,#4966),.UNSPECIFIED.,.F.,.F.,(4,3,4),(0.0,1.0,1.64535868813176),.UNSPECIFIED.);
#3734=VECTOR('',#4967,1.0);
#3735=EDGE_LOOP('',(#4968,#4969,#4970,#4971));
#3736=B_SPLINE_CURVE_WITH_KNOTS('',3,(#4972,#4973,#4974,#4975,#4976,#4977,#4978,#4979,#4980,#4981),.UNSPECIFIED.,.F.,.F.,(4,3,3,4),(-1.58439505500939,0.0,1.0,1.37989050393952),.UNSPECIFIED.);
#3737=VECTOR('',#4982,1.0);
#3738=EDGE_LOOP('',(#4983,#4984,#4985,#4986));
#3739=AXIS2_PLACEMENT_3D('',#4987,#4988,#4989);
#3740=EDGE_LOOP('',(#4990,#4991,#4992,#4993));
#3741=AXIS2_PLACEMENT_3D('',#4994,#4995,#4996);
#3742=EDGE_LOOP('',(#4997,#4998,#4999,#5000));
#3743=B_SPLINE_CURVE_WITH_KNOTS('',3,(#5001,#5002,#5003,#5004,#5005,#5006,#5007),.UNSPECIFIED.,.F.,.F.,(4,3,4),(0.0,1.0,2.00076806547139),.UNSPECIFIED.);
#3744=VECTOR('',#5008,1.0);
#3745=EDGE_LOOP('',(#5009,#5010,#5011,#5012));
#3746=B_SPLINE_CURVE_WITH_KNOTS('',3,(#5013,#5014,#5015,#5016,#5017,#5018,#5019,#5020,#5021,#5022),.UNSPECIFIED.,.F.,.F.,(4,3,3,4),(-2.54674159215234,0.0,1.0,2.3024983471846),.UNSPECIFIED.);
#3747=VECTOR('',#5023,1.0);
#3748=EDGE_LOOP('',(#5024,#5025,#5026,#5027));
#3749=B_SPLINE_CURVE_WITH_KNOTS('',3,(#5028,#5029,#5030,#5031,#5032,#5033,#5034),.UNSPECIFIED.,.F.,.F.,(4,3,4),(0.0,1.0,2.847142214049),.UNSPECIFIED.);
#3750=VECTOR('',#5035,1.0);
#3751=EDGE_LOOP('',(#5036,#5037,#5038,#5039));
#3752=B_SPLINE_CURVE_WITH_KNOTS('',3,(#5040,#5041,#5042,#5043,#5044,#5045,#5046),.UNSPECIFIED.,.F.,.F.,(4,3,4),(0.0,1.0,2.77587488488073),.UNSPECIFIED.);
#3753=VECTOR('',#5047,1.0);
#3754=EDGE_LOOP('',(#5048,#5049,#5050,#5051));
#3755=B_SPLINE_CURVE_WITH_KNOTS('',3,(#5052,#5053,#5054,#5055,#5056,#5057,#5058),.UNSPECIFIED.,.F.,.F.,(4,3,4),(0.0,1.0,2.67197854232994),.UNSPECIFIED.);
#3756=VECTOR('',#5059,1.0);
#3757=EDGE_LOOP('',(#5060,#5061,#5062,#5063));
#3758=AXIS2_PLACEMENT_3D('',#5064,#5065,#5066);
#3759=EDGE_LOOP('',(#5067,#5068,#5069,#5070));
#3760=AXIS2_PLACEMENT_3D('',#5071,#5072,#5073);
#3761=EDGE_LOOP('',(#5074,#5075,#5076,#5077));
#3762=B_SPLINE_CURVE_WITH_KNOTS('',3,(#5078,#5079,#5080,#5081,#5082,#5083,#5084),.UNSPECIFIED.,.F.,.F.,(4,3,4),(0.0,1.0,1.58899651471847),.UNSPECIFIED.);
#3763=VECTOR('',#5085,1.0);
#3764=EDGE_LOOP('',(#5086,#5087,#5088,#5089));
#3765=B_SPLINE_CURVE_WITH_KNOTS('',3,(#5090,#5091,#5092,#5093,#5094,#5095,#5096,#5097,#5098,#5099),.UNSPECIFIED.,.F.,.F.,(4,3,3,4),(-0.363161425651108,0.0,1.0,2.87628107955788),.UNSPECIFIED.);
#3766=VECTOR('',#5100,1.0);
#3767=EDGE_LOOP('',(#5101,#5102,#5103,#5104));
#3768=B_SPLINE_CURVE_WITH_KNOTS('',3,(#5105,#5106,#5107,#5108,#5109,#5110,#5111,#5112,#5113,#5114),.UNSPECIFIED.,.F.,.F.,(4,3,3,4),(-1.0423727895277,0.0,1.0,3.41235408272823),.UNSPECIFIED.);
#3769=VECTOR('',#5115,1.0);
#3770=EDGE_LOOP('',(#5116,#5117,#5118,#5119));
#3771=B_SPLINE_CURVE_WITH_KNOTS('',3,(#5120,#5121,#5122,#5123,#5124,#5125,#5126,#5127,#5128,#5129),.UNSPECIFIED.,.F.,.F.,(4,3,3,4),(-1.87103166666324,0.0,1.0,3.46236120506178),.UNSPECIFIED.);
#3772=VECTOR('',#5130,1.0);
#3773=EDGE_LOOP('',(#5131,#5132,#5133,#5134));
#3774=AXIS2_PLACEMENT_3D('',#5135,#5136,#5137);
#3775=EDGE_LOOP('',(#5138,#5139,#5140,#5141));
#3776=AXIS2_PLACEMENT_3D('',#5142,#5143,#5144);
#3777=EDGE_LOOP('',(#5145,#5146));
#3778=EDGE_LOOP('',(#5147,#5148));
#3779=EDGE_LOOP('',(#5149,#5150));
#3780=EDGE_LOOP('',(#5151,#5152));
#3781=EDGE_LOOP('',(#5153,#5154));
#3782=EDGE_LOOP('',(#5155,#5156));
#3783=EDGE_LOOP('',(#5157,#5158));
#3784=EDGE_LOOP('',(#5159,#5160));
#3785=EDGE_LOOP('',(#5161,#5162,#5163,#5164,#5165,#5166,#5167,#5168,#5169,#5170,#5171,#5172,#5173,#5174,#5175,#5176,#5177,#5178,#5179,#5180,#5181,#5182,#5183,#5184,#5185,#5186,#5187,#5188,#5189,#5190,#5191,#5192,#5193,#5194,#5195));
#3786=AXIS2_PLACEMENT_3D('',#5196,#5197,#5198);
#3787=EDGE_LOOP('',(#5199,#5200,#5201,#5202));
#3788=B_SPLINE_CURVE_WITH_KNOTS('',3,(#5203,#5204,#5205,#5206,#5207,#5208,#5209,#5210,#5211,#5212),.UNSPECIFIED.,.F.,.F.,(4,3,3,4),(-1.925,0.0,1.0,2.07765875414466),.UNSPECIFIED.);
#3789=VECTOR('',#5213,1.0);
#3790=EDGE_LOOP('',(#5214,#5215,#5216,#5217));
#3791=B_SPLINE_CURVE_WITH_KNOTS('',3,(#5218,#5219,#5220,#5221,#5222,#5223,#5224,#5225,#5226,#5227),.UNSPECIFIED.,.F.,.F.,(4,3,3,4),(-0.964937826510529,0.0,1.0,1.98008655228641),.UNSPECIFIED.);
#3792=VECTOR('',#5228,1.0);
#3793=EDGE_LOOP('',(#5229,#5230,#5231,#5232));
#3794=B_SPLINE_CURVE_WITH_KNOTS('',3,(#5233,#5234,#5235,#5236,#5237,#5238,#5239,#5240,#5241,#5242),.UNSPECIFIED.,.F.,.F.,(4,3,3,4),(-1.04644416297369,0.0,1.0,2.06217439214573),.UNSPECIFIED.);
#3795=VECTOR('',#5243,1.0);
#3796=EDGE_LOOP('',(#5244,#5245,#5246,#5247));
#3797=B_SPLINE_CURVE_WITH_KNOTS('',3,(#5248,#5249,#5250,#5251,#5252,#5253,#5254,#5255,#5256,#5257),.UNSPECIFIED.,.F.,.F.,(4,3,3,4),(-1.7853246598196,0.0,1.0,2.925),.UNSPECIFIED.);
#3798=VECTOR('',#5258,1.0);
#3799=EDGE_LOOP('',(#5259,#5260,#5261,#5262));
#3800=B_SPLINE_CURVE_WITH_KNOTS('',3,(#5263,#5264,#5265,#5266,#5267,#5268,#5269,#5270,#5271,#5272),.UNSPECIFIED.,.F.,.F.,(4,3,3,4),(-1.09727647031671,0.0,1.0,2.09170503992728),.UNSPECIFIED.);
#3801=VECTOR('',#5273,1.0);
#3802=EDGE_LOOP('',(#5274,#5275,#5276,#5277));
#3803=B_SPLINE_CURVE_WITH_KNOTS('',3,(#5278,#5279,#5280,#5281,#5282,#5283,#5284,#5285,#5286,#5287),.UNSPECIFIED.,.F.,.F.,(4,3,3,4),(-1.04769108492215,0.0,1.0,1.93565279955336),.UNSPECIFIED.);
#3804=VECTOR('',#5288,1.0);
#3805=EDGE_LOOP('',(#5289,#5290,#5291,#5292));
#3806=B_SPLINE_CURVE_WITH_KNOTS('',3,(#5293,#5294,#5295,#5296,#5297,#5298,#5299,#5300,#5301,#5302),.UNSPECIFIED.,.F.,.F.,(4,3,3,4),(-1.03691671786253,0.0,1.0,2.28599513522393),.UNSPECIFIED.);
#3807=VECTOR('',#5303,1.0);
#3808=EDGE_LOOP('',(#5304,#5305,#5306,#5307));
#3809=B_SPLINE_CURVE_WITH_KNOTS('',3,(#5308,#5309,#5310,#5311,#5312,#5313,#5314,#5315,#5316,#5317),.UNSPECIFIED.,.F.,.F.,(4,3,3,4),(-1.42603475595592,0.0,1.0,2.4227842713507),.UNSPECIFIED.);
#3810=VECTOR('',#5318,1.0);
#3811=EDGE_LOOP('',(#5319,#5320,#5321,#5322));
#3812=B_SPLINE_CURVE_WITH_KNOTS('',3,(#5323,#5324,#5325,#5326,#5327,#5328,#5329,#5330,#5331,#5332),.UNSPECIFIED.,.F.,.F.,(4,3,3,4),(-0.941824962757101,0.0,1.0,1.98011226993685),.UNSPECIFIED.);
#3813=VECTOR('',#5333,1.0);
#3814=EDGE_LOOP('',(#5334,#5335,#5336,#5337));
#3815=B_SPLINE_CURVE_WITH_KNOTS('',3,(#5338,#5339,#5340,#5341,#5342,#5343,#5344,#5345,#5346,#5347),.UNSPECIFIED.,.F.,.F.,(4,3,3,4),(-0.959254569326631,0.0,1.0,2.04725196033013),.UNSPECIFIED.);
#3816=VECTOR('',#5348,1.0);
#3817=EDGE_LOOP('',(#5349,#5350,#5351,#5352));
#3818=B_SPLINE_CURVE_WITH_KNOTS('',3,(#5353,#5354,#5355,#5356,#5357,#5358,#5359,#5360,#5361,#5362),.UNSPECIFIED.,.F.,.F.,(4,3,3,4),(-1.18939585448738,0.0,1.0,2.32245326538277),.UNSPECIFIED.);
#3819=VECTOR('',#5363,1.0);
#3820=EDGE_LOOP('',(#5364,#5365,#5366,#5367));
#3821=B_SPLINE_CURVE_WITH_KNOTS('',3,(#5368,#5369,#5370,#5371,#5372,#5373,#5374,#5375,#5376,#5377),.UNSPECIFIED.,.F.,.F.,(4,3,3,4),(-1.02778060471137,0.0,1.0,2.69859704748939),.UNSPECIFIED.);
#3822=VECTOR('',#5378,1.0);
#3823=EDGE_LOOP('',(#5379,#5380,#5381,#5382));
#3824=B_SPLINE_CURVE_WITH_KNOTS('',3,(#5383,#5384,#5385,#5386,#5387,#5388,#5389,#5390,#5391,#5392),.UNSPECIFIED.,.F.,.F.,(4,3,3,4),(-0.974175318832447,0.0,1.0,1.92235473261081),.UNSPECIFIED.);
#3825=VECTOR('',#5393,1.0);
#3826=EDGE_LOOP('',(#5394,#5395,#5396,#5397));
#3827=B_SPLINE_CURVE_WITH_KNOTS('',3,(#5398,#5399,#5400,#5401,#5402,#5403,#5404,#5405,#5406,#5407),.UNSPECIFIED.,.F.,.F.,(4,3,3,4),(-1.27110553577699,0.0,1.0,2.02022636655094),.UNSPECIFIED.);
#3828=VECTOR('',#5408,1.0);
#3829=EDGE_LOOP('',(#5409,#5410,#5411,#5412));
#3830=B_SPLINE_CURVE_WITH_KNOTS('',3,(#5413,#5414,#5415,#5416,#5417,#5418,#5419,#5420,#5421,#5422),.UNSPECIFIED.,.F.,.F.,(4,3,3,4),(-1.47772652911212,0.0,1.0,2.03169830422101),.UNSPECIFIED.);
#3831=VECTOR('',#5423,1.0);
#3832=EDGE_LOOP('',(#5424,#5425,#5426,#5427));
#3833=B_SPLINE_CURVE_WITH_KNOTS('',3,(#5428,#5429,#5430,#5431,#5432,#5433,#5434,#5435,#5436,#5437),.UNSPECIFIED.,.F.,.F.,(4,3,3,4),(-1.07005751464644,0.0,1.0,1.94039358068891),.UNSPECIFIED.);
#3834=VECTOR('',#5438,1.0);
#3835=EDGE_LOOP('',(#5439,#5440,#5441,#5442));
#3836=B_SPLINE_CURVE_WITH_KNOTS('',3,(#5443,#5444,#5445,#5446,#5447,#5448,#5449,#5450,#5451,#5452),.UNSPECIFIED.,.F.,.F.,(4,3,3,4),(-1.05240431654542,0.0,1.0,2.09086050919987),.UNSPECIFIED.);
#3837=VECTOR('',#5453,1.0);
#3838=EDGE_LOOP('',(#5454,#5455,#5456,#5457));
#3839=B_SPLINE_CURVE_WITH_KNOTS('',3,(#5458,#5459,#5460,#5461,#5462,#5463,#5464,#5465,#5466,#5467),.UNSPECIFIED.,.F.,.F.,(4,3,3,4),(-1.1502833788033,0.0,1.0,2.13159212364544),.UNSPECIFIED.);
#3840=VECTOR('',#5468,1.0);
#3841=EDGE_LOOP('',(#5469,#5470,#5471,#5472));
#3842=B_SPLINE_CURVE_WITH_KNOTS('',3,(#5473,#5474,#5475,#5476,#5477,#5478,#5479,#5480,#5481,#5482),.UNSPECIFIED.,.F.,.F.,(4,3,3,4),(-1.01706200074057,0.0,1.0,1.9743871716217),.UNSPECIFIED.);
#3843=VECTOR('',#5483,1.0);
#3844=EDGE_LOOP('',(#5484,#5485,#5486,#5487));
#3845=B_SPLINE_CURVE_WITH_KNOTS('',3,(#5488,#5489,#5490,#5491,#5492,#5493,#5494,#5495,#5496,#5497),.UNSPECIFIED.,.F.,.F.,(4,3,3,4),(-1.04439290888645,0.0,1.0,2.0729616453216),.UNSPECIFIED.);
#3846=VECTOR('',#5498,1.0);
#3847=EDGE_LOOP('',(#5499,#5500,#5501,#5502));
#3848=B_SPLINE_CURVE_WITH_KNOTS('',3,(#5503,#5504,#5505,#5506,#5507,#5508,#5509,#5510,#5511,#5512),.UNSPECIFIED.,.F.,.F.,(4,3,3,4),(-1.11548272279578,0.0,1.0,2.925),.UNSPECIFIED.);
#3849=VECTOR('',#5513,1.0);
#3850=EDGE_LOOP('',(#5514,#5515,#5516,#5517));
#3851=B_SPLINE_CURVE_WITH_KNOTS('',3,(#5518,#5519,#5520,#5521,#5522,#5523,#5524,#5525,#5526,#5527),.UNSPECIFIED.,.F.,.F.,(4,3,3,4),(-1.01049472419974,0.0,1.0,2.13163946957748),.UNSPECIFIED.);
#3852=VECTOR('',#5528,1.0);
#3853=EDGE_LOOP('',(#5529,#5530,#5531,#5532));
#3854=B_SPLINE_CURVE_WITH_KNOTS('',3,(#5533,#5534,#5535,#5536,#5537,#5538,#5539,#5540,#5541,#5542),.UNSPECIFIED.,.F.,.F.,(4,3,3,4),(-0.971361787357947,0.0,1.0,2.15922389798035),.UNSPECIFIED.);
#3855=VECTOR('',#5543,1.0);
#3856=EDGE_LOOP('',(#5544,#5545,#5546,#5547));
#3857=B_SPLINE_CURVE_WITH_KNOTS('',3,(#5548,#5549,#5550,#5551,#5552,#5553,#5554,#5555,#5556,#5557),.UNSPECIFIED.,.F.,.F.,(4,3,3,4),(-1.01708483278225,0.0,1.0,2.02879188123244),.UNSPECIFIED.);
#3858=VECTOR('',#5558,1.0);
#3859=EDGE_LOOP('',(#5559,#5560,#5561,#5562));
#3860=B_SPLINE_CURVE_WITH_KNOTS('',3,(#5563,#5564,#5565,#5566,#5567,#5568,#5569,#5570,#5571,#5572),.UNSPECIFIED.,.F.,.F.,(4,3,3,4),(-1.38853220247907,0.0,1.0,2.04918814136432),.UNSPECIFIED.);
#3861=VECTOR('',#5573,1.0);
#3862=EDGE_LOOP('',(#5574,#5575,#5576,#5577));
#3863=B_SPLINE_CURVE_WITH_KNOTS('',3,(#5578,#5579,#5580,#5581,#5582,#5583,#5584,#5585,#5586,#5587),.UNSPECIFIED.,.F.,.F.,(4,3,3,4),(-1.01092868508863,0.0,1.0,2.01013915086456),.UNSPECIFIED.);
#3864=VECTOR('',#5588,1.0);
#3865=EDGE_LOOP('',(#5589,#5590,#5591,#5592));
#3866=B_SPLINE_CURVE_WITH_KNOTS('',3,(#5593,#5594,#5595,#5596,#5597,#5598,#5599,#5600,#5601,#5602),.UNSPECIFIED.,.F.,.F.,(4,3,3,4),(-1.02832705095253,0.0,1.0,2.01209694876629),.UNSPECIFIED.);
#3867=VECTOR('',#5603,1.0);
#3868=EDGE_LOOP('',(#5604,#5605,#5606,#5607));
#3869=B_SPLINE_CURVE_WITH_KNOTS('',3,(#5608,#5609,#5610,#5611,#5612,#5613,#5614,#5615,#5616,#5617),.UNSPECIFIED.,.F.,.F.,(4,3,3,4),(-1.01385394258335,0.0,1.0,2.01335488608066),.UNSPECIFIED.);
#3870=VECTOR('',#5618,1.0);
#3871=EDGE_LOOP('',(#5619,#5620,#5621,#5622));
#3872=B_SPLINE_CURVE_WITH_KNOTS('',3,(#5623,#5624,#5625,#5626,#5627,#5628,#5629,#5630,#5631,#5632),.UNSPECIFIED.,.F.,.F.,(4,3,3,4),(-1.01538156814229,0.0,1.0,2.0065655027318),.UNSPECIFIED.);
#3873=VECTOR('',#5633,1.0);
#3874=EDGE_LOOP('',(#5634,#5635,#5636,#5637));
#3875=B_SPLINE_CURVE_WITH_KNOTS('',3,(#5638,#5639,#5640,#5641,#5642,#5643,#5644,#5645,#5646,#5647),.UNSPECIFIED.,.F.,.F.,(4,3,3,4),(-1.01292262604616,0.0,1.0,2.01302100083387),.UNSPECIFIED.);
#3876=VECTOR('',#5648,1.0);
#3877=EDGE_LOOP('',(#5649,#5650,#5651,#5652));
#3878=B_SPLINE_CURVE_WITH_KNOTS('',3,(#5653,#5654,#5655,#5656,#5657,#5658,#5659,#5660,#5661,#5662),.UNSPECIFIED.,.F.,.F.,(4,3,3,4),(-1.0167706868954,0.0,1.0,2.00865322423349),.UNSPECIFIED.);
#3879=VECTOR('',#5663,1.0);
#3880=EDGE_LOOP('',(#5664,#5665,#5666,#5667));
#3881=B_SPLINE_CURVE_WITH_KNOTS('',3,(#5668,#5669,#5670,#5671,#5672,#5673,#5674,#5675,#5676,#5677),.UNSPECIFIED.,.F.,.F.,(4,3,3,4),(-1.01360720827156,0.0,1.0,2.01365949917373),.UNSPECIFIED.);
#3882=VECTOR('',#5678,1.0);
#3883=EDGE_LOOP('',(#5679,#5680,#5681,#5682));
#3884=B_SPLINE_CURVE_WITH_KNOTS('',3,(#5683,#5684,#5685,#5686,#5687,#5688,#5689,#5690,#5691,#5692),.UNSPECIFIED.,.F.,.F.,(4,3,3,4),(-1.01418819196329,0.0,1.0,2.01323856113823),.UNSPECIFIED.);
#3885=VECTOR('',#5693,1.0);
#3886=EDGE_LOOP('',(#5694,#5695,#5696,#5697));
#3887=B_SPLINE_CURVE_WITH_KNOTS('',3,(#5698,#5699,#5700,#5701,#5702,#5703,#5704,#5705,#5706,#5707),.UNSPECIFIED.,.F.,.F.,(4,3,3,4),(-1.00860775566261,0.0,1.0,2.01126897359986),.UNSPECIFIED.);
#3888=VECTOR('',#5708,1.0);
#3889=EDGE_LOOP('',(#5709,#5710,#5711,#5712));
#3890=B_SPLINE_CURVE_WITH_KNOTS('',3,(#5713,#5714,#5715,#5716,#5717,#5718,#5719,#5720,#5721,#5722),.UNSPECIFIED.,.F.,.F.,(4,3,3,4),(-1.00900756689949,0.0,1.0,2.00901893213133),.UNSPECIFIED.);
#3891=VECTOR('',#5723,1.0);
#3892=EDGE_LOOP('',(#5724,#5725,#5726,#5727));
#3893=AXIS2_PLACEMENT_3D('',#5728,#5729,#5730);
#3894=EDGE_LOOP('',(#5731,#5732,#5733,#5734));
#3895=AXIS2_PLACEMENT_3D('',#5735,#5736,#5737);
#3896=EDGE_LOOP('',(#5738,#5739,#5740,#5741));
#3897=AXIS2_PLACEMENT_3D('',#5742,#5743,#5744);
#3898=EDGE_LOOP('',(#5745,#5746,#5747,#5748));
#3899=AXIS2_PLACEMENT_3D('',#5749,#5750,#5751);
#3900=EDGE_LOOP('',(#5752,#5753,#5754,#5755));
#3901=AXIS2_PLACEMENT_3D('',#5756,#5757,#5758);
#3902=EDGE_LOOP('',(#5759,#5760,#5761,#5762));
#3903=AXIS2_PLACEMENT_3D('',#5763,#5764,#5765);
#3904=EDGE_LOOP('',(#5766,#5767,#5768,#5769));
#3905=AXIS2_PLACEMENT_3D('',#5770,#5771,#5772);
#3906=FILL_AREA_STYLE_COLOUR('',#5773);
#3907=ORIENTED_EDGE('',*,*,#5774,.F.);
#3908=ORIENTED_EDGE('',*,*,#5775,.T.);
#3909=ORIENTED_EDGE('',*,*,#5776,.F.);
#3910=ORIENTED_EDGE('',*,*,#5777,.T.);
#3911=CARTESIAN_POINT('',(0.014275642276029,0.07433398039586,-0.04774));
#3912=DIRECTION('',(0.0,0.0,1.0));
#3913=DIRECTION('',(-0.960373416266418,-0.278716525037122,0.0));
#3914=ORIENTED_EDGE('',*,*,#5778,.F.);
#3915=ORIENTED_EDGE('',*,*,#5779,.T.);
#3916=ORIENTED_EDGE('',*,*,#5780,.F.);
#3917=ORIENTED_EDGE('',*,*,#5781,.T.);
#3918=CARTESIAN_POINT('',(-0.07997983813098,0.022105911060252,-0.04774));
#3919=DIRECTION('',(0.0,0.0,1.0));
#3920=DIRECTION('',(0.103685660897967,-0.994610116439679,0.0));
#3921=ORIENTED_EDGE('',*,*,#5782,.F.);
#3922=ORIENTED_EDGE('',*,*,#5783,.T.);
#3923=ORIENTED_EDGE('',*,*,#5784,.F.);
#3924=ORIENTED_EDGE('',*,*,#5785,.T.);
#3925=CARTESIAN_POINT('',(-0.1000571106997,-0.001746285240856,-0.04774));
#3926=DIRECTION('',(0.0,0.0,1.0));
#3927=DIRECTION('',(0.976746146746315,-0.214399078394069,0.0));
#3928=ORIENTED_EDGE('',*,*,#5786,.F.);
#3929=ORIENTED_EDGE('',*,*,#5787,.T.);
#3930=ORIENTED_EDGE('',*,*,#5788,.F.);
#3931=ORIENTED_EDGE('',*,*,#5789,.T.);
#3932=CARTESIAN_POINT('',(0.056237867230073,0.0501747296269,-0.04774));
#3933=DIRECTION('',(0.0,0.0,1.0));
#3934=DIRECTION('',(-0.999899543693476,-0.0141740086629967,0.0));
#3935=ORIENTED_EDGE('',*,*,#5790,.F.);
#3936=ORIENTED_EDGE('',*,*,#5791,.T.);
#3937=ORIENTED_EDGE('',*,*,#5792,.F.);
#3938=ORIENTED_EDGE('',*,*,#5793,.T.);
#3939=CARTESIAN_POINT('',(0.050184074766201,-0.006452591371411,-0.04774));
#3940=DIRECTION('',(0.0,0.0,1.0));
#3941=DIRECTION('',(-0.106143218334023,0.994350852165218,0.0));
#3942=ORIENTED_EDGE('',*,*,#5794,.F.);
#3943=ORIENTED_EDGE('',*,*,#5795,.T.);
#3944=ORIENTED_EDGE('',*,*,#5796,.F.);
#3945=ORIENTED_EDGE('',*,*,#5797,.T.);
#3946=CARTESIAN_POINT('',(0.009932869631103,-0.01396024709332,-0.04774));
#3947=DIRECTION('',(0.0,-0.0,1.0));
#3948=DIRECTION('',(0.0669822724616162,0.997754165702092,0.0));
#3949=ORIENTED_EDGE('',*,*,#5798,.F.);
#3950=ORIENTED_EDGE('',*,*,#5799,.T.);
#3951=ORIENTED_EDGE('',*,*,#5800,.F.);
#3952=ORIENTED_EDGE('',*,*,#5801,.T.);
#3953=CARTESIAN_POINT('',(-0.04604754105515,-0.0631394391584,-0.04774));
#3954=DIRECTION('',(0.0,0.0,1.0));
#3955=DIRECTION('',(-0.0888888004728294,0.996041555935545,0.0));
#3956=ORIENTED_EDGE('',*,*,#5802,.F.);
#3957=ORIENTED_EDGE('',*,*,#5803,.T.);
#3958=ORIENTED_EDGE('',*,*,#5804,.T.);
#3959=ORIENTED_EDGE('',*,*,#5805,.F.);
#3960=CARTESIAN_POINT('',(0.009932869631103,-0.01396024709332,-0.04774));
#3961=DIRECTION('',(0.0,-0.0,1.0));
#3962=DIRECTION('',(0.0669822724616162,0.997754165702092,0.0));
#3963=ORIENTED_EDGE('',*,*,#5806,.F.);
#3964=ORIENTED_EDGE('',*,*,#5807,.T.);
#3965=ORIENTED_EDGE('',*,*,#5808,.T.);
#3966=ORIENTED_EDGE('',*,*,#5809,.F.);
#3967=CARTESIAN_POINT('',(-0.04604754105515,-0.0631394391584,-0.04774));
#3968=DIRECTION('',(0.0,0.0,1.0));
#3969=DIRECTION('',(-0.0888888004728294,0.996041555935545,0.0));
#3970=ORIENTED_EDGE('',*,*,#5810,.F.);
#3971=ORIENTED_EDGE('',*,*,#5811,.T.);
#3972=ORIENTED_EDGE('',*,*,#5812,.T.);
#3973=ORIENTED_EDGE('',*,*,#5813,.F.);
#3974=CARTESIAN_POINT('',(-0.1000571106997,-0.001746285240856,-0.04774));
#3975=DIRECTION('',(0.0,0.0,1.0));
#3976=DIRECTION('',(0.976746146746315,-0.214399078394069,0.0));
#3977=ORIENTED_EDGE('',*,*,#5814,.F.);
#3978=ORIENTED_EDGE('',*,*,#5815,.T.);
#3979=ORIENTED_EDGE('',*,*,#5816,.T.);
#3980=ORIENTED_EDGE('',*,*,#5817,.F.);
#3981=CARTESIAN_POINT('',(-0.07997983813098,0.022105911060252,-0.04774));
#3982=DIRECTION('',(0.0,0.0,1.0));
#3983=DIRECTION('',(0.103685660897967,-0.994610116439679,0.0));
#3984=ORIENTED_EDGE('',*,*,#5818,.F.);
#3985=ORIENTED_EDGE('',*,*,#5819,.T.);
#3986=ORIENTED_EDGE('',*,*,#5820,.T.);
#3987=ORIENTED_EDGE('',*,*,#5821,.F.);
#3988=CARTESIAN_POINT('',(0.056237867230073,0.0501747296269,-0.04774));
#3989=DIRECTION('',(0.0,0.0,1.0));
#3990=DIRECTION('',(-0.999899543693476,-0.0141740086629967,0.0));
#3991=ORIENTED_EDGE('',*,*,#5822,.F.);
#3992=ORIENTED_EDGE('',*,*,#5823,.T.);
#3993=ORIENTED_EDGE('',*,*,#5824,.T.);
#3994=ORIENTED_EDGE('',*,*,#5825,.F.);
#3995=CARTESIAN_POINT('',(0.050184074766201,-0.006452591371411,-0.04774));
#3996=DIRECTION('',(0.0,0.0,1.0));
#3997=DIRECTION('',(-0.106143218334023,0.994350852165218,0.0));
#3998=ORIENTED_EDGE('',*,*,#5826,.F.);
#3999=ORIENTED_EDGE('',*,*,#5827,.F.);
#4000=ORIENTED_EDGE('',*,*,#5828,.F.);
#4001=ORIENTED_EDGE('',*,*,#5829,.F.);
#4002=CARTESIAN_POINT('',(-0.04995010918184,0.026433458783637,-0.05074));
#4003=DIRECTION('',(0.0,0.0,1.0));
#4004=DIRECTION('',(-1.0,0.0,0.0));
#4005=ORIENTED_EDGE('',*,*,#5830,.F.);
#4006=ORIENTED_EDGE('',*,*,#5831,.F.);
#4007=ORIENTED_EDGE('',*,*,#5832,.F.);
#4008=ORIENTED_EDGE('',*,*,#5833,.F.);
#4009=CARTESIAN_POINT('',(-0.07997983813098,0.022105911060252,-0.05074));
#4010=DIRECTION('',(0.0,0.0,1.0));
#4011=DIRECTION('',(-1.0,0.0,0.0));
#4012=ORIENTED_EDGE('',*,*,#5834,.F.);
#4013=ORIENTED_EDGE('',*,*,#5835,.F.);
#4014=ORIENTED_EDGE('',*,*,#5836,.F.);
#4015=ORIENTED_EDGE('',*,*,#5837,.F.);
#4016=CARTESIAN_POINT('',(-0.1000571106997,-0.001746285240856,-0.05074));
#4017=DIRECTION('',(0.0,0.0,1.0));
#4018=DIRECTION('',(-1.0,0.0,0.0));
#4019=ORIENTED_EDGE('',*,*,#5838,.F.);
#4020=ORIENTED_EDGE('',*,*,#5839,.F.);
#4021=ORIENTED_EDGE('',*,*,#5840,.F.);
#4022=ORIENTED_EDGE('',*,*,#5841,.F.);
#4023=CARTESIAN_POINT('',(-0.04604754105515,-0.0631394391584,-0.05074));
#4024=DIRECTION('',(0.0,0.0,1.0));
#4025=DIRECTION('',(-1.0,0.0,0.0));
#4026=ORIENTED_EDGE('',*,*,#5842,.F.);
#4027=ORIENTED_EDGE('',*,*,#5843,.F.);
#4028=ORIENTED_EDGE('',*,*,#5844,.F.);
#4029=ORIENTED_EDGE('',*,*,#5845,.F.);
#4030=CARTESIAN_POINT('',(0.009932869631103,-0.01396024709332,-0.05074));
#4031=DIRECTION('',(0.0,0.0,1.0));
#4032=DIRECTION('',(-1.0,0.0,0.0));
#4033=ORIENTED_EDGE('',*,*,#5846,.F.);
#4034=ORIENTED_EDGE('',*,*,#5847,.F.);
#4035=ORIENTED_EDGE('',*,*,#5848,.F.);
#4036=ORIENTED_EDGE('',*,*,#5849,.F.);
#4037=CARTESIAN_POINT('',(0.050184074766201,-0.006452591371411,-0.05074));
#4038=DIRECTION('',(0.0,0.0,1.0));
#4039=DIRECTION('',(-1.0,0.0,0.0));
#4040=ORIENTED_EDGE('',*,*,#5850,.F.);
#4041=ORIENTED_EDGE('',*,*,#5851,.F.);
#4042=ORIENTED_EDGE('',*,*,#5852,.F.);
#4043=ORIENTED_EDGE('',*,*,#5853,.F.);
#4044=CARTESIAN_POINT('',(0.056237867230073,0.0501747296269,-0.05074));
#4045=DIRECTION('',(0.0,0.0,1.0));
#4046=DIRECTION('',(-1.0,0.0,0.0));
#4047=ORIENTED_EDGE('',*,*,#5854,.F.);
#4048=ORIENTED_EDGE('',*,*,#5855,.F.);
#4049=ORIENTED_EDGE('',*,*,#5856,.F.);
#4050=ORIENTED_EDGE('',*,*,#5857,.F.);
#4051=CARTESIAN_POINT('',(0.014275642276029,0.07433398039586,-0.05074));
#4052=DIRECTION('',(0.0,0.0,1.0));
#4053=DIRECTION('',(-1.0,0.0,0.0));
#4054=ORIENTED_EDGE('',*,*,#5858,.F.);
#4055=ORIENTED_EDGE('',*,*,#5859,.T.);
#4056=ORIENTED_EDGE('',*,*,#5860,.T.);
#4057=ORIENTED_EDGE('',*,*,#5861,.T.);
#4058=CARTESIAN_POINT('',(-0.04995010918184,0.026433458783637,-0.04624));
#4059=DIRECTION('',(0.0,0.0,1.0));
#4060=DIRECTION('',(0.415589662012924,-0.909552215558834,0.0));
#4061=ORIENTED_EDGE('',*,*,#5862,.F.);
#4062=ORIENTED_EDGE('',*,*,#5863,.T.);
#4063=ORIENTED_EDGE('',*,*,#5864,.F.);
#4064=ORIENTED_EDGE('',*,*,#5865,.T.);
#4065=CARTESIAN_POINT('',(-0.04995010918184,0.026433458783637,-0.05074));
#4066=DIRECTION('',(0.0,0.0,1.0));
#4067=DIRECTION('',(-1.0,0.0,0.0));
#4068=ORIENTED_EDGE('',*,*,#5866,.F.);
#4069=ORIENTED_EDGE('',*,*,#5867,.T.);
#4070=ORIENTED_EDGE('',*,*,#5868,.T.);
#4071=ORIENTED_EDGE('',*,*,#5869,.F.);
#4072=CARTESIAN_POINT('',(0.014275642276029,0.07433398039586,-0.04774));
#4073=DIRECTION('',(0.0,0.0,1.0));
#4074=DIRECTION('',(-0.960373416266418,-0.278716525037122,0.0));
#4075=ORIENTED_EDGE('',*,*,#5870,.F.);
#4076=ORIENTED_EDGE('',*,*,#5871,.T.);
#4077=ORIENTED_EDGE('',*,*,#5872,.T.);
#4078=ORIENTED_EDGE('',*,*,#5873,.T.);
#4079=ORIENTED_EDGE('',*,*,#5866,.T.);
#4080=ORIENTED_EDGE('',*,*,#5874,.F.);
#4081=ORIENTED_EDGE('',*,*,#5871,.F.);
#4082=ORIENTED_EDGE('',*,*,#5875,.T.);
#4083=CARTESIAN_POINT('',(0.014275642276029,0.07433398039586,-0.04774));
#4084=DIRECTION('',(0.0,0.0,1.0));
#4085=DIRECTION('',(-0.960373416266418,-0.278716525037122,0.0));
#4086=ORIENTED_EDGE('',*,*,#5876,.F.);
#4087=ORIENTED_EDGE('',*,*,#5877,.T.);
#4088=ORIENTED_EDGE('',*,*,#5878,.T.);
#4089=ORIENTED_EDGE('',*,*,#5879,.T.);
#4090=ORIENTED_EDGE('',*,*,#5877,.F.);
#4091=ORIENTED_EDGE('',*,*,#5880,.F.);
#4092=ORIENTED_EDGE('',*,*,#5881,.T.);
#4093=ORIENTED_EDGE('',*,*,#5882,.T.);
#4094=CARTESIAN_POINT('',(0.061094749522117,0.0229561888456717,-0.04774));
#4095=CARTESIAN_POINT('',(0.0609047982911217,0.0288166314523524,-0.04774));
#4096=CARTESIAN_POINT('',(0.0607148470601263,0.0346770740590332,-0.04774));
#4097=CARTESIAN_POINT('',(0.060524895829131,0.040537516665714,-0.04774));
#4098=CARTESIAN_POINT('',(0.060346450392118,0.046042978444292,-0.04774));
#4099=CARTESIAN_POINT('',(0.064804557190141,0.055342514176088,-0.04774));
#4100=CARTESIAN_POINT('',(0.060250004843671,0.059929586859989,-0.04774));
#4101=DIRECTION('',(-0.0,-0.0,-1.0));
#4102=ORIENTED_EDGE('',*,*,#5883,.F.);
#4103=ORIENTED_EDGE('',*,*,#5884,.T.);
#4104=ORIENTED_EDGE('',*,*,#5885,.T.);
#4105=ORIENTED_EDGE('',*,*,#5886,.T.);
#4106=ORIENTED_EDGE('',*,*,#5884,.F.);
#4107=ORIENTED_EDGE('',*,*,#5887,.T.);
#4108=ORIENTED_EDGE('',*,*,#5888,.T.);
#4109=ORIENTED_EDGE('',*,*,#5889,.F.);
#4110=CARTESIAN_POINT('',(0.0592402934785375,0.0543177022302814,-0.04774));
#4111=DIRECTION('',(-0.0141740086629967,0.999899543693476,0.0));
#4112=DIRECTION('',(0.0,0.0,1.0));
#4113=ORIENTED_EDGE('',*,*,#5890,.F.);
#4114=ORIENTED_EDGE('',*,*,#5891,.T.);
#4115=ORIENTED_EDGE('',*,*,#5892,.T.);
#4116=ORIENTED_EDGE('',*,*,#5893,.T.);
#4117=ORIENTED_EDGE('',*,*,#5891,.F.);
#4118=ORIENTED_EDGE('',*,*,#5894,.T.);
#4119=ORIENTED_EDGE('',*,*,#5895,.T.);
#4120=ORIENTED_EDGE('',*,*,#5896,.F.);
#4121=CARTESIAN_POINT('',(0.0545395560092653,-0.00862773255608578,-0.04774));
#4122=DIRECTION('',(0.994350852165218,0.106143218334023,0.0));
#4123=DIRECTION('',(0.0,0.0,-1.0));
#4124=ORIENTED_EDGE('',*,*,#5897,.F.);
#4125=ORIENTED_EDGE('',*,*,#5898,.T.);
#4126=ORIENTED_EDGE('',*,*,#5899,.T.);
#4127=ORIENTED_EDGE('',*,*,#5900,.T.);
#4128=ORIENTED_EDGE('',*,*,#5898,.F.);
#4129=ORIENTED_EDGE('',*,*,#5901,.F.);
#4130=ORIENTED_EDGE('',*,*,#5902,.T.);
#4131=ORIENTED_EDGE('',*,*,#5903,.T.);
#4132=CARTESIAN_POINT('',(0.0336884396908681,-0.0181854225646882,-0.04774));
#4133=CARTESIAN_POINT('',(0.036379145031214,-0.0159653975574821,-0.04774));
#4134=CARTESIAN_POINT('',(0.03906985037156,-0.0137453725502761,-0.04774));
#4135=CARTESIAN_POINT('',(0.041760555711906,-0.01152534754307,-0.04774));
#4136=CARTESIAN_POINT('',(0.046221170530312,-0.007845020196969,-0.04774));
#4137=CARTESIAN_POINT('',(0.055369047064096,-0.01391878374384,-0.04774));
#4138=CARTESIAN_POINT('',(0.059488582532664,-0.009632947272723,-0.04774));
#4139=DIRECTION('',(-0.0,-0.0,-1.0));
#4140=ORIENTED_EDGE('',*,*,#5904,.F.);
#4141=ORIENTED_EDGE('',*,*,#5905,.T.);
#4142=ORIENTED_EDGE('',*,*,#5906,.T.);
#4143=ORIENTED_EDGE('',*,*,#5907,.T.);
#4144=ORIENTED_EDGE('',*,*,#5905,.F.);
#4145=ORIENTED_EDGE('',*,*,#5908,.T.);
#4146=ORIENTED_EDGE('',*,*,#5909,.T.);
#4147=ORIENTED_EDGE('',*,*,#5910,.F.);
#4148=CARTESIAN_POINT('',(0.0139470668712334,-0.0153758153955901,-0.04774));
#4149=DIRECTION('',(0.997754165702092,-0.0669822724616162,0.0));
#4150=DIRECTION('',(0.0,0.0,-1.0));
#4151=ORIENTED_EDGE('',*,*,#5911,.F.);
#4152=ORIENTED_EDGE('',*,*,#5912,.T.);
#4153=ORIENTED_EDGE('',*,*,#5913,.T.);
#4154=ORIENTED_EDGE('',*,*,#5914,.T.);
#4155=ORIENTED_EDGE('',*,*,#5912,.F.);
#4156=ORIENTED_EDGE('',*,*,#5915,.F.);
#4157=ORIENTED_EDGE('',*,*,#5916,.T.);
#4158=ORIENTED_EDGE('',*,*,#5917,.T.);
#4159=CARTESIAN_POINT('',(-0.0049635108724308,-0.0219112854677032,-0.04774));
#4160=CARTESIAN_POINT('',(-0.0027818175999012,-0.0204605036662888,-0.04774));
#4161=CARTESIAN_POINT('',(-0.000600124327371597,-0.0190097218648744,-0.04774));
#4162=CARTESIAN_POINT('',(0.001581568945158,-0.01755894006346,-0.04774));
#4163=CARTESIAN_POINT('',(0.006094169490576,-0.01455815217509,-0.04774));
#4164=CARTESIAN_POINT('',(0.015475499407077,-0.01579120113064,-0.04774));
#4165=CARTESIAN_POINT('',(0.017728217455617,-0.0186429136985,-0.04774));
#4166=DIRECTION('',(-0.0,-0.0,-1.0));
#4167=ORIENTED_EDGE('',*,*,#5918,.F.);
#4168=ORIENTED_EDGE('',*,*,#5919,.T.);
#4169=ORIENTED_EDGE('',*,*,#5920,.T.);
#4170=ORIENTED_EDGE('',*,*,#5921,.T.);
#4171=ORIENTED_EDGE('',*,*,#5919,.F.);
#4172=ORIENTED_EDGE('',*,*,#5922,.T.);
#4173=ORIENTED_EDGE('',*,*,#5923,.T.);
#4174=ORIENTED_EDGE('',*,*,#5924,.F.);
#4175=CARTESIAN_POINT('',(-0.041737576050797,-0.0653096141177888,-0.04774));
#4176=DIRECTION('',(0.996041555935545,0.0888888004728294,0.0));
#4177=DIRECTION('',(0.0,0.0,-1.0));
#4178=ORIENTED_EDGE('',*,*,#5925,.F.);
#4179=ORIENTED_EDGE('',*,*,#5926,.T.);
#4180=ORIENTED_EDGE('',*,*,#5927,.T.);
#4181=ORIENTED_EDGE('',*,*,#5928,.T.);
#4182=ORIENTED_EDGE('',*,*,#5926,.F.);
#4183=ORIENTED_EDGE('',*,*,#5929,.F.);
#4184=ORIENTED_EDGE('',*,*,#5930,.T.);
#4185=ORIENTED_EDGE('',*,*,#5931,.T.);
#4186=CARTESIAN_POINT('',(-0.0767340586912982,-0.0653072900868387,-0.04774));
#4187=CARTESIAN_POINT('',(-0.0696855588570422,-0.0662573240917625,-0.04774));
#4188=CARTESIAN_POINT('',(-0.0626370590227861,-0.0672073580966862,-0.04774));
#4189=CARTESIAN_POINT('',(-0.05558855918853,-0.06815739210161,-0.04774));
#4190=CARTESIAN_POINT('',(-0.04899581094451,-0.06904599750205,-0.04774));
#4191=CARTESIAN_POINT('',(-0.04207817613825,-0.06847275587393,-0.04774));
#4192=CARTESIAN_POINT('',(-0.03576874587785,-0.06638863112945,-0.04774));
#4193=DIRECTION('',(-0.0,-0.0,-1.0));
#4194=ORIENTED_EDGE('',*,*,#5932,.F.);
#4195=ORIENTED_EDGE('',*,*,#5933,.T.);
#4196=ORIENTED_EDGE('',*,*,#5934,.T.);
#4197=ORIENTED_EDGE('',*,*,#5935,.T.);
#4198=ORIENTED_EDGE('',*,*,#5933,.F.);
#4199=ORIENTED_EDGE('',*,*,#5936,.T.);
#4200=ORIENTED_EDGE('',*,*,#5937,.T.);
#4201=ORIENTED_EDGE('',*,*,#5938,.F.);
#4202=CARTESIAN_POINT('',(-0.103254351307693,-0.00524209074936634,-0.04774));
#4203=DIRECTION('',(-0.214399078394069,-0.976746146746315,-0.0));
#4204=DIRECTION('',(0.0,0.0,-1.0));
#4205=ORIENTED_EDGE('',*,*,#5939,.F.);
#4206=ORIENTED_EDGE('',*,*,#5940,.T.);
#4207=ORIENTED_EDGE('',*,*,#5941,.T.);
#4208=ORIENTED_EDGE('',*,*,#5942,.T.);
#4209=ORIENTED_EDGE('',*,*,#5940,.F.);
#4210=ORIENTED_EDGE('',*,*,#5943,.F.);
#4211=ORIENTED_EDGE('',*,*,#5944,.T.);
#4212=ORIENTED_EDGE('',*,*,#5945,.T.);
#4213=CARTESIAN_POINT('',(-0.0984173603344038,0.0170467695501606,-0.04774));
#4214=CARTESIAN_POINT('',(-0.0996937919760692,0.013909562595857,-0.04774));
#4215=CARTESIAN_POINT('',(-0.100970223617735,0.0107723556415535,-0.04774));
#4216=CARTESIAN_POINT('',(-0.1022466552594,0.00763514868725,-0.04774));
#4217=CARTESIAN_POINT('',(-0.1044322275715,0.00226346058987,-0.04774));
#4218=CARTESIAN_POINT('',(-0.1057601251308,-0.003554305683598,-0.04774));
#4219=CARTESIAN_POINT('',(-0.105974559158,-0.009348206818288,-0.04774));
#4220=DIRECTION('',(-0.0,-0.0,-1.0));
#4221=ORIENTED_EDGE('',*,*,#5946,.F.);
#4222=ORIENTED_EDGE('',*,*,#5947,.T.);
#4223=ORIENTED_EDGE('',*,*,#5948,.T.);
#4224=ORIENTED_EDGE('',*,*,#5949,.T.);
#4225=ORIENTED_EDGE('',*,*,#5947,.F.);
#4226=ORIENTED_EDGE('',*,*,#5950,.F.);
#4227=ORIENTED_EDGE('',*,*,#5951,.T.);
#4228=ORIENTED_EDGE('',*,*,#5952,.T.);
#4229=CARTESIAN_POINT('',(-0.0529960110658333,0.09194159365793,-0.04774));
#4230=CARTESIAN_POINT('',(-0.0518462035449422,0.0770113384315567,-0.04774));
#4231=CARTESIAN_POINT('',(-0.0506963960240511,0.0620810832051833,-0.04774));
#4232=CARTESIAN_POINT('',(-0.04954658850316,0.04715082797881,-0.04774));
#4233=CARTESIAN_POINT('',(-0.04919028878661,0.04252427474401,-0.04774));
#4234=CARTESIAN_POINT('',(-0.04517856718323,0.036353201642702,-0.04774));
#4235=CARTESIAN_POINT('',(-0.0476663398709,0.0320396360089,-0.04774));
#4236=CARTESIAN_POINT('',(-0.0551475592047306,0.0190678999747808,-0.04774));
#4237=CARTESIAN_POINT('',(-0.0626287785385611,0.00609616394066161,-0.04774));
#4238=CARTESIAN_POINT('',(-0.0701099978723916,-0.00687557209345759,-0.04774));
#4239=DIRECTION('',(-0.0,-0.0,-1.0));
#4240=ORIENTED_EDGE('',*,*,#5953,.F.);
#4241=ORIENTED_EDGE('',*,*,#5954,.T.);
#4242=ORIENTED_EDGE('',*,*,#5955,.T.);
#4243=ORIENTED_EDGE('',*,*,#5956,.T.);
#4244=ORIENTED_EDGE('',*,*,#5870,.T.);
#4245=ORIENTED_EDGE('',*,*,#5957,.T.);
#4246=ORIENTED_EDGE('',*,*,#5958,.T.);
#4247=ORIENTED_EDGE('',*,*,#5959,.T.);
#4248=ORIENTED_EDGE('',*,*,#5960,.T.);
#4249=ORIENTED_EDGE('',*,*,#5961,.T.);
#4250=ORIENTED_EDGE('',*,*,#5962,.T.);
#4251=ORIENTED_EDGE('',*,*,#5963,.T.);
#4252=ORIENTED_EDGE('',*,*,#5950,.T.);
#4253=ORIENTED_EDGE('',*,*,#5946,.T.);
#4254=ORIENTED_EDGE('',*,*,#5964,.F.);
#4255=ORIENTED_EDGE('',*,*,#5859,.F.);
#4256=ORIENTED_EDGE('',*,*,#5965,.F.);
#4257=ORIENTED_EDGE('',*,*,#5966,.F.);
#4258=ORIENTED_EDGE('',*,*,#5953,.T.);
#4259=ORIENTED_EDGE('',*,*,#5967,.T.);
#4260=ORIENTED_EDGE('',*,*,#5968,.T.);
#4261=ORIENTED_EDGE('',*,*,#5969,.F.);
#4262=ORIENTED_EDGE('',*,*,#5815,.F.);
#4263=ORIENTED_EDGE('',*,*,#5970,.F.);
#4264=ORIENTED_EDGE('',*,*,#5971,.F.);
#4265=ORIENTED_EDGE('',*,*,#5972,.T.);
#4266=ORIENTED_EDGE('',*,*,#5973,.T.);
#4267=ORIENTED_EDGE('',*,*,#5974,.T.);
#4268=ORIENTED_EDGE('',*,*,#5943,.T.);
#4269=ORIENTED_EDGE('',*,*,#5939,.T.);
#4270=ORIENTED_EDGE('',*,*,#5975,.F.);
#4271=ORIENTED_EDGE('',*,*,#5811,.F.);
#4272=ORIENTED_EDGE('',*,*,#5976,.F.);
#4273=ORIENTED_EDGE('',*,*,#5936,.F.);
#4274=ORIENTED_EDGE('',*,*,#5932,.T.);
#4275=ORIENTED_EDGE('',*,*,#5977,.T.);
#4276=ORIENTED_EDGE('',*,*,#5978,.T.);
#4277=ORIENTED_EDGE('',*,*,#5979,.T.);
#4278=ORIENTED_EDGE('',*,*,#5980,.T.);
#4279=ORIENTED_EDGE('',*,*,#5981,.T.);
#4280=ORIENTED_EDGE('',*,*,#5929,.T.);
#4281=ORIENTED_EDGE('',*,*,#5925,.T.);
#4282=ORIENTED_EDGE('',*,*,#5982,.F.);
#4283=ORIENTED_EDGE('',*,*,#5807,.F.);
#4284=ORIENTED_EDGE('',*,*,#5983,.F.);
#4285=ORIENTED_EDGE('',*,*,#5922,.F.);
#4286=ORIENTED_EDGE('',*,*,#5918,.T.);
#4287=ORIENTED_EDGE('',*,*,#5984,.T.);
#4288=ORIENTED_EDGE('',*,*,#5985,.T.);
#4289=ORIENTED_EDGE('',*,*,#5986,.T.);
#4290=ORIENTED_EDGE('',*,*,#5987,.T.);
#4291=ORIENTED_EDGE('',*,*,#5915,.T.);
#4292=ORIENTED_EDGE('',*,*,#5911,.T.);
#4293=ORIENTED_EDGE('',*,*,#5988,.F.);
#4294=ORIENTED_EDGE('',*,*,#5803,.F.);
#4295=ORIENTED_EDGE('',*,*,#5989,.F.);
#4296=ORIENTED_EDGE('',*,*,#5908,.F.);
#4297=ORIENTED_EDGE('',*,*,#5904,.T.);
#4298=ORIENTED_EDGE('',*,*,#5990,.T.);
#4299=ORIENTED_EDGE('',*,*,#5991,.T.);
#4300=ORIENTED_EDGE('',*,*,#5992,.T.);
#4301=ORIENTED_EDGE('',*,*,#5993,.T.);
#4302=ORIENTED_EDGE('',*,*,#5901,.T.);
#4303=ORIENTED_EDGE('',*,*,#5897,.T.);
#4304=ORIENTED_EDGE('',*,*,#5994,.F.);
#4305=ORIENTED_EDGE('',*,*,#5823,.F.);
#4306=ORIENTED_EDGE('',*,*,#5995,.F.);
#4307=ORIENTED_EDGE('',*,*,#5894,.F.);
#4308=ORIENTED_EDGE('',*,*,#5890,.T.);
#4309=ORIENTED_EDGE('',*,*,#5996,.T.);
#4310=ORIENTED_EDGE('',*,*,#5997,.T.);
#4311=ORIENTED_EDGE('',*,*,#5998,.T.);
#4312=ORIENTED_EDGE('',*,*,#5999,.T.);
#4313=ORIENTED_EDGE('',*,*,#5880,.T.);
#4314=ORIENTED_EDGE('',*,*,#5876,.T.);
#4315=ORIENTED_EDGE('',*,*,#6000,.F.);
#4316=ORIENTED_EDGE('',*,*,#5819,.F.);
#4317=ORIENTED_EDGE('',*,*,#6001,.F.);
#4318=ORIENTED_EDGE('',*,*,#5887,.F.);
#4319=ORIENTED_EDGE('',*,*,#5883,.T.);
#4320=ORIENTED_EDGE('',*,*,#6002,.T.);
#4321=ORIENTED_EDGE('',*,*,#6003,.T.);
#4322=ORIENTED_EDGE('',*,*,#6004,.T.);
#4323=ORIENTED_EDGE('',*,*,#6005,.T.);
#4324=ORIENTED_EDGE('',*,*,#6006,.F.);
#4325=ORIENTED_EDGE('',*,*,#5867,.F.);
#4326=ORIENTED_EDGE('',*,*,#5875,.F.);
#4327=CARTESIAN_POINT('',(-0.04995010918184,0.026433458783637,-0.04624));
#4328=DIRECTION('',(0.0,0.0,1.0));
#4329=DIRECTION('',(0.415589662012924,-0.909552215558834,0.0));
#4330=ORIENTED_EDGE('',*,*,#5956,.F.);
#4331=ORIENTED_EDGE('',*,*,#6007,.T.);
#4332=ORIENTED_EDGE('',*,*,#6008,.F.);
#4333=ORIENTED_EDGE('',*,*,#5967,.F.);
#4334=CARTESIAN_POINT('',(0.0889712181598852,0.0413548289291554,-0.04774));
#4335=CARTESIAN_POINT('',(0.0361664384731968,0.0366954950108156,-0.04774));
#4336=CARTESIAN_POINT('',(-0.0166383412134916,0.0320361610924758,-0.04774));
#4337=CARTESIAN_POINT('',(-0.06944312090018,0.027376827174136,-0.04774));
#4338=CARTESIAN_POINT('',(-0.07667616691802,0.026738605088109,-0.04774));
#4339=CARTESIAN_POINT('',(-0.08514489901721,0.028987838257783,-0.04774));
#4340=CARTESIAN_POINT('',(-0.09137714634723,0.025090258912817,-0.04774));
#4341=DIRECTION('',(-0.0,-0.0,-1.0));
#4342=ORIENTED_EDGE('',*,*,#5968,.F.);
#4343=ORIENTED_EDGE('',*,*,#6008,.T.);
#4344=ORIENTED_EDGE('',*,*,#6009,.T.);
#4345=ORIENTED_EDGE('',*,*,#6010,.T.);
#4346=ORIENTED_EDGE('',*,*,#5972,.F.);
#4347=ORIENTED_EDGE('',*,*,#6011,.T.);
#4348=ORIENTED_EDGE('',*,*,#6012,.T.);
#4349=ORIENTED_EDGE('',*,*,#6013,.T.);
#4350=ORIENTED_EDGE('',*,*,#6011,.F.);
#4351=ORIENTED_EDGE('',*,*,#5971,.T.);
#4352=ORIENTED_EDGE('',*,*,#6014,.T.);
#4353=ORIENTED_EDGE('',*,*,#6015,.F.);
#4354=CARTESIAN_POINT('',(-0.0843486030418059,0.0244709225236552,-0.04774));
#4355=DIRECTION('',(-0.994610116439679,-0.103685660897967,0.0));
#4356=DIRECTION('',(0.0,0.0,1.0));
#4357=ORIENTED_EDGE('',*,*,#5862,.T.);
#4358=ORIENTED_EDGE('',*,*,#6016,.T.);
#4359=ORIENTED_EDGE('',*,*,#5864,.T.);
#4360=ORIENTED_EDGE('',*,*,#6017,.T.);
#4361=CARTESIAN_POINT('',(-0.04995010918184,0.026433458783637,-0.05074));
#4362=DIRECTION('',(0.0,0.0,1.0));
#4363=DIRECTION('',(-1.0,0.0,0.0));
#4364=ORIENTED_EDGE('',*,*,#5949,.F.);
#4365=ORIENTED_EDGE('',*,*,#6018,.T.);
#4366=ORIENTED_EDGE('',*,*,#5860,.F.);
#4367=ORIENTED_EDGE('',*,*,#5964,.T.);
#4368=CARTESIAN_POINT('',(-0.0468280530769759,0.0294660822291219,-0.04624));
#4369=DIRECTION('',(0.909552215558834,0.415589662012924,0.0));
#4370=DIRECTION('',(-0.415589662012924,0.909552215558834,0.0));
#4371=ORIENTED_EDGE('',*,*,#5858,.T.);
#4372=ORIENTED_EDGE('',*,*,#6019,.T.);
#4373=ORIENTED_EDGE('',*,*,#6020,.F.);
#4374=ORIENTED_EDGE('',*,*,#5965,.T.);
#4375=CARTESIAN_POINT('',(-0.04995010918184,0.026433458783637,-0.04624));
#4376=DIRECTION('',(0.0,0.0,1.0));
#4377=DIRECTION('',(0.415589662012924,-0.909552215558834,0.0));
#4378=ORIENTED_EDGE('',*,*,#5954,.F.);
#4379=ORIENTED_EDGE('',*,*,#5966,.T.);
#4380=ORIENTED_EDGE('',*,*,#6020,.T.);
#4381=ORIENTED_EDGE('',*,*,#6021,.T.);
#4382=CARTESIAN_POINT('',(-0.0542863812446122,0.0260582470005892,-0.04624));
#4383=DIRECTION('',(-0.909552215558834,-0.415589662012924,0.0));
#4384=DIRECTION('',(0.415589662012924,-0.909552215558834,0.0));
#4385=ORIENTED_EDGE('',*,*,#6022,.F.);
#4386=ORIENTED_EDGE('',*,*,#6023,.F.);
#4387=ORIENTED_EDGE('',*,*,#6024,.F.);
#4388=ORIENTED_EDGE('',*,*,#6025,.F.);
#4389=ORIENTED_EDGE('',*,*,#6026,.F.);
#4390=ORIENTED_EDGE('',*,*,#6027,.F.);
#4391=ORIENTED_EDGE('',*,*,#6028,.F.);
#4392=ORIENTED_EDGE('',*,*,#5872,.F.);
#4393=ORIENTED_EDGE('',*,*,#5874,.T.);
#4394=ORIENTED_EDGE('',*,*,#5869,.T.);
#4395=ORIENTED_EDGE('',*,*,#6029,.T.);
#4396=ORIENTED_EDGE('',*,*,#6030,.F.);
#4397=ORIENTED_EDGE('',*,*,#6031,.F.);
#4398=ORIENTED_EDGE('',*,*,#6032,.F.);
#4399=ORIENTED_EDGE('',*,*,#6033,.F.);
#4400=ORIENTED_EDGE('',*,*,#5885,.F.);
#4401=ORIENTED_EDGE('',*,*,#5889,.T.);
#4402=ORIENTED_EDGE('',*,*,#6034,.T.);
#4403=ORIENTED_EDGE('',*,*,#5821,.T.);
#4404=ORIENTED_EDGE('',*,*,#6035,.T.);
#4405=ORIENTED_EDGE('',*,*,#5878,.F.);
#4406=ORIENTED_EDGE('',*,*,#5882,.F.);
#4407=ORIENTED_EDGE('',*,*,#6036,.F.);
#4408=ORIENTED_EDGE('',*,*,#6037,.F.);
#4409=ORIENTED_EDGE('',*,*,#6038,.F.);
#4410=ORIENTED_EDGE('',*,*,#6039,.F.);
#4411=ORIENTED_EDGE('',*,*,#5892,.F.);
#4412=ORIENTED_EDGE('',*,*,#5896,.T.);
#4413=ORIENTED_EDGE('',*,*,#6040,.T.);
#4414=ORIENTED_EDGE('',*,*,#5825,.T.);
#4415=ORIENTED_EDGE('',*,*,#6041,.T.);
#4416=ORIENTED_EDGE('',*,*,#5899,.F.);
#4417=ORIENTED_EDGE('',*,*,#5903,.F.);
#4418=ORIENTED_EDGE('',*,*,#6042,.F.);
#4419=ORIENTED_EDGE('',*,*,#6043,.F.);
#4420=ORIENTED_EDGE('',*,*,#6044,.F.);
#4421=ORIENTED_EDGE('',*,*,#6045,.F.);
#4422=ORIENTED_EDGE('',*,*,#5906,.F.);
#4423=ORIENTED_EDGE('',*,*,#5910,.T.);
#4424=ORIENTED_EDGE('',*,*,#6046,.T.);
#4425=ORIENTED_EDGE('',*,*,#5805,.T.);
#4426=ORIENTED_EDGE('',*,*,#6047,.T.);
#4427=ORIENTED_EDGE('',*,*,#5913,.F.);
#4428=ORIENTED_EDGE('',*,*,#5917,.F.);
#4429=ORIENTED_EDGE('',*,*,#6048,.F.);
#4430=ORIENTED_EDGE('',*,*,#6049,.F.);
#4431=ORIENTED_EDGE('',*,*,#6050,.F.);
#4432=ORIENTED_EDGE('',*,*,#6051,.F.);
#4433=ORIENTED_EDGE('',*,*,#5920,.F.);
#4434=ORIENTED_EDGE('',*,*,#5924,.T.);
#4435=ORIENTED_EDGE('',*,*,#6052,.T.);
#4436=ORIENTED_EDGE('',*,*,#5809,.T.);
#4437=ORIENTED_EDGE('',*,*,#6053,.T.);
#4438=ORIENTED_EDGE('',*,*,#5927,.F.);
#4439=ORIENTED_EDGE('',*,*,#5931,.F.);
#4440=ORIENTED_EDGE('',*,*,#6054,.F.);
#4441=ORIENTED_EDGE('',*,*,#6055,.F.);
#4442=ORIENTED_EDGE('',*,*,#6056,.F.);
#4443=ORIENTED_EDGE('',*,*,#6057,.F.);
#4444=ORIENTED_EDGE('',*,*,#6058,.F.);
#4445=ORIENTED_EDGE('',*,*,#5934,.F.);
#4446=ORIENTED_EDGE('',*,*,#5938,.T.);
#4447=ORIENTED_EDGE('',*,*,#6059,.T.);
#4448=ORIENTED_EDGE('',*,*,#5813,.T.);
#4449=ORIENTED_EDGE('',*,*,#6060,.T.);
#4450=ORIENTED_EDGE('',*,*,#5941,.F.);
#4451=ORIENTED_EDGE('',*,*,#5945,.F.);
#4452=ORIENTED_EDGE('',*,*,#6061,.F.);
#4453=ORIENTED_EDGE('',*,*,#6062,.F.);
#4454=ORIENTED_EDGE('',*,*,#6012,.F.);
#4455=ORIENTED_EDGE('',*,*,#6015,.T.);
#4456=ORIENTED_EDGE('',*,*,#6063,.T.);
#4457=ORIENTED_EDGE('',*,*,#5817,.T.);
#4458=ORIENTED_EDGE('',*,*,#6064,.T.);
#4459=ORIENTED_EDGE('',*,*,#6009,.F.);
#4460=ORIENTED_EDGE('',*,*,#6007,.F.);
#4461=ORIENTED_EDGE('',*,*,#5955,.F.);
#4462=ORIENTED_EDGE('',*,*,#6021,.F.);
#4463=ORIENTED_EDGE('',*,*,#6019,.F.);
#4464=ORIENTED_EDGE('',*,*,#5861,.F.);
#4465=ORIENTED_EDGE('',*,*,#6018,.F.);
#4466=ORIENTED_EDGE('',*,*,#5948,.F.);
#4467=ORIENTED_EDGE('',*,*,#5952,.F.);
#4468=ORIENTED_EDGE('',*,*,#6017,.F.);
#4469=ORIENTED_EDGE('',*,*,#5863,.F.);
#4470=ORIENTED_EDGE('',*,*,#5777,.F.);
#4471=ORIENTED_EDGE('',*,*,#6065,.F.);
#4472=ORIENTED_EDGE('',*,*,#5781,.F.);
#4473=ORIENTED_EDGE('',*,*,#6066,.F.);
#4474=ORIENTED_EDGE('',*,*,#5785,.F.);
#4475=ORIENTED_EDGE('',*,*,#6067,.F.);
#4476=ORIENTED_EDGE('',*,*,#5789,.F.);
#4477=ORIENTED_EDGE('',*,*,#6068,.F.);
#4478=ORIENTED_EDGE('',*,*,#5793,.F.);
#4479=ORIENTED_EDGE('',*,*,#6069,.F.);
#4480=ORIENTED_EDGE('',*,*,#5797,.F.);
#4481=ORIENTED_EDGE('',*,*,#6070,.F.);
#4482=ORIENTED_EDGE('',*,*,#5801,.F.);
#4483=ORIENTED_EDGE('',*,*,#6071,.F.);
#4484=ORIENTED_EDGE('',*,*,#6072,.F.);
#4485=ORIENTED_EDGE('',*,*,#6073,.F.);
#4486=ORIENTED_EDGE('',*,*,#6074,.F.);
#4487=ORIENTED_EDGE('',*,*,#6075,.F.);
#4488=ORIENTED_EDGE('',*,*,#6076,.F.);
#4489=ORIENTED_EDGE('',*,*,#6077,.F.);
#4490=ORIENTED_EDGE('',*,*,#6078,.F.);
#4491=ORIENTED_EDGE('',*,*,#6079,.F.);
#4492=ORIENTED_EDGE('',*,*,#6080,.F.);
#4493=ORIENTED_EDGE('',*,*,#6081,.F.);
#4494=ORIENTED_EDGE('',*,*,#6082,.F.);
#4495=ORIENTED_EDGE('',*,*,#6083,.F.);
#4496=ORIENTED_EDGE('',*,*,#6084,.F.);
#4497=ORIENTED_EDGE('',*,*,#6085,.F.);
#4498=ORIENTED_EDGE('',*,*,#6086,.F.);
#4499=ORIENTED_EDGE('',*,*,#6087,.F.);
#4500=ORIENTED_EDGE('',*,*,#6088,.F.);
#4501=ORIENTED_EDGE('',*,*,#6089,.F.);
#4502=ORIENTED_EDGE('',*,*,#6090,.F.);
#4503=ORIENTED_EDGE('',*,*,#6091,.F.);
#4504=ORIENTED_EDGE('',*,*,#6092,.F.);
#4505=ORIENTED_EDGE('',*,*,#6093,.F.);
#4506=ORIENTED_EDGE('',*,*,#6094,.F.);
#4507=ORIENTED_EDGE('',*,*,#6095,.F.);
#4508=ORIENTED_EDGE('',*,*,#6096,.F.);
#4509=ORIENTED_EDGE('',*,*,#6097,.F.);
#4510=ORIENTED_EDGE('',*,*,#6098,.F.);
#4511=ORIENTED_EDGE('',*,*,#6099,.F.);
#4512=ORIENTED_EDGE('',*,*,#6100,.F.);
#4513=ORIENTED_EDGE('',*,*,#6101,.F.);
#4514=ORIENTED_EDGE('',*,*,#6102,.F.);
#4515=ORIENTED_EDGE('',*,*,#6103,.F.);
#4516=ORIENTED_EDGE('',*,*,#6104,.F.);
#4517=ORIENTED_EDGE('',*,*,#6105,.F.);
#4518=ORIENTED_EDGE('',*,*,#6106,.F.);
#4519=CARTESIAN_POINT('',(-0.01910993804343,0.009091313524833,-0.03974));
#4520=DIRECTION('',(-0.0,-0.0,-1.0));
#4521=DIRECTION('',(0.0,-1.0,0.0));
#4522=ORIENTED_EDGE('',*,*,#5854,.T.);
#4523=ORIENTED_EDGE('',*,*,#6107,.F.);
#4524=ORIENTED_EDGE('',*,*,#5856,.T.);
#4525=ORIENTED_EDGE('',*,*,#6108,.F.);
#4526=CARTESIAN_POINT('',(0.014275642276029,0.07433398039586,-0.05074));
#4527=DIRECTION('',(0.0,0.0,1.0));
#4528=DIRECTION('',(-1.0,0.0,0.0));
#4529=ORIENTED_EDGE('',*,*,#6109,.F.);
#4530=ORIENTED_EDGE('',*,*,#5775,.F.);
#4531=ORIENTED_EDGE('',*,*,#6108,.T.);
#4532=ORIENTED_EDGE('',*,*,#5855,.T.);
#4533=CARTESIAN_POINT('',(-0.020850165895207,0.00563542654196801,-0.04754));
#4534=DIRECTION('',(-0.0,-0.0,-1.0));
#4535=DIRECTION('',(0.0,-1.0,0.0));
#4536=ORIENTED_EDGE('',*,*,#5850,.T.);
#4537=ORIENTED_EDGE('',*,*,#6110,.F.);
#4538=ORIENTED_EDGE('',*,*,#5852,.T.);
#4539=ORIENTED_EDGE('',*,*,#6111,.F.);
#4540=CARTESIAN_POINT('',(0.056237867230073,0.0501747296269,-0.05074));
#4541=DIRECTION('',(0.0,0.0,1.0));
#4542=DIRECTION('',(-1.0,0.0,0.0));
#4543=ORIENTED_EDGE('',*,*,#6112,.F.);
#4544=ORIENTED_EDGE('',*,*,#5787,.F.);
#4545=ORIENTED_EDGE('',*,*,#6111,.T.);
#4546=ORIENTED_EDGE('',*,*,#5851,.T.);
#4547=CARTESIAN_POINT('',(-0.020850165895207,0.00563542654196801,-0.04754));
#4548=DIRECTION('',(-0.0,-0.0,-1.0));
#4549=DIRECTION('',(0.0,-1.0,0.0));
#4550=ORIENTED_EDGE('',*,*,#5846,.T.);
#4551=ORIENTED_EDGE('',*,*,#6113,.F.);
#4552=ORIENTED_EDGE('',*,*,#5848,.T.);
#4553=ORIENTED_EDGE('',*,*,#6114,.F.);
#4554=CARTESIAN_POINT('',(0.050184074766201,-0.006452591371411,-0.05074));
#4555=DIRECTION('',(0.0,0.0,1.0));
#4556=DIRECTION('',(-1.0,0.0,0.0));
#4557=ORIENTED_EDGE('',*,*,#6115,.F.);
#4558=ORIENTED_EDGE('',*,*,#5791,.F.);
#4559=ORIENTED_EDGE('',*,*,#6114,.T.);
#4560=ORIENTED_EDGE('',*,*,#5847,.T.);
#4561=CARTESIAN_POINT('',(-0.020850165895207,0.00563542654196801,-0.04754));
#4562=DIRECTION('',(-0.0,-0.0,-1.0));
#4563=DIRECTION('',(0.0,-1.0,0.0));
#4564=ORIENTED_EDGE('',*,*,#5842,.T.);
#4565=ORIENTED_EDGE('',*,*,#6116,.F.);
#4566=ORIENTED_EDGE('',*,*,#5844,.T.);
#4567=ORIENTED_EDGE('',*,*,#6117,.F.);
#4568=CARTESIAN_POINT('',(0.009932869631103,-0.01396024709332,-0.05074));
#4569=DIRECTION('',(0.0,0.0,1.0));
#4570=DIRECTION('',(-1.0,0.0,0.0));
#4571=ORIENTED_EDGE('',*,*,#6118,.F.);
#4572=ORIENTED_EDGE('',*,*,#5795,.F.);
#4573=ORIENTED_EDGE('',*,*,#6117,.T.);
#4574=ORIENTED_EDGE('',*,*,#5843,.T.);
#4575=CARTESIAN_POINT('',(-0.020850165895207,0.00563542654196801,-0.04754));
#4576=DIRECTION('',(-0.0,-0.0,-1.0));
#4577=DIRECTION('',(0.0,-1.0,0.0));
#4578=ORIENTED_EDGE('',*,*,#5838,.T.);
#4579=ORIENTED_EDGE('',*,*,#6119,.F.);
#4580=ORIENTED_EDGE('',*,*,#5840,.T.);
#4581=ORIENTED_EDGE('',*,*,#6120,.F.);
#4582=CARTESIAN_POINT('',(-0.04604754105515,-0.0631394391584,-0.05074));
#4583=DIRECTION('',(0.0,0.0,1.0));
#4584=DIRECTION('',(-1.0,0.0,0.0));
#4585=ORIENTED_EDGE('',*,*,#6121,.F.);
#4586=ORIENTED_EDGE('',*,*,#5799,.F.);
#4587=ORIENTED_EDGE('',*,*,#6120,.T.);
#4588=ORIENTED_EDGE('',*,*,#5839,.T.);
#4589=CARTESIAN_POINT('',(-0.020850165895207,0.00563542654196801,-0.04754));
#4590=DIRECTION('',(-0.0,-0.0,-1.0));
#4591=DIRECTION('',(0.0,-1.0,0.0));
#4592=ORIENTED_EDGE('',*,*,#5834,.T.);
#4593=ORIENTED_EDGE('',*,*,#6122,.F.);
#4594=ORIENTED_EDGE('',*,*,#5836,.T.);
#4595=ORIENTED_EDGE('',*,*,#6123,.F.);
#4596=CARTESIAN_POINT('',(-0.1000571106997,-0.001746285240856,-0.05074));
#4597=DIRECTION('',(0.0,0.0,1.0));
#4598=DIRECTION('',(-1.0,0.0,0.0));
#4599=ORIENTED_EDGE('',*,*,#6124,.F.);
#4600=ORIENTED_EDGE('',*,*,#5783,.F.);
#4601=ORIENTED_EDGE('',*,*,#6123,.T.);
#4602=ORIENTED_EDGE('',*,*,#5835,.T.);
#4603=CARTESIAN_POINT('',(-0.020850165895207,0.00563542654196801,-0.04754));
#4604=DIRECTION('',(-0.0,-0.0,-1.0));
#4605=DIRECTION('',(0.0,-1.0,0.0));
#4606=ORIENTED_EDGE('',*,*,#5830,.T.);
#4607=ORIENTED_EDGE('',*,*,#6125,.F.);
#4608=ORIENTED_EDGE('',*,*,#5832,.T.);
#4609=ORIENTED_EDGE('',*,*,#6126,.F.);
#4610=CARTESIAN_POINT('',(-0.07997983813098,0.022105911060252,-0.05074));
#4611=DIRECTION('',(0.0,0.0,1.0));
#4612=DIRECTION('',(-1.0,0.0,0.0));
#4613=ORIENTED_EDGE('',*,*,#6127,.F.);
#4614=ORIENTED_EDGE('',*,*,#5779,.F.);
#4615=ORIENTED_EDGE('',*,*,#6126,.T.);
#4616=ORIENTED_EDGE('',*,*,#5831,.T.);
#4617=CARTESIAN_POINT('',(-0.020850165895207,0.00563542654196801,-0.04754));
#4618=DIRECTION('',(-0.0,-0.0,-1.0));
#4619=DIRECTION('',(0.0,-1.0,0.0));
#4620=ORIENTED_EDGE('',*,*,#5826,.T.);
#4621=ORIENTED_EDGE('',*,*,#6128,.F.);
#4622=ORIENTED_EDGE('',*,*,#5828,.T.);
#4623=ORIENTED_EDGE('',*,*,#6129,.F.);
#4624=CARTESIAN_POINT('',(-0.04995010918184,0.026433458783637,-0.05074));
#4625=DIRECTION('',(0.0,0.0,1.0));
#4626=DIRECTION('',(-1.0,0.0,0.0));
#4627=ORIENTED_EDGE('',*,*,#5865,.F.);
#4628=ORIENTED_EDGE('',*,*,#6016,.F.);
#4629=ORIENTED_EDGE('',*,*,#6129,.T.);
#4630=ORIENTED_EDGE('',*,*,#5827,.T.);
#4631=CARTESIAN_POINT('',(-0.020850165895207,0.00563542654196801,-0.04754));
#4632=DIRECTION('',(-0.0,-0.0,-1.0));
#4633=DIRECTION('',(0.0,-1.0,0.0));
#4634=ORIENTED_EDGE('',*,*,#5907,.F.);
#4635=ORIENTED_EDGE('',*,*,#6045,.T.);
#4636=ORIENTED_EDGE('',*,*,#6130,.F.);
#4637=ORIENTED_EDGE('',*,*,#5990,.F.);
#4638=CARTESIAN_POINT('',(0.001581568945158,-0.01755894006346,-0.04774));
#4639=CARTESIAN_POINT('',(0.006094169490576,-0.01455815217509,-0.04774));
#4640=CARTESIAN_POINT('',(0.015475499407077,-0.01579120113064,-0.04774));
#4641=CARTESIAN_POINT('',(0.017728217455617,-0.0186429136985,-0.04774));
#4642=CARTESIAN_POINT('',(0.0191081932463246,-0.0203898230856973,-0.04774));
#4643=CARTESIAN_POINT('',(0.0204881690370322,-0.0221367324728947,-0.04774));
#4644=CARTESIAN_POINT('',(0.0218681448277398,-0.023883641860092,-0.04774));
#4645=DIRECTION('',(-0.0,-0.0,-1.0));
#4646=ORIENTED_EDGE('',*,*,#6130,.T.);
#4647=ORIENTED_EDGE('',*,*,#6044,.T.);
#4648=ORIENTED_EDGE('',*,*,#6131,.F.);
#4649=ORIENTED_EDGE('',*,*,#5991,.F.);
#4650=CARTESIAN_POINT('',(0.0118386061634581,-0.0111872631555418,-0.04774));
#4651=CARTESIAN_POINT('',(0.0138018099275111,-0.0136724800031945,-0.04774));
#4652=CARTESIAN_POINT('',(0.015765013691564,-0.0161576968508472,-0.04774));
#4653=CARTESIAN_POINT('',(0.017728217455617,-0.0186429136985,-0.04774));
#4654=CARTESIAN_POINT('',(0.018546533654696,-0.01967881900894,-0.04774));
#4655=CARTESIAN_POINT('',(0.017725091119497,-0.02038631482697,-0.04774));
#4656=CARTESIAN_POINT('',(0.018560474811354,-0.0215106225286,-0.04774));
#4657=CARTESIAN_POINT('',(0.0217767020250034,-0.0258392071798755,-0.04774));
#4658=CARTESIAN_POINT('',(0.0249929292386529,-0.030167791831151,-0.04774));
#4659=CARTESIAN_POINT('',(0.0282091564523023,-0.0344963764824265,-0.04774));
#4660=DIRECTION('',(-0.0,-0.0,-1.0));
#4661=ORIENTED_EDGE('',*,*,#6131,.T.);
#4662=ORIENTED_EDGE('',*,*,#6043,.T.);
#4663=ORIENTED_EDGE('',*,*,#6132,.F.);
#4664=ORIENTED_EDGE('',*,*,#5992,.F.);
#4665=CARTESIAN_POINT('',(-0.00617848277954001,0.0117844978103694,-0.04774));
#4666=CARTESIAN_POINT('',(0.00206783641742466,0.000686124364046248,-0.04774));
#4667=CARTESIAN_POINT('',(0.0103141556143893,-0.0104122490822769,-0.04774));
#4668=CARTESIAN_POINT('',(0.018560474811354,-0.0215106225286,-0.04774));
#4669=CARTESIAN_POINT('',(0.020928191308079,-0.02469723236846,-0.04774));
#4670=CARTESIAN_POINT('',(0.03362172850369,-0.02459333490691,-0.04774));
#4671=CARTESIAN_POINT('',(0.038632444232961,-0.02060764477036,-0.04774));
#4672=CARTESIAN_POINT('',(0.0522066570437393,-0.00981026391011685,-0.04774));
#4673=CARTESIAN_POINT('',(0.0657808698545177,0.000987116950126276,-0.04774));
#4674=CARTESIAN_POINT('',(0.079355082665296,0.0117844978103694,-0.04774));
#4675=DIRECTION('',(-0.0,-0.0,-1.0));
#4676=ORIENTED_EDGE('',*,*,#6132,.T.);
#4677=ORIENTED_EDGE('',*,*,#6042,.T.);
#4678=ORIENTED_EDGE('',*,*,#5902,.F.);
#4679=ORIENTED_EDGE('',*,*,#5993,.F.);
#4680=CARTESIAN_POINT('',(0.0217784657497132,-0.0340138604552295,-0.04774));
#4681=CARTESIAN_POINT('',(0.0273964585774625,-0.0295451218936063,-0.04774));
#4682=CARTESIAN_POINT('',(0.0330144514052117,-0.0250763833319832,-0.04774));
#4683=CARTESIAN_POINT('',(0.038632444232961,-0.02060764477036,-0.04774));
#4684=CARTESIAN_POINT('',(0.041248649808272,-0.01852662774204,-0.04774));
#4685=CARTESIAN_POINT('',(0.039224230602801,-0.01361799778023,-0.04774));
#4686=CARTESIAN_POINT('',(0.041760555711906,-0.01152534754307,-0.04774));
#4687=CARTESIAN_POINT('',(0.0513683143163567,-0.00359825718308278,-0.04774));
#4688=CARTESIAN_POINT('',(0.0609760729208074,0.00432883317690444,-0.04774));
#4689=CARTESIAN_POINT('',(0.070583831525258,0.0122559235368917,-0.04774));
#4690=DIRECTION('',(-0.0,-0.0,-1.0));
#4691=ORIENTED_EDGE('',*,*,#5900,.F.);
#4692=ORIENTED_EDGE('',*,*,#6041,.F.);
#4693=ORIENTED_EDGE('',*,*,#5824,.F.);
#4694=ORIENTED_EDGE('',*,*,#5994,.T.);
#4695=CARTESIAN_POINT('',(0.0462887738069426,-0.00858842421386764,-0.04774));
#4696=DIRECTION('',(-0.994350852165218,-0.106143218334023,0.0));
#4697=DIRECTION('',(0.0,0.0,1.0));
#4698=ORIENTED_EDGE('',*,*,#5822,.T.);
#4699=ORIENTED_EDGE('',*,*,#6040,.F.);
#4700=ORIENTED_EDGE('',*,*,#5895,.F.);
#4701=ORIENTED_EDGE('',*,*,#5995,.T.);
#4702=CARTESIAN_POINT('',(0.050184074766201,-0.006452591371411,-0.04774));
#4703=DIRECTION('',(0.0,0.0,1.0));
#4704=DIRECTION('',(-0.106143218334023,0.994350852165218,0.0));
#4705=ORIENTED_EDGE('',*,*,#5893,.F.);
#4706=ORIENTED_EDGE('',*,*,#6039,.T.);
#4707=ORIENTED_EDGE('',*,*,#6133,.F.);
#4708=ORIENTED_EDGE('',*,*,#5996,.F.);
#4709=CARTESIAN_POINT('',(0.0409024657182412,-0.0289693646691747,-0.04774));
#4710=CARTESIAN_POINT('',(0.0470978379897155,-0.0225238922036907,-0.04774));
#4711=CARTESIAN_POINT('',(0.0532932102611898,-0.0160784197382069,-0.04774));
#4712=CARTESIAN_POINT('',(0.059488582532664,-0.009632947272723,-0.04774));
#4713=CARTESIAN_POINT('',(0.064191842420126,-0.004739822086004,-0.04774));
#4714=CARTESIAN_POINT('',(0.0609715120863,0.005610373721722,-0.04774));
#4715=CARTESIAN_POINT('',(0.060837620657978,0.010689293497451,-0.04774));
#4716=CARTESIAN_POINT('',(0.0603753150748338,0.028225987205835,-0.04774));
#4717=CARTESIAN_POINT('',(0.0599130094916896,0.0457626809142191,-0.04774));
#4718=CARTESIAN_POINT('',(0.0594507039085454,0.0632993746226031,-0.04774));
#4719=DIRECTION('',(-0.0,-0.0,-1.0));
#4720=ORIENTED_EDGE('',*,*,#6133,.T.);
#4721=ORIENTED_EDGE('',*,*,#6038,.T.);
#4722=ORIENTED_EDGE('',*,*,#6134,.F.);
#4723=ORIENTED_EDGE('',*,*,#5997,.F.);
#4724=CARTESIAN_POINT('',(0.0613052579353613,-0.0070496480144791,-0.04774));
#4725=CARTESIAN_POINT('',(0.0611493788429002,-0.0011366675105024,-0.04774));
#4726=CARTESIAN_POINT('',(0.0609934997504391,0.0047763129934743,-0.04774));
#4727=CARTESIAN_POINT('',(0.060837620657978,0.010689293497451,-0.04774));
#4728=CARTESIAN_POINT('',(0.060787013319649,0.012608987794954,-0.04774));
#4729=CARTESIAN_POINT('',(0.060544481520378,0.013387838684623,-0.04774));
#4730=CARTESIAN_POINT('',(0.060461998439454,0.015276810773277,-0.04774));
#4731=CARTESIAN_POINT('',(0.0601444385778966,0.0225493533145949,-0.04774));
#4732=CARTESIAN_POINT('',(0.0598268787163392,0.0298218958559128,-0.04774));
#4733=CARTESIAN_POINT('',(0.0595093188547818,0.0370944383972307,-0.04774));
#4734=DIRECTION('',(-0.0,-0.0,-1.0));
#4735=ORIENTED_EDGE('',*,*,#6134,.T.);
#4736=ORIENTED_EDGE('',*,*,#6037,.T.);
#4737=ORIENTED_EDGE('',*,*,#6135,.F.);
#4738=ORIENTED_EDGE('',*,*,#5998,.F.);
#4739=CARTESIAN_POINT('',(0.0626513514130189,-0.0348622797280962,-0.04774));
#4740=CARTESIAN_POINT('',(0.0619215670884973,-0.0181492495609718,-0.04774));
#4741=CARTESIAN_POINT('',(0.0611917827639756,-0.00143621939384739,-0.04774));
#4742=CARTESIAN_POINT('',(0.060461998439454,0.015276810773277,-0.04774));
#4743=CARTESIAN_POINT('',(0.060246628207252,0.020209075097058,-0.04774));
#4744=CARTESIAN_POINT('',(0.060902854479705,0.029078577272541,-0.04774));
#4745=CARTESIAN_POINT('',(0.060799289848182,0.034567508163982,-0.04774));
#4746=CARTESIAN_POINT('',(0.0604837056528731,0.0512934870334891,-0.04774));
#4747=CARTESIAN_POINT('',(0.0601681214575641,0.0680194659029962,-0.04774));
#4748=CARTESIAN_POINT('',(0.0598525372622552,0.0847454447725033,-0.04774));
#4749=DIRECTION('',(-0.0,-0.0,-1.0));
#4750=ORIENTED_EDGE('',*,*,#6135,.T.);
#4751=ORIENTED_EDGE('',*,*,#6036,.T.);
#4752=ORIENTED_EDGE('',*,*,#5881,.F.);
#4753=ORIENTED_EDGE('',*,*,#5999,.F.);
#4754=CARTESIAN_POINT('',(0.0612344126775486,0.0115059754323138,-0.04774));
#4755=CARTESIAN_POINT('',(0.0610893717344264,0.0191931530095365,-0.04774));
#4756=CARTESIAN_POINT('',(0.0609443307913042,0.0268803305867593,-0.04774));
#4757=CARTESIAN_POINT('',(0.060799289848182,0.034567508163982,-0.04774));
#4758=CARTESIAN_POINT('',(0.060756209280037,0.036850780530594,-0.04774));
#4759=CARTESIAN_POINT('',(0.060598977552834,0.03825192110685,-0.04774));
#4760=CARTESIAN_POINT('',(0.060524895829131,0.040537516665714,-0.04774));
#4761=CARTESIAN_POINT('',(0.0602396811928744,0.0493370595673404,-0.04774));
#4762=CARTESIAN_POINT('',(0.0599544665566179,0.0581366024689668,-0.04774));
#4763=CARTESIAN_POINT('',(0.0596692519203613,0.0669361453705932,-0.04774));
#4764=DIRECTION('',(-0.0,-0.0,-1.0));
#4765=ORIENTED_EDGE('',*,*,#5879,.F.);
#4766=ORIENTED_EDGE('',*,*,#6035,.F.);
#4767=ORIENTED_EDGE('',*,*,#5820,.F.);
#4768=ORIENTED_EDGE('',*,*,#6000,.T.);
#4769=CARTESIAN_POINT('',(0.0587578945153619,0.0461100401917851,-0.04774));
#4770=DIRECTION('',(0.0141740086629967,-0.999899543693476,0.0));
#4771=DIRECTION('',(0.0,0.0,-1.0));
#4772=ORIENTED_EDGE('',*,*,#5818,.T.);
#4773=ORIENTED_EDGE('',*,*,#6034,.F.);
#4774=ORIENTED_EDGE('',*,*,#5888,.F.);
#4775=ORIENTED_EDGE('',*,*,#6001,.T.);
#4776=CARTESIAN_POINT('',(0.056237867230073,0.0501747296269,-0.04774));
#4777=DIRECTION('',(0.0,0.0,1.0));
#4778=DIRECTION('',(-0.999899543693476,-0.0141740086629967,0.0));
#4779=ORIENTED_EDGE('',*,*,#5886,.F.);
#4780=ORIENTED_EDGE('',*,*,#6033,.T.);
#4781=ORIENTED_EDGE('',*,*,#6136,.F.);
#4782=ORIENTED_EDGE('',*,*,#6002,.F.);
#4783=CARTESIAN_POINT('',(0.060524895829131,0.040537516665714,-0.04774));
#4784=CARTESIAN_POINT('',(0.060346450392118,0.046042978444292,-0.04774));
#4785=CARTESIAN_POINT('',(0.064804557190141,0.055342514176088,-0.04774));
#4786=CARTESIAN_POINT('',(0.060250004843671,0.059929586859989,-0.04774));
#4787=CARTESIAN_POINT('',(0.057393438470371,0.0628065496400678,-0.04774));
#4788=CARTESIAN_POINT('',(0.054536872097071,0.0656835124201465,-0.04774));
#4789=CARTESIAN_POINT('',(0.051680305723771,0.0685604752002253,-0.04774));
#4790=DIRECTION('',(-0.0,-0.0,-1.0));
#4791=ORIENTED_EDGE('',*,*,#6136,.T.);
#4792=ORIENTED_EDGE('',*,*,#6032,.T.);
#4793=ORIENTED_EDGE('',*,*,#6137,.F.);
#4794=ORIENTED_EDGE('',*,*,#6003,.F.);
#4795=CARTESIAN_POINT('',(0.0819228551964156,0.0381019883886618,-0.04774));
#4796=CARTESIAN_POINT('',(0.0746985717455007,0.0453778545457708,-0.04774));
#4797=CARTESIAN_POINT('',(0.0674742882945859,0.0526537207028799,-0.04774));
#4798=CARTESIAN_POINT('',(0.060250004843671,0.059929586859989,-0.04774));
#4799=CARTESIAN_POINT('',(0.056073295975242,0.064136118194256,-0.04774));
#4800=CARTESIAN_POINT('',(0.046936646904928,0.05643963230345,-0.04774));
#4801=CARTESIAN_POINT('',(0.042471892897867,0.060310924112755,-0.04774));
#4802=CARTESIAN_POINT('',(0.0298029408112786,0.0712958989552037,-0.04774));
#4803=CARTESIAN_POINT('',(0.0171339887246903,0.0822808737976523,-0.04774));
#4804=CARTESIAN_POINT('',(0.00446503663810193,0.093265848640101,-0.04774));
#4805=DIRECTION('',(-0.0,-0.0,-1.0));
#4806=ORIENTED_EDGE('',*,*,#6137,.T.);
#4807=ORIENTED_EDGE('',*,*,#6031,.T.);
#4808=ORIENTED_EDGE('',*,*,#6138,.F.);
#4809=ORIENTED_EDGE('',*,*,#6004,.F.);
#4810=CARTESIAN_POINT('',(0.0596957834448045,0.0453764604685654,-0.04774));
#4811=CARTESIAN_POINT('',(0.0539544865958253,0.0503546150166286,-0.04774));
#4812=CARTESIAN_POINT('',(0.0482131897468462,0.0553327695646918,-0.04774));
#4813=CARTESIAN_POINT('',(0.042471892897867,0.060310924112755,-0.04774));
#4814=CARTESIAN_POINT('',(0.03911647073037,0.063220338233498,-0.04774));
#4815=CARTESIAN_POINT('',(0.043594990426843,0.07042248678773,-0.04774));
#4816=CARTESIAN_POINT('',(0.040242845492112,0.073405565468659,-0.04774));
#4817=CARTESIAN_POINT('',(0.0296952226225369,0.0827919104893386,-0.04774));
#4818=CARTESIAN_POINT('',(0.0191475997529619,0.0921782555100182,-0.04774));
#4819=CARTESIAN_POINT('',(0.00859997688338683,0.101564600530698,-0.04774));
#4820=DIRECTION('',(-0.0,-0.0,-1.0));
#4821=ORIENTED_EDGE('',*,*,#6138,.T.);
#4822=ORIENTED_EDGE('',*,*,#6030,.T.);
#4823=ORIENTED_EDGE('',*,*,#6139,.F.);
#4824=ORIENTED_EDGE('',*,*,#6005,.F.);
#4825=CARTESIAN_POINT('',(0.0552079692317443,0.0600880799618,-0.04774));
#4826=CARTESIAN_POINT('',(0.0502195946518669,0.0645272417974196,-0.04774));
#4827=CARTESIAN_POINT('',(0.0452312200719894,0.0689664036330393,-0.04774));
#4828=CARTESIAN_POINT('',(0.040242845492112,0.073405565468659,-0.04774));
#4829=CARTESIAN_POINT('',(0.034942665355069,0.078122203525709,-0.04774));
#4830=CARTESIAN_POINT('',(0.020997473068919,0.070708207208222,-0.04774));
#4831=CARTESIAN_POINT('',(0.018677320631404,0.074056799559715,-0.04774));
#4832=DIRECTION('',(-0.0,-0.0,-1.0));
#4833=ORIENTED_EDGE('',*,*,#6139,.T.);
#4834=ORIENTED_EDGE('',*,*,#6029,.F.);
#4835=ORIENTED_EDGE('',*,*,#5868,.F.);
#4836=ORIENTED_EDGE('',*,*,#6006,.T.);
#4837=CARTESIAN_POINT('',(0.0223447393268617,0.0724065954032586,-0.04774));
#4838=DIRECTION('',(0.278716525037122,-0.960373416266419,0.0));
#4839=DIRECTION('',(0.0,0.0,-1.0));
#4840=ORIENTED_EDGE('',*,*,#5873,.F.);
#4841=ORIENTED_EDGE('',*,*,#6028,.T.);
#4842=ORIENTED_EDGE('',*,*,#6140,.F.);
#4843=ORIENTED_EDGE('',*,*,#5957,.F.);
#4844=CARTESIAN_POINT('',(0.017845063275667,0.076924508389812,-0.04774));
#4845=CARTESIAN_POINT('',(0.015501867759055,0.080361495998282,-0.04774));
#4846=CARTESIAN_POINT('',(-0.001635640482168,0.079711667251115,-0.04774));
#4847=CARTESIAN_POINT('',(-0.005082052632985,0.076731257764723,-0.04774));
#4848=CARTESIAN_POINT('',(-0.0106768695849009,0.0718929375672493,-0.04774));
#4849=CARTESIAN_POINT('',(-0.0162716865368168,0.0670546173697755,-0.04774));
#4850=CARTESIAN_POINT('',(-0.0218665034887326,0.0622162971723017,-0.04774));
#4851=DIRECTION('',(-0.0,-0.0,-1.0));
#4852=ORIENTED_EDGE('',*,*,#6140,.T.);
#4853=ORIENTED_EDGE('',*,*,#6027,.T.);
#4854=ORIENTED_EDGE('',*,*,#6141,.F.);
#4855=ORIENTED_EDGE('',*,*,#5958,.F.);
#4856=CARTESIAN_POINT('',(0.0022409623759092,0.0830640997019029,-0.04774));
#4857=CARTESIAN_POINT('',(-0.000200042627055535,0.0809531523895096,-0.04774));
#4858=CARTESIAN_POINT('',(-0.00264104763002027,0.0788422050771163,-0.04774));
#4859=CARTESIAN_POINT('',(-0.005082052632985,0.076731257764723,-0.04774));
#4860=CARTESIAN_POINT('',(-0.006299262927905,0.075678631163156,-0.04774));
#4861=CARTESIAN_POINT('',(-0.005785195168031,0.074751259593618,-0.04774));
#4862=CARTESIAN_POINT('',(-0.006964134453477,0.073853021291695,-0.04774));
#4863=CARTESIAN_POINT('',(-0.0115030507024441,0.0703948038292915,-0.04774));
#4864=CARTESIAN_POINT('',(-0.0160419669514112,0.0669365863668879,-0.04774));
#4865=CARTESIAN_POINT('',(-0.0205808832003783,0.0634783689044844,-0.04774));
#4866=DIRECTION('',(-0.0,-0.0,-1.0));
#4867=ORIENTED_EDGE('',*,*,#6141,.T.);
#4868=ORIENTED_EDGE('',*,*,#6026,.T.);
#4869=ORIENTED_EDGE('',*,*,#6142,.F.);
#4870=ORIENTED_EDGE('',*,*,#5959,.F.);
#4871=CARTESIAN_POINT('',(0.0124125843020241,0.0886162166204772,-0.04774));
#4872=CARTESIAN_POINT('',(0.00595367805019036,0.0836951515108831,-0.04774));
#4873=CARTESIAN_POINT('',(-0.000505228201643295,0.0787740864012891,-0.04774));
#4874=CARTESIAN_POINT('',(-0.006964134453477,0.073853021291695,-0.04774));
#4875=CARTESIAN_POINT('',(-0.01015863577514,0.071419118648794,-0.04774));
#4876=CARTESIAN_POINT('',(-0.01999729040225,0.073958342393024,-0.04774));
#4877=CARTESIAN_POINT('',(-0.02400388774835,0.073956897717204,-0.04774));
#4878=CARTESIAN_POINT('',(-0.039429287530835,0.073951335715297,-0.04774));
#4879=CARTESIAN_POINT('',(-0.05485468731332,0.07394577371339,-0.04774));
#4880=CARTESIAN_POINT('',(-0.070280087095805,0.073940211711483,-0.04774));
#4881=DIRECTION('',(-0.0,-0.0,-1.0));
#4882=ORIENTED_EDGE('',*,*,#6142,.T.);
#4883=ORIENTED_EDGE('',*,*,#6025,.T.);
#4884=ORIENTED_EDGE('',*,*,#6143,.F.);
#4885=ORIENTED_EDGE('',*,*,#5960,.F.);
#4886=CARTESIAN_POINT('',(-0.010746447964685,0.0739616780085693,-0.04774));
#4887=CARTESIAN_POINT('',(-0.01516559455924,0.0739600845781142,-0.04774));
#4888=CARTESIAN_POINT('',(-0.019584741153795,0.0739584911476591,-0.04774));
#4889=CARTESIAN_POINT('',(-0.02400388774835,0.073956897717204,-0.04774));
#4890=CARTESIAN_POINT('',(-0.02548126743267,0.073956365012137,-0.04774));
#4891=CARTESIAN_POINT('',(-0.02589883200958,0.073991325072554,-0.04774));
#4892=CARTESIAN_POINT('',(-0.02742737860125,0.073943619609002,-0.04774));
#4893=CARTESIAN_POINT('',(-0.0304383182630955,0.0738496491189442,-0.04774));
#4894=CARTESIAN_POINT('',(-0.033449257924941,0.0737556786288864,-0.04774));
#4895=CARTESIAN_POINT('',(-0.0364601975867866,0.0736617081388286,-0.04774));
#4896=DIRECTION('',(-0.0,-0.0,-1.0));
#4897=ORIENTED_EDGE('',*,*,#6143,.T.);
#4898=ORIENTED_EDGE('',*,*,#6024,.T.);
#4899=ORIENTED_EDGE('',*,*,#6144,.F.);
#4900=ORIENTED_EDGE('',*,*,#5961,.F.);
#4901=CARTESIAN_POINT('',(0.0112414182052741,0.0751504607263728,-0.04774));
#4902=CARTESIAN_POINT('',(-0.00164818073023393,0.0747481803539159,-0.04774));
#4903=CARTESIAN_POINT('',(-0.014537779665742,0.0743458999814589,-0.04774));
#4904=CARTESIAN_POINT('',(-0.02742737860125,0.073943619609002,-0.04774));
#4905=CARTESIAN_POINT('',(-0.0316597902475,0.073811527358346,-0.04774));
#4906=CARTESIAN_POINT('',(-0.0418985798886,0.076637691986145,-0.04774));
#4907=CARTESIAN_POINT('',(-0.04660573558235,0.072276592718562,-0.04774));
#4908=CARTESIAN_POINT('',(-0.0530249966252187,0.066329257118499,-0.04774));
#4909=CARTESIAN_POINT('',(-0.0594442576680874,0.0603819215184359,-0.04774));
#4910=CARTESIAN_POINT('',(-0.0658635187109561,0.0544345859183729,-0.04774));
#4911=DIRECTION('',(-0.0,-0.0,-1.0));
#4912=ORIENTED_EDGE('',*,*,#6144,.T.);
#4913=ORIENTED_EDGE('',*,*,#6023,.T.);
#4914=ORIENTED_EDGE('',*,*,#6145,.F.);
#4915=ORIENTED_EDGE('',*,*,#5962,.F.);
#4916=CARTESIAN_POINT('',(-0.0270870271926456,0.0903603423118485,-0.04774));
#4917=CARTESIAN_POINT('',(-0.033593263322547,0.0843324257807531,-0.04774));
#4918=CARTESIAN_POINT('',(-0.0400994994524485,0.0783045092496575,-0.04774));
#4919=CARTESIAN_POINT('',(-0.04660573558235,0.072276592718562,-0.04774));
#4920=CARTESIAN_POINT('',(-0.05136955855357,0.067862992187303,-0.04774));
#4921=CARTESIAN_POINT('',(-0.04950621102167,0.058547160546679,-0.04774));
#4922=CARTESIAN_POINT('',(-0.04976712871197,0.053052371885042,-0.04774));
#4923=CARTESIAN_POINT('',(-0.0505730207378007,0.0360807117383237,-0.04774));
#4924=CARTESIAN_POINT('',(-0.0513789127636315,0.0191090515916054,-0.04774));
#4925=CARTESIAN_POINT('',(-0.0521848047894622,0.00213739144488709,-0.04774));
#4926=DIRECTION('',(-0.0,-0.0,-1.0));
#4927=ORIENTED_EDGE('',*,*,#6145,.T.);
#4928=ORIENTED_EDGE('',*,*,#6022,.T.);
#4929=ORIENTED_EDGE('',*,*,#5951,.F.);
#4930=ORIENTED_EDGE('',*,*,#5963,.F.);
#4931=CARTESIAN_POINT('',(-0.0486845780865176,0.0758503159240352,-0.04774));
#4932=CARTESIAN_POINT('',(-0.0490454282950018,0.0682510012443708,-0.04774));
#4933=CARTESIAN_POINT('',(-0.0494062785034859,0.0606516865647064,-0.04774));
#4934=CARTESIAN_POINT('',(-0.04976712871197,0.053052371885042,-0.04774));
#4935=CARTESIAN_POINT('',(-0.04987477886201,0.050785316618804,-0.04774));
#4936=CARTESIAN_POINT('',(-0.04971071634046,0.049282028598175,-0.04774));
#4937=CARTESIAN_POINT('',(-0.04954658850316,0.04715082797881,-0.04774));
#4938=CARTESIAN_POINT('',(-0.048914696329555,0.0389457055942547,-0.04774));
#4939=CARTESIAN_POINT('',(-0.04828280415595,0.0307405832096995,-0.04774));
#4940=CARTESIAN_POINT('',(-0.047650911982345,0.0225354608251442,-0.04774));
#4941=DIRECTION('',(-0.0,-0.0,-1.0));
#4942=ORIENTED_EDGE('',*,*,#6010,.F.);
#4943=ORIENTED_EDGE('',*,*,#6064,.F.);
#4944=ORIENTED_EDGE('',*,*,#5816,.F.);
#4945=ORIENTED_EDGE('',*,*,#5969,.T.);
#4946=CARTESIAN_POINT('',(-0.0761529061732904,0.0249384604930233,-0.04774));
#4947=DIRECTION('',(0.994610116439679,0.103685660897967,0.0));
#4948=DIRECTION('',(0.0,0.0,-1.0));
#4949=ORIENTED_EDGE('',*,*,#5814,.T.);
#4950=ORIENTED_EDGE('',*,*,#6063,.F.);
#4951=ORIENTED_EDGE('',*,*,#6014,.F.);
#4952=ORIENTED_EDGE('',*,*,#5970,.T.);
#4953=CARTESIAN_POINT('',(-0.07997983813098,0.022105911060252,-0.04774));
#4954=DIRECTION('',(0.0,0.0,1.0));
#4955=DIRECTION('',(0.103685660897967,-0.994610116439679,0.0));
#4956=ORIENTED_EDGE('',*,*,#6013,.F.);
#4957=ORIENTED_EDGE('',*,*,#6062,.T.);
#4958=ORIENTED_EDGE('',*,*,#6146,.F.);
#4959=ORIENTED_EDGE('',*,*,#5973,.F.);
#4960=CARTESIAN_POINT('',(-0.06944312090018,0.027376827174136,-0.04774));
#4961=CARTESIAN_POINT('',(-0.07667616691802,0.026738605088109,-0.04774));
#4962=CARTESIAN_POINT('',(-0.08514489901721,0.028987838257783,-0.04774));
#4963=CARTESIAN_POINT('',(-0.09137714634723,0.025090258912817,-0.04774));
#4964=CARTESIAN_POINT('',(-0.0953991813082444,0.0225749222198603,-0.04774));
#4965=CARTESIAN_POINT('',(-0.0994212162692587,0.0200595855269036,-0.04774));
#4966=CARTESIAN_POINT('',(-0.103443251230273,0.0175442488339469,-0.04774));
#4967=DIRECTION('',(-0.0,-0.0,-1.0));
#4968=ORIENTED_EDGE('',*,*,#6146,.T.);
#4969=ORIENTED_EDGE('',*,*,#6061,.T.);
#4970=ORIENTED_EDGE('',*,*,#5944,.F.);
#4971=ORIENTED_EDGE('',*,*,#5974,.F.);
#4972=CARTESIAN_POINT('',(-0.0637534060306496,0.0423658441050102,-0.04774));
#4973=CARTESIAN_POINT('',(-0.0729613194695097,0.0366073157076125,-0.04774));
#4974=CARTESIAN_POINT('',(-0.0821692329083699,0.0308487873102147,-0.04774));
#4975=CARTESIAN_POINT('',(-0.09137714634723,0.025090258912817,-0.04774));
#4976=CARTESIAN_POINT('',(-0.0971887735735,0.021455730782228,-0.04774));
#4977=CARTESIAN_POINT('',(-0.09966501256466,0.013980296481416,-0.04774));
#4978=CARTESIAN_POINT('',(-0.1022466552594,0.00763514868725,-0.04774));
#4979=CARTESIAN_POINT('',(-0.103227396803697,0.00522468729415354,-0.04774));
#4980=CARTESIAN_POINT('',(-0.104208138347993,0.00281422590105708,-0.04774));
#4981=CARTESIAN_POINT('',(-0.10518887989229,0.000403764507960626,-0.04774));
#4982=DIRECTION('',(-0.0,-0.0,-1.0));
#4983=ORIENTED_EDGE('',*,*,#5942,.F.);
#4984=ORIENTED_EDGE('',*,*,#6060,.F.);
#4985=ORIENTED_EDGE('',*,*,#5812,.F.);
#4986=ORIENTED_EDGE('',*,*,#5975,.T.);
#4987=CARTESIAN_POINT('',(-0.101489382991974,0.0027657139865192,-0.04774));
#4988=DIRECTION('',(0.214399078394069,0.976746146746315,-0.0));
#4989=DIRECTION('',(0.0,0.0,1.0));
#4990=ORIENTED_EDGE('',*,*,#5810,.T.);
#4991=ORIENTED_EDGE('',*,*,#6059,.F.);
#4992=ORIENTED_EDGE('',*,*,#5937,.F.);
#4993=ORIENTED_EDGE('',*,*,#5976,.T.);
#4994=CARTESIAN_POINT('',(-0.1000571106997,-0.001746285240856,-0.04774));
#4995=DIRECTION('',(0.0,0.0,1.0));
#4996=DIRECTION('',(0.976746146746315,-0.214399078394069,0.0));
#4997=ORIENTED_EDGE('',*,*,#5935,.F.);
#4998=ORIENTED_EDGE('',*,*,#6058,.T.);
#4999=ORIENTED_EDGE('',*,*,#6147,.F.);
#5000=ORIENTED_EDGE('',*,*,#5977,.F.);
#5001=CARTESIAN_POINT('',(-0.1022466552594,0.00763514868725,-0.04774));
#5002=CARTESIAN_POINT('',(-0.1044322275715,0.00226346058987,-0.04774));
#5003=CARTESIAN_POINT('',(-0.1057601251308,-0.003554305683598,-0.04774));
#5004=CARTESIAN_POINT('',(-0.105974559158,-0.009348206818288,-0.04774));
#5005=CARTESIAN_POINT('',(-0.106189157884572,-0.0151465580483842,-0.04774));
#5006=CARTESIAN_POINT('',(-0.106403756611144,-0.0209449092784804,-0.04774));
#5007=CARTESIAN_POINT('',(-0.106618355337717,-0.0267432605085766,-0.04774));
#5008=DIRECTION('',(-0.0,-0.0,-1.0));
#5009=ORIENTED_EDGE('',*,*,#6147,.T.);
#5010=ORIENTED_EDGE('',*,*,#6057,.T.);
#5011=ORIENTED_EDGE('',*,*,#6148,.F.);
#5012=ORIENTED_EDGE('',*,*,#5978,.F.);
#5013=CARTESIAN_POINT('',(-0.104091577831656,0.0415290153460057,-0.04774));
#5014=CARTESIAN_POINT('',(-0.104719238273771,0.0245699412912411,-0.04774));
#5015=CARTESIAN_POINT('',(-0.105346898715885,0.00761086723647656,-0.04774));
#5016=CARTESIAN_POINT('',(-0.105974559158,-0.009348206818288,-0.04774));
#5017=CARTESIAN_POINT('',(-0.1062210154314,-0.01600733317293,-0.04774));
#5018=CARTESIAN_POINT('',(-0.1051773661806,-0.02279861118661,-0.04774));
#5019=CARTESIAN_POINT('',(-0.1031401800678,-0.02914418605355,-0.04774));
#5020=CARTESIAN_POINT('',(-0.100486748522971,-0.0374092868296755,-0.04774));
#5021=CARTESIAN_POINT('',(-0.0978333169781412,-0.0456743876058009,-0.04774));
#5022=CARTESIAN_POINT('',(-0.0951798854333118,-0.0539394883819264,-0.04774));
#5023=DIRECTION('',(-0.0,-0.0,-1.0));
#5024=ORIENTED_EDGE('',*,*,#6148,.T.);
#5025=ORIENTED_EDGE('',*,*,#6056,.T.);
#5026=ORIENTED_EDGE('',*,*,#6149,.F.);
#5027=ORIENTED_EDGE('',*,*,#5979,.F.);
#5028=CARTESIAN_POINT('',(-0.1031401800678,-0.02914418605355,-0.04774));
#5029=CARTESIAN_POINT('',(-0.1013301965081,-0.034782053951,-0.04774));
#5030=CARTESIAN_POINT('',(-0.09850022063596,-0.04016291234045,-0.04774));
#5031=CARTESIAN_POINT('',(-0.09495452455444,-0.04490546999834,-0.04774));
#5032=CARTESIAN_POINT('',(-0.0884051196440763,-0.05366564845079,-0.04774));
#5033=CARTESIAN_POINT('',(-0.0818557147337126,-0.0624258269032399,-0.04774));
#5034=CARTESIAN_POINT('',(-0.0753063098233489,-0.0711860053556899,-0.04774));
#5035=DIRECTION('',(-0.0,-0.0,-1.0));
#5036=ORIENTED_EDGE('',*,*,#6149,.T.);
#5037=ORIENTED_EDGE('',*,*,#6055,.T.);
#5038=ORIENTED_EDGE('',*,*,#6150,.F.);
#5039=ORIENTED_EDGE('',*,*,#5980,.F.);
#5040=CARTESIAN_POINT('',(-0.09495452455444,-0.04490546999834,-0.04774));
#5041=CARTESIAN_POINT('',(-0.09094099765081,-0.05027377633772,-0.04774));
#5042=CARTESIAN_POINT('',(-0.08614185977568,-0.05526026563001,-0.04774));
#5043=CARTESIAN_POINT('',(-0.08045581079086,-0.05884553079705,-0.04774));
#5044=CARTESIAN_POINT('',(-0.0703580992045166,-0.0652125131628341,-0.04774));
#5045=CARTESIAN_POINT('',(-0.0602603876181732,-0.0715794955286181,-0.04774));
#5046=CARTESIAN_POINT('',(-0.0501626760318298,-0.0779464778944022,-0.04774));
#5047=DIRECTION('',(-0.0,-0.0,-1.0));
#5048=ORIENTED_EDGE('',*,*,#6150,.T.);
#5049=ORIENTED_EDGE('',*,*,#6054,.T.);
#5050=ORIENTED_EDGE('',*,*,#5930,.F.);
#5051=ORIENTED_EDGE('',*,*,#5981,.F.);
#5052=CARTESIAN_POINT('',(-0.08045581079086,-0.05884553079705,-0.04774));
#5053=CARTESIAN_POINT('',(-0.07298839475,-0.06355401408494,-0.04774));
#5054=CARTESIAN_POINT('',(-0.06433462764126,-0.06697855083965,-0.04774));
#5055=CARTESIAN_POINT('',(-0.05558855918853,-0.06815739210161,-0.04774));
#5056=CARTESIAN_POINT('',(-0.0409653204058167,-0.0701283893964203,-0.04774));
#5057=CARTESIAN_POINT('',(-0.0263420816231033,-0.0720993866912305,-0.04774));
#5058=CARTESIAN_POINT('',(-0.01171884284039,-0.0740703839860408,-0.04774));
#5059=DIRECTION('',(-0.0,-0.0,-1.0));
#5060=ORIENTED_EDGE('',*,*,#5928,.F.);
#5061=ORIENTED_EDGE('',*,*,#6053,.F.);
#5062=ORIENTED_EDGE('',*,*,#5808,.F.);
#5063=ORIENTED_EDGE('',*,*,#5982,.T.);
#5064=CARTESIAN_POINT('',(-0.0499056604365221,-0.0660324106804436,-0.04774));
#5065=DIRECTION('',(-0.996041555935545,-0.0888888004728294,0.0));
#5066=DIRECTION('',(0.0,0.0,1.0));
#5067=ORIENTED_EDGE('',*,*,#5806,.T.);
#5068=ORIENTED_EDGE('',*,*,#6052,.F.);
#5069=ORIENTED_EDGE('',*,*,#5923,.F.);
#5070=ORIENTED_EDGE('',*,*,#5983,.T.);
#5071=CARTESIAN_POINT('',(-0.04604754105515,-0.0631394391584,-0.04774));
#5072=DIRECTION('',(0.0,0.0,1.0));
#5073=DIRECTION('',(-0.0888888004728294,0.996041555935545,0.0));
#5074=ORIENTED_EDGE('',*,*,#5921,.F.);
#5075=ORIENTED_EDGE('',*,*,#6051,.T.);
#5076=ORIENTED_EDGE('',*,*,#6151,.F.);
#5077=ORIENTED_EDGE('',*,*,#5984,.F.);
#5078=CARTESIAN_POINT('',(-0.05558855918853,-0.06815739210161,-0.04774));
#5079=CARTESIAN_POINT('',(-0.04899581094451,-0.06904599750205,-0.04774));
#5080=CARTESIAN_POINT('',(-0.04207817613825,-0.06847275587393,-0.04774));
#5081=CARTESIAN_POINT('',(-0.03576874587785,-0.06638863112945,-0.04774));
#5082=CARTESIAN_POINT('',(-0.0320525134446151,-0.0651610889187128,-0.04774));
#5083=CARTESIAN_POINT('',(-0.0283362810113803,-0.0639335467079755,-0.04774));
#5084=CARTESIAN_POINT('',(-0.0246200485781454,-0.0627060044972383,-0.04774));
#5085=DIRECTION('',(-0.0,-0.0,-1.0));
#5086=ORIENTED_EDGE('',*,*,#6151,.T.);
#5087=ORIENTED_EDGE('',*,*,#6050,.T.);
#5088=ORIENTED_EDGE('',*,*,#6152,.F.);
#5089=ORIENTED_EDGE('',*,*,#5985,.F.);
#5090=CARTESIAN_POINT('',(-0.0445114090658833,-0.0692764989607516,-0.04774));
#5091=CARTESIAN_POINT('',(-0.0415971880032056,-0.0683138763503178,-0.04774));
#5092=CARTESIAN_POINT('',(-0.0386829669405278,-0.0673512537398839,-0.04774));
#5093=CARTESIAN_POINT('',(-0.03576874587785,-0.06638863112945,-0.04774));
#5094=CARTESIAN_POINT('',(-0.02774415720505,-0.06373795695967,-0.04774));
#5095=CARTESIAN_POINT('',(-0.02000962970958,-0.05907576332115,-0.04774));
#5096=CARTESIAN_POINT('',(-0.01411455283718,-0.0531151887622,-0.04774));
#5097=CARTESIAN_POINT('',(-0.00305373163895667,-0.0419314754939481,-0.04774));
#5098=CARTESIAN_POINT('',(0.00800708955926667,-0.0307477622256962,-0.04774));
#5099=CARTESIAN_POINT('',(0.01906791075749,-0.0195640489574443,-0.04774));
#5100=DIRECTION('',(-0.0,-0.0,-1.0));
#5101=ORIENTED_EDGE('',*,*,#6152,.T.);
#5102=ORIENTED_EDGE('',*,*,#6049,.T.);
#5103=ORIENTED_EDGE('',*,*,#6153,.F.);
#5104=ORIENTED_EDGE('',*,*,#5986,.F.);
#5105=CARTESIAN_POINT('',(-0.0262884143448458,-0.0654243088563795,-0.04774));
#5106=CARTESIAN_POINT('',(-0.0222304605089572,-0.0613212688249863,-0.04774));
#5107=CARTESIAN_POINT('',(-0.0181725066730686,-0.0572182287935932,-0.04774));
#5108=CARTESIAN_POINT('',(-0.01411455283718,-0.0531151887622,-0.04774));
#5109=CARTESIAN_POINT('',(-0.01022155613134,-0.04917893862922,-0.04774));
#5110=CARTESIAN_POINT('',(-0.00792056670716,-0.04403333971107,-0.04774));
#5111=CARTESIAN_POINT('',(-0.005607269787152,-0.03903859542485,-0.04774));
#5112=CARTESIAN_POINT('',(-2.67785176080596E-05,-0.0269895036538037,-0.04774));
#5113=CARTESIAN_POINT('',(0.00555371275193589,-0.0149404118827574,-0.04774));
#5114=CARTESIAN_POINT('',(0.0111342040214798,-0.00289132011171103,-0.04774));
#5115=DIRECTION('',(-0.0,-0.0,-1.0));
#5116=ORIENTED_EDGE('',*,*,#6153,.T.);
#5117=ORIENTED_EDGE('',*,*,#6048,.T.);
#5118=ORIENTED_EDGE('',*,*,#5916,.F.);
#5119=ORIENTED_EDGE('',*,*,#5987,.F.);
#5120=CARTESIAN_POINT('',(-0.023346871218844,-0.077340973353224,-0.04774));
#5121=CARTESIAN_POINT('',(-0.0174336707416133,-0.064573514043766,-0.04774));
#5122=CARTESIAN_POINT('',(-0.0115204702643827,-0.051806054734308,-0.04774));
#5123=CARTESIAN_POINT('',(-0.005607269787152,-0.03903859542485,-0.04774));
#5124=CARTESIAN_POINT('',(-0.002446874063986,-0.03221484169746,-0.04774));
#5125=CARTESIAN_POINT('',(-0.004676455154312,-0.02172039923403,-0.04774));
#5126=CARTESIAN_POINT('',(0.001581568945158,-0.01755894006346,-0.04774));
#5127=CARTESIAN_POINT('',(0.0169910847080346,-0.00731192444539986,-0.04774));
#5128=CARTESIAN_POINT('',(0.0324006004709112,0.00293509117266028,-0.04774));
#5129=CARTESIAN_POINT('',(0.0478101162337878,0.0131821067907204,-0.04774));
#5130=DIRECTION('',(-0.0,-0.0,-1.0));
#5131=ORIENTED_EDGE('',*,*,#5914,.F.);
#5132=ORIENTED_EDGE('',*,*,#6047,.F.);
#5133=ORIENTED_EDGE('',*,*,#5804,.F.);
#5134=ORIENTED_EDGE('',*,*,#5988,.T.);
#5135=CARTESIAN_POINT('',(0.00576228225190163,-0.0148742341644052,-0.04774));
#5136=DIRECTION('',(-0.997754165702092,0.0669822724616162,0.0));
#5137=DIRECTION('',(0.0,0.0,1.0));
#5138=ORIENTED_EDGE('',*,*,#5802,.T.);
#5139=ORIENTED_EDGE('',*,*,#6046,.F.);
#5140=ORIENTED_EDGE('',*,*,#5909,.F.);
#5141=ORIENTED_EDGE('',*,*,#5989,.T.);
#5142=CARTESIAN_POINT('',(0.009932869631103,-0.01396024709332,-0.04774));
#5143=DIRECTION('',(0.0,-0.0,1.0));
#5144=DIRECTION('',(0.0669822724616162,0.997754165702092,0.0));
#5145=ORIENTED_EDGE('',*,*,#5857,.T.);
#5146=ORIENTED_EDGE('',*,*,#6107,.T.);
#5147=ORIENTED_EDGE('',*,*,#5853,.T.);
#5148=ORIENTED_EDGE('',*,*,#6110,.T.);
#5149=ORIENTED_EDGE('',*,*,#5849,.T.);
#5150=ORIENTED_EDGE('',*,*,#6113,.T.);
#5151=ORIENTED_EDGE('',*,*,#5845,.T.);
#5152=ORIENTED_EDGE('',*,*,#6116,.T.);
#5153=ORIENTED_EDGE('',*,*,#5841,.T.);
#5154=ORIENTED_EDGE('',*,*,#6119,.T.);
#5155=ORIENTED_EDGE('',*,*,#5837,.T.);
#5156=ORIENTED_EDGE('',*,*,#6122,.T.);
#5157=ORIENTED_EDGE('',*,*,#5833,.T.);
#5158=ORIENTED_EDGE('',*,*,#6125,.T.);
#5159=ORIENTED_EDGE('',*,*,#5829,.T.);
#5160=ORIENTED_EDGE('',*,*,#6128,.T.);
#5161=ORIENTED_EDGE('',*,*,#6154,.T.);
#5162=ORIENTED_EDGE('',*,*,#6155,.T.);
#5163=ORIENTED_EDGE('',*,*,#6156,.T.);
#5164=ORIENTED_EDGE('',*,*,#6157,.T.);
#5165=ORIENTED_EDGE('',*,*,#6158,.T.);
#5166=ORIENTED_EDGE('',*,*,#6159,.T.);
#5167=ORIENTED_EDGE('',*,*,#6160,.T.);
#5168=ORIENTED_EDGE('',*,*,#6161,.T.);
#5169=ORIENTED_EDGE('',*,*,#6162,.T.);
#5170=ORIENTED_EDGE('',*,*,#6163,.T.);
#5171=ORIENTED_EDGE('',*,*,#6164,.T.);
#5172=ORIENTED_EDGE('',*,*,#6165,.T.);
#5173=ORIENTED_EDGE('',*,*,#6166,.T.);
#5174=ORIENTED_EDGE('',*,*,#6167,.T.);
#5175=ORIENTED_EDGE('',*,*,#6168,.T.);
#5176=ORIENTED_EDGE('',*,*,#6169,.T.);
#5177=ORIENTED_EDGE('',*,*,#6170,.T.);
#5178=ORIENTED_EDGE('',*,*,#6171,.T.);
#5179=ORIENTED_EDGE('',*,*,#6172,.T.);
#5180=ORIENTED_EDGE('',*,*,#6173,.T.);
#5181=ORIENTED_EDGE('',*,*,#6174,.T.);
#5182=ORIENTED_EDGE('',*,*,#6175,.T.);
#5183=ORIENTED_EDGE('',*,*,#6176,.T.);
#5184=ORIENTED_EDGE('',*,*,#6177,.T.);
#5185=ORIENTED_EDGE('',*,*,#6178,.T.);
#5186=ORIENTED_EDGE('',*,*,#6179,.T.);
#5187=ORIENTED_EDGE('',*,*,#6180,.T.);
#5188=ORIENTED_EDGE('',*,*,#6181,.T.);
#5189=ORIENTED_EDGE('',*,*,#6182,.T.);
#5190=ORIENTED_EDGE('',*,*,#6183,.T.);
#5191=ORIENTED_EDGE('',*,*,#6184,.T.);
#5192=ORIENTED_EDGE('',*,*,#6185,.T.);
#5193=ORIENTED_EDGE('',*,*,#6186,.T.);
#5194=ORIENTED_EDGE('',*,*,#6187,.T.);
#5195=ORIENTED_EDGE('',*,*,#6188,.T.);
#5196=CARTESIAN_POINT('',(-0.01910993804343,0.009091313524833,-0.05074));
#5197=DIRECTION('',(-0.0,-0.0,-1.0));
#5198=DIRECTION('',(0.0,-1.0,0.0));
#5199=ORIENTED_EDGE('',*,*,#6189,.F.);
#5200=ORIENTED_EDGE('',*,*,#6106,.T.);
#5201=ORIENTED_EDGE('',*,*,#6190,.T.);
#5202=ORIENTED_EDGE('',*,*,#6154,.F.);
#5203=CARTESIAN_POINT('',(0.00638881694839795,0.0980243937904608,-0.05074));
#5204=CARTESIAN_POINT('',(0.0108210810977533,0.0913427313964195,-0.05074));
#5205=CARTESIAN_POINT('',(0.0152533452471087,0.0846610690023783,-0.05074));
#5206=CARTESIAN_POINT('',(0.019685609396464,0.077979406608337,-0.05074));
#5207=CARTESIAN_POINT('',(0.021988084279246,0.074508413156887,-0.05074));
#5208=CARTESIAN_POINT('',(0.03713313460663,0.081806412859909,-0.05074));
#5209=CARTESIAN_POINT('',(0.04266931931415,0.076709855684867,-0.05074));
#5210=CARTESIAN_POINT('',(0.0486354372287707,0.0712175062291842,-0.05074));
#5211=CARTESIAN_POINT('',(0.0546015551433914,0.0657251567735014,-0.05074));
#5212=CARTESIAN_POINT('',(0.0605676730580121,0.0602328073178186,-0.05074));
#5213=DIRECTION('',(0.0,0.0,1.0));
#5214=ORIENTED_EDGE('',*,*,#6191,.F.);
#5215=ORIENTED_EDGE('',*,*,#6072,.T.);
#5216=ORIENTED_EDGE('',*,*,#6189,.T.);
#5217=ORIENTED_EDGE('',*,*,#6188,.F.);
#5218=CARTESIAN_POINT('',(0.0165106267684666,0.0844104345634269,-0.05074));
#5219=CARTESIAN_POINT('',(0.0172915351925534,0.0832226615217626,-0.05074));
#5220=CARTESIAN_POINT('',(0.0180724436166402,0.0820348884800983,-0.05074));
#5221=CARTESIAN_POINT('',(0.018853352040727,0.080847115438434,-0.05074));
#5222=CARTESIAN_POINT('',(0.0196626357092,0.079616183238419,-0.05074));
#5223=CARTESIAN_POINT('',(0.0188838694206,0.079188033997413,-0.05074));
#5224=CARTESIAN_POINT('',(0.019685609396464,0.077979406608337,-0.05074));
#5225=CARTESIAN_POINT('',(0.0204713839652387,0.0767948471575786,-0.05074));
#5226=CARTESIAN_POINT('',(0.0212571585340135,0.0756102877068202,-0.05074));
#5227=CARTESIAN_POINT('',(0.0220429331027882,0.0744257282560617,-0.05074));
#5228=DIRECTION('',(0.0,0.0,1.0));
#5229=ORIENTED_EDGE('',*,*,#6190,.F.);
#5230=ORIENTED_EDGE('',*,*,#6105,.T.);
#5231=ORIENTED_EDGE('',*,*,#6192,.T.);
#5232=ORIENTED_EDGE('',*,*,#6155,.F.);
#5233=CARTESIAN_POINT('',(0.0322456776535028,0.0863057576466398,-0.05074));
#5234=CARTESIAN_POINT('',(0.0357202248737186,0.0831071236593822,-0.05074));
#5235=CARTESIAN_POINT('',(0.0391947720939343,0.0799084896721246,-0.05074));
#5236=CARTESIAN_POINT('',(0.04266931931415,0.076709855684867,-0.05074));
#5237=CARTESIAN_POINT('',(0.045989656263942,0.073653186155393,-0.05074));
#5238=CARTESIAN_POINT('',(0.041580274587506,0.06657482977025,-0.05074));
#5239=CARTESIAN_POINT('',(0.044898366719904,0.063615214328963,-0.05074));
#5240=CARTESIAN_POINT('',(0.0484227592137174,0.0604715865966289,-0.05074));
#5241=CARTESIAN_POINT('',(0.0519471517075307,0.0573279588642947,-0.05074));
#5242=CARTESIAN_POINT('',(0.0554715442013441,0.0541843311319606,-0.05074));
#5243=DIRECTION('',(0.0,0.0,1.0));
#5244=ORIENTED_EDGE('',*,*,#6193,.F.);
#5245=ORIENTED_EDGE('',*,*,#6073,.T.);
#5246=ORIENTED_EDGE('',*,*,#6191,.T.);
#5247=ORIENTED_EDGE('',*,*,#6187,.F.);
#5248=CARTESIAN_POINT('',(-0.0244010233074028,0.0641094336805353,-0.05074));
#5249=CARTESIAN_POINT('',(-0.0181605975227168,0.0696402960646546,-0.05074));
#5250=CARTESIAN_POINT('',(-0.0119201717380309,0.0751711584487738,-0.05074));
#5251=CARTESIAN_POINT('',(-0.005679745953345,0.080702020832893,-0.05074));
#5252=CARTESIAN_POINT('',(-0.002184344850603,0.0837999797132,-0.05074));
#5253=CARTESIAN_POINT('',(0.016517329306926,0.084400239905196,-0.05074));
#5254=CARTESIAN_POINT('',(0.018853352040727,0.080847115438434,-0.05074));
#5255=CARTESIAN_POINT('',(0.0233501958032939,0.0740073508399172,-0.05074));
#5256=CARTESIAN_POINT('',(0.0278470395658608,0.0671675862414003,-0.05074));
#5257=CARTESIAN_POINT('',(0.0323438833284278,0.0603278216428835,-0.05074));
#5258=DIRECTION('',(0.0,0.0,1.0));
#5259=ORIENTED_EDGE('',*,*,#6192,.F.);
#5260=ORIENTED_EDGE('',*,*,#6104,.T.);
#5261=ORIENTED_EDGE('',*,*,#6194,.T.);
#5262=ORIENTED_EDGE('',*,*,#6156,.F.);
#5263=CARTESIAN_POINT('',(0.0299016685345383,0.0769917143617252,-0.05074));
#5264=CARTESIAN_POINT('',(0.0349005679296602,0.0725328810174711,-0.05074));
#5265=CARTESIAN_POINT('',(0.0398994673247821,0.0680740476732171,-0.05074));
#5266=CARTESIAN_POINT('',(0.044898366719904,0.063615214328963,-0.05074));
#5267=CARTESIAN_POINT('',(0.049454100420891,0.059551668390566,-0.05074));
#5268=CARTESIAN_POINT('',(0.058903687945775,0.067049128720801,-0.05074));
#5269=CARTESIAN_POINT('',(0.063268557033568,0.062736776327238,-0.05074));
#5270=CARTESIAN_POINT('',(0.0680337066153344,0.0580289594852428,-0.05074));
#5271=CARTESIAN_POINT('',(0.0727988561971008,0.0533211426432476,-0.05074));
#5272=CARTESIAN_POINT('',(0.0775640057788672,0.0486133258012524,-0.05074));
#5273=DIRECTION('',(0.0,0.0,1.0));
#5274=ORIENTED_EDGE('',*,*,#6195,.F.);
#5275=ORIENTED_EDGE('',*,*,#6074,.T.);
#5276=ORIENTED_EDGE('',*,*,#6193,.T.);
#5277=ORIENTED_EDGE('',*,*,#6186,.F.);
#5278=CARTESIAN_POINT('',(-0.0112471244049758,0.0750748429916374,-0.05074));
#5279=CARTESIAN_POINT('',(-0.0100186921945962,0.0759911567810466,-0.05074));
#5280=CARTESIAN_POINT('',(-0.00879025998421659,0.0769074705704558,-0.05074));
#5281=CARTESIAN_POINT('',(-0.007561827773837,0.077823784359865,-0.05074));
#5282=CARTESIAN_POINT('',(-0.006389314016625,0.07869838738226,-0.05074));
#5283=CARTESIAN_POINT('',(-0.006905531600312,0.079615612315313,-0.05074));
#5284=CARTESIAN_POINT('',(-0.005679745953345,0.080702020832893,-0.05074));
#5285=CARTESIAN_POINT('',(-0.004532836181108,0.0817185220038253,-0.05074));
#5286=CARTESIAN_POINT('',(-0.00338592640887101,0.0827350231747577,-0.05074));
#5287=CARTESIAN_POINT('',(-0.00223901663663401,0.08375152434569,-0.05074));
#5288=DIRECTION('',(0.0,0.0,1.0));
#5289=ORIENTED_EDGE('',*,*,#6194,.F.);
#5290=ORIENTED_EDGE('',*,*,#6103,.T.);
#5291=ORIENTED_EDGE('',*,*,#6196,.T.);
#5292=ORIENTED_EDGE('',*,*,#6157,.F.);
#5293=CARTESIAN_POINT('',(0.0468325804234674,0.0789750005785282,-0.05074));
#5294=CARTESIAN_POINT('',(0.0523112392935009,0.0735622591614315,-0.05074));
#5295=CARTESIAN_POINT('',(0.0577898981635345,0.0681495177443347,-0.05074));
#5296=CARTESIAN_POINT('',(0.063268557033568,0.062736776327238,-0.05074));
#5297=CARTESIAN_POINT('',(0.068552162530186,0.057516741464405,-0.05074));
#5298=CARTESIAN_POINT('',(0.064278284380205,0.046454630554786,-0.05074));
#5299=CARTESIAN_POINT('',(0.064567804453323,0.040472866825106,-0.05074));
#5300=CARTESIAN_POINT('',(0.0649401258589025,0.0327803477686786,-0.05074));
#5301=CARTESIAN_POINT('',(0.0653124472644819,0.0250878287122512,-0.05074));
#5302=CARTESIAN_POINT('',(0.0656847686700613,0.0173953096558237,-0.05074));
#5303=DIRECTION('',(0.0,0.0,1.0));
#5304=ORIENTED_EDGE('',*,*,#6197,.F.);
#5305=ORIENTED_EDGE('',*,*,#6075,.T.);
#5306=ORIENTED_EDGE('',*,*,#6195,.T.);
#5307=ORIENTED_EDGE('',*,*,#6185,.F.);
#5308=CARTESIAN_POINT('',(-0.0406014920080934,0.0780012030325822,-0.05074));
#5309=CARTESIAN_POINT('',(-0.0350133533722923,0.0779952608390524,-0.05074));
#5310=CARTESIAN_POINT('',(-0.0294252147364911,0.0779893186455227,-0.05074));
#5311=CARTESIAN_POINT('',(-0.02383707610069,0.077983376451993,-0.05074));
#5312=CARTESIAN_POINT('',(-0.01991842081374,0.077979209517418,-0.05074));
#5313=CARTESIAN_POINT('',(-0.01071006856581,0.075475444398007,-0.05074));
#5314=CARTESIAN_POINT('',(-0.007561827773837,0.077823784359865,-0.05074));
#5315=CARTESIAN_POINT('',(-0.00308256029259314,0.0811649655213809,-0.05074));
#5316=CARTESIAN_POINT('',(0.00139670718865072,0.0845061466828967,-0.05074));
#5317=CARTESIAN_POINT('',(0.00587597466989458,0.0878473278444126,-0.05074));
#5318=DIRECTION('',(0.0,0.0,1.0));
#5319=ORIENTED_EDGE('',*,*,#6196,.F.);
#5320=ORIENTED_EDGE('',*,*,#6102,.T.);
#5321=ORIENTED_EDGE('',*,*,#6198,.T.);
#5322=ORIENTED_EDGE('',*,*,#6158,.F.);
#5323=CARTESIAN_POINT('',(0.0642447198287861,0.0471481065342366,-0.05074));
#5324=CARTESIAN_POINT('',(0.0643524147036318,0.0449230266311931,-0.05074));
#5325=CARTESIAN_POINT('',(0.0644601095784774,0.0426979467281495,-0.05074));
#5326=CARTESIAN_POINT('',(0.064567804453323,0.040472866825106,-0.05074));
#5327=CARTESIAN_POINT('',(0.06468215147013,0.038110347258275,-0.05074));
#5328=CARTESIAN_POINT('',(0.064778531477784,0.036809680844746,-0.05074));
#5329=CARTESIAN_POINT('',(0.064815271567256,0.034537090621123,-0.05074));
#5330=CARTESIAN_POINT('',(0.0648512809797461,0.0323096970584116,-0.05074));
#5331=CARTESIAN_POINT('',(0.0648872903922362,0.0300823034957001,-0.05074));
#5332=CARTESIAN_POINT('',(0.0649232998047262,0.0278549099329887,-0.05074));
#5333=DIRECTION('',(0.0,0.0,1.0));
#5334=ORIENTED_EDGE('',*,*,#6199,.F.);
#5335=ORIENTED_EDGE('',*,*,#6076,.T.);
#5336=ORIENTED_EDGE('',*,*,#6197,.T.);
#5337=ORIENTED_EDGE('',*,*,#6184,.F.);
#5338=CARTESIAN_POINT('',(-0.0318377315322469,0.077783586574554,-0.05074));
#5339=CARTESIAN_POINT('',(-0.030312010006028,0.0778457571643,-0.05074));
#5340=CARTESIAN_POINT('',(-0.028786288479809,0.077907927754046,-0.05074));
#5341=CARTESIAN_POINT('',(-0.02726056695359,0.077970098343792,-0.05074));
#5342=CARTESIAN_POINT('',(-0.02567003866735,0.078034909700166,-0.05074));
#5343=CARTESIAN_POINT('',(-0.02529516533704,0.077984926923266,-0.05074));
#5344=CARTESIAN_POINT('',(-0.02383707610069,0.077983376451993,-0.05074));
#5345=CARTESIAN_POINT('',(-0.0223100892895862,0.0779817527179129,-0.05074));
#5346=CARTESIAN_POINT('',(-0.0207831024784824,0.0779801289838328,-0.05074));
#5347=CARTESIAN_POINT('',(-0.0192561156673786,0.0779785052497527,-0.05074));
#5348=DIRECTION('',(0.0,0.0,1.0));
#5349=ORIENTED_EDGE('',*,*,#6198,.F.);
#5350=ORIENTED_EDGE('',*,*,#6101,.T.);
#5351=ORIENTED_EDGE('',*,*,#6200,.T.);
#5352=ORIENTED_EDGE('',*,*,#6159,.F.);
#5353=CARTESIAN_POINT('',(0.0644995681829999,0.0540651983350884,-0.05074));
#5354=CARTESIAN_POINT('',(0.0646048026444186,0.0475558290970999,-0.05074));
#5355=CARTESIAN_POINT('',(0.0647100371058373,0.0410464598591115,-0.05074));
#5356=CARTESIAN_POINT('',(0.064815271567256,0.034537090621123,-0.05074));
#5357=CARTESIAN_POINT('',(0.06490374880637,0.029064253959191,-0.05074));
#5358=CARTESIAN_POINT('',(0.06425212541983,0.020191256023397,-0.05074));
#5359=CARTESIAN_POINT('',(0.064464996031668,0.015273025138406,-0.05074));
#5360=CARTESIAN_POINT('',(0.0647465074673972,0.00876889464464327,-0.05074));
#5361=CARTESIAN_POINT('',(0.0650280189031264,0.00226476415088054,-0.05074));
#5362=CARTESIAN_POINT('',(0.0653095303388556,-0.00423936634288219,-0.05074));
#5363=DIRECTION('',(0.0,0.0,1.0));
#5364=ORIENTED_EDGE('',*,*,#6201,.F.);
#5365=ORIENTED_EDGE('',*,*,#6077,.T.);
#5366=ORIENTED_EDGE('',*,*,#6199,.T.);
#5367=ORIENTED_EDGE('',*,*,#6183,.F.);
#5368=CARTESIAN_POINT('',(-0.0661459415681152,0.0595792391987497,-0.05074));
#5369=CARTESIAN_POINT('',(-0.0605541248230868,0.0647777935039351,-0.05074));
#5370=CARTESIAN_POINT('',(-0.0549623080780584,0.0699763478091206,-0.05074));
#5371=CARTESIAN_POINT('',(-0.04937049133303,0.075174902114306,-0.05074));
#5372=CARTESIAN_POINT('',(-0.04392981973503,0.080232941039496,-0.05074));
#5373=CARTESIAN_POINT('',(-0.03175173185425,0.077787090916994,-0.05074));
#5374=CARTESIAN_POINT('',(-0.02726056695359,0.077970098343792,-0.05074));
#5375=CARTESIAN_POINT('',(-0.019631887513541,0.0782809542186197,-0.05074));
#5376=CARTESIAN_POINT('',(-0.0120032080734919,0.0785918100934474,-0.05074));
#5377=CARTESIAN_POINT('',(-0.00437452863344285,0.0789026659682751,-0.05074));
#5378=DIRECTION('',(0.0,0.0,1.0));
#5379=ORIENTED_EDGE('',*,*,#6200,.F.);
#5380=ORIENTED_EDGE('',*,*,#6100,.T.);
#5381=ORIENTED_EDGE('',*,*,#6202,.T.);
#5382=ORIENTED_EDGE('',*,*,#6160,.F.);
#5383=CARTESIAN_POINT('',(0.0642269315058468,0.0207733442919659,-0.05074));
#5384=CARTESIAN_POINT('',(0.0643062863477872,0.0189399045741126,-0.05074));
#5385=CARTESIAN_POINT('',(0.0643856411897276,0.0171064648562593,-0.05074));
#5386=CARTESIAN_POINT('',(0.064464996031668,0.015273025138406,-0.05074));
#5387=CARTESIAN_POINT('',(0.064546454512915,0.013390982263361,-0.05074));
#5388=CARTESIAN_POINT('',(0.064806138024467,0.012695955998052,-0.05074));
#5389=CARTESIAN_POINT('',(0.064837608453886,0.010706562340629,-0.05074));
#5390=CARTESIAN_POINT('',(0.0648666353533979,0.00887163568567897,-0.05074));
#5391=CARTESIAN_POINT('',(0.0648956622529098,0.00703670903072895,-0.05074));
#5392=CARTESIAN_POINT('',(0.0649246891524217,0.00520178237577892,-0.05074));
#5393=DIRECTION('',(0.0,0.0,1.0));
#5394=ORIENTED_EDGE('',*,*,#6203,.F.);
#5395=ORIENTED_EDGE('',*,*,#6078,.T.);
#5396=ORIENTED_EDGE('',*,*,#6201,.T.);
#5397=ORIENTED_EDGE('',*,*,#6182,.F.);
#5398=CARTESIAN_POINT('',(-0.05506395356022,0.0301959847694047,-0.05074));
#5399=CARTESIAN_POINT('',(-0.0546459814855367,0.0378363304214868,-0.05074));
#5400=CARTESIAN_POINT('',(-0.0542280094108534,0.0454766760735689,-0.05074));
#5401=CARTESIAN_POINT('',(-0.05381003733617,0.053117021725651,-0.05074));
#5402=CARTESIAN_POINT('',(-0.05348121170925,0.05912780952968,-0.05074));
#5403=CARTESIAN_POINT('',(-0.05486347950559,0.070068225945388,-0.05074));
#5404=CARTESIAN_POINT('',(-0.04937049133303,0.075174902114306,-0.05074));
#5405=CARTESIAN_POINT('',(-0.0437663999682318,0.0803848677872735,-0.05074));
#5406=CARTESIAN_POINT('',(-0.0381623086034337,0.085594833460241,-0.05074));
#5407=CARTESIAN_POINT('',(-0.0325582172386355,0.0908047991332084,-0.05074));
#5408=DIRECTION('',(0.0,0.0,1.0));
#5409=ORIENTED_EDGE('',*,*,#6202,.F.);
#5410=ORIENTED_EDGE('',*,*,#6099,.T.);
#5411=ORIENTED_EDGE('',*,*,#6204,.T.);
#5412=ORIENTED_EDGE('',*,*,#6161,.F.);
#5413=CARTESIAN_POINT('',(0.0644576976501247,0.0347225086538183,-0.05074));
#5414=CARTESIAN_POINT('',(0.0645843345847118,0.0267171932160886,-0.05074));
#5415=CARTESIAN_POINT('',(0.0647109715192989,0.0187118777783588,-0.05074));
#5416=CARTESIAN_POINT('',(0.064837608453886,0.010706562340629,-0.05074));
#5417=CARTESIAN_POINT('',(0.064923305592086,0.005289243723131,-0.05074));
#5418=CARTESIAN_POINT('',(0.067765467624092,-0.006916437087425,-0.05074));
#5419=CARTESIAN_POINT('',(0.06234831405372,-0.0124731568514,-0.05074));
#5420=CARTESIAN_POINT('',(0.0567594459014624,-0.0182060152089244,-0.05074));
#5421=CARTESIAN_POINT('',(0.0511705777492048,-0.0239388735664488,-0.05074));
#5422=CARTESIAN_POINT('',(0.0455817095969472,-0.0296717319239732,-0.05074));
#5423=DIRECTION('',(0.0,0.0,1.0));
#5424=ORIENTED_EDGE('',*,*,#6205,.F.);
#5425=ORIENTED_EDGE('',*,*,#6079,.T.);
#5426=ORIENTED_EDGE('',*,*,#6203,.T.);
#5427=ORIENTED_EDGE('',*,*,#6181,.F.);
#5428=CARTESIAN_POINT('',(-0.052764579196913,0.0405395227184243,-0.05074));
#5429=CARTESIAN_POINT('',(-0.053030576205352,0.0427534303195055,-0.05074));
#5430=CARTESIAN_POINT('',(-0.053296573213791,0.0449673379205868,-0.05074));
#5431=CARTESIAN_POINT('',(-0.05356257022223,0.047181245521668,-0.05074));
#5432=CARTESIAN_POINT('',(-0.05381115219544,0.049250206835222,-0.05074));
#5433=CARTESIAN_POINT('',(-0.05393956049879,0.050749395292263,-0.05074));
#5434=CARTESIAN_POINT('',(-0.05381003733617,0.053117021725651,-0.05074));
#5435=CARTESIAN_POINT('',(-0.0536882345854916,0.0553435224250784,-0.05074));
#5436=CARTESIAN_POINT('',(-0.0535664318348133,0.0575700231245059,-0.05074));
#5437=CARTESIAN_POINT('',(-0.0534446290841349,0.0597965238239333,-0.05074));
#5438=DIRECTION('',(0.0,0.0,1.0));
#5439=ORIENTED_EDGE('',*,*,#6204,.F.);
#5440=ORIENTED_EDGE('',*,*,#6098,.T.);
#5441=ORIENTED_EDGE('',*,*,#6206,.T.);
#5442=ORIENTED_EDGE('',*,*,#6162,.F.);
#5443=CARTESIAN_POINT('',(0.0760672363066569,0.00159921629310659,-0.05074));
#5444=CARTESIAN_POINT('',(0.0714942622223446,-0.00309157475506228,-0.05074));
#5445=CARTESIAN_POINT('',(0.0669212881380323,-0.00778236580323114,-0.05074));
#5446=CARTESIAN_POINT('',(0.06234831405372,-0.0124731568514,-0.05074));
#5447=CARTESIAN_POINT('',(0.05800305053435,-0.01693037065642,-0.05074));
#5448=CARTESIAN_POINT('',(0.048409611040221,-0.01104583328853,-0.05074));
#5449=CARTESIAN_POINT('',(0.04386813696885,-0.0149751157826,-0.05074));
#5450=CARTESIAN_POINT('',(0.0389140222508362,-0.0192614148848714,-0.05074));
#5451=CARTESIAN_POINT('',(0.0339599075328224,-0.0235477139871427,-0.05074));
#5452=CARTESIAN_POINT('',(0.0290057928148086,-0.0278340130894141,-0.05074));
#5453=DIRECTION('',(0.0,0.0,1.0));
#5454=ORIENTED_EDGE('',*,*,#6207,.F.);
#5455=ORIENTED_EDGE('',*,*,#6080,.T.);
#5456=ORIENTED_EDGE('',*,*,#6205,.T.);
#5457=ORIENTED_EDGE('',*,*,#6180,.F.);
#5458=CARTESIAN_POINT('',(-0.0581689363337884,0.0224797361527336,-0.05074));
#5459=CARTESIAN_POINT('',(-0.0557441530697422,0.0264597965505437,-0.05074));
#5460=CARTESIAN_POINT('',(-0.0533193698056961,0.0304398569483539,-0.05074));
#5461=CARTESIAN_POINT('',(-0.05089458654165,0.034419917346164,-0.05074));
#5462=CARTESIAN_POINT('',(-0.04878659879817,0.037879986813525,-0.05074));
#5463=CARTESIAN_POINT('',(-0.05307126705683,0.04309210249436,-0.05074));
#5464=CARTESIAN_POINT('',(-0.05356257022223,0.047181245521668,-0.05074));
#5465=CARTESIAN_POINT('',(-0.0541185250145187,0.0518084875638294,-0.05074));
#5466=CARTESIAN_POINT('',(-0.0546744798068074,0.0564357296059908,-0.05074));
#5467=CARTESIAN_POINT('',(-0.0552304345990961,0.0610629716481522,-0.05074));
#5468=DIRECTION('',(0.0,0.0,1.0));
#5469=ORIENTED_EDGE('',*,*,#6206,.F.);
#5470=ORIENTED_EDGE('',*,*,#6097,.T.);
#5471=ORIENTED_EDGE('',*,*,#6208,.T.);
#5472=ORIENTED_EDGE('',*,*,#6163,.F.);
#5473=CARTESIAN_POINT('',(0.0514445635319172,-0.00841999297575734,-0.05074));
#5474=CARTESIAN_POINT('',(0.0489190880108948,-0.0106050339113716,-0.05074));
#5475=CARTESIAN_POINT('',(0.0463936124898724,-0.0127900748469858,-0.05074));
#5476=CARTESIAN_POINT('',(0.04386813696885,-0.0149751157826,-0.05074));
#5477=CARTESIAN_POINT('',(0.041385028250617,-0.01712350096858,-0.05074));
#5478=CARTESIAN_POINT('',(0.043473411621927,-0.0217971348645,-0.05074));
#5479=CARTESIAN_POINT('',(0.040860665121421,-0.02401524208919,-0.05074));
#5480=CARTESIAN_POINT('',(0.0383148384486285,-0.0261765373142093,-0.05074));
#5481=CARTESIAN_POINT('',(0.035769011775836,-0.0283378325392287,-0.05074));
#5482=CARTESIAN_POINT('',(0.0332231851030434,-0.030499127764248,-0.05074));
#5483=DIRECTION('',(0.0,0.0,1.0));
#5484=ORIENTED_EDGE('',*,*,#6209,.F.);
#5485=ORIENTED_EDGE('',*,*,#6081,.T.);
#5486=ORIENTED_EDGE('',*,*,#6207,.T.);
#5487=ORIENTED_EDGE('',*,*,#6179,.F.);
#5488=CARTESIAN_POINT('',(-0.0620818112102661,0.0308375807784,-0.05074));
#5489=CARTESIAN_POINT('',(-0.0600491598718474,0.0313472884814107,-0.05074));
#5490=CARTESIAN_POINT('',(-0.0580165085334287,0.0318569961844214,-0.05074));
#5491=CARTESIAN_POINT('',(-0.05598385719501,0.032366703887432,-0.05074));
#5492=CARTESIAN_POINT('',(-0.0540376056252,0.032854745982197,-0.05074));
#5493=CARTESIAN_POINT('',(-0.0519107402371,0.032751993807869,-0.05074));
#5494=CARTESIAN_POINT('',(-0.05089458654165,0.034419917346164,-0.05074));
#5495=CARTESIAN_POINT('',(-0.0498042926006803,0.0362095353300836,-0.05074));
#5496=CARTESIAN_POINT('',(-0.0487139986597107,0.0379991533140033,-0.05074));
#5497=CARTESIAN_POINT('',(-0.047623704718741,0.0397887712979229,-0.05074));
#5498=DIRECTION('',(0.0,0.0,1.0));
#5499=ORIENTED_EDGE('',*,*,#6208,.F.);
#5500=ORIENTED_EDGE('',*,*,#6096,.T.);
#5501=ORIENTED_EDGE('',*,*,#6210,.T.);
#5502=ORIENTED_EDGE('',*,*,#6164,.F.);
#5503=CARTESIAN_POINT('',(0.0595514178892239,-0.00814761247376299,-0.05074));
#5504=CARTESIAN_POINT('',(0.0533211669666229,-0.013436822345572,-0.05074));
#5505=CARTESIAN_POINT('',(0.0470909160440219,-0.018726032217381,-0.05074));
#5506=CARTESIAN_POINT('',(0.040860665121421,-0.02401524208919,-0.05074));
#5507=CARTESIAN_POINT('',(0.035275414184512,-0.02875687525277,-0.05074));
#5508=CARTESIAN_POINT('',(0.019384548099524,-0.0286953113966,-0.05074));
#5509=CARTESIAN_POINT('',(0.017019978663253,-0.02520579359573,-0.05074));
#5510=CARTESIAN_POINT('',(0.0124681824984313,-0.0184884718290553,-0.05074));
#5511=CARTESIAN_POINT('',(0.00791638633360964,-0.0117711500623805,-0.05074));
#5512=CARTESIAN_POINT('',(0.00336459016878796,-0.00505382829570575,-0.05074));
#5513=DIRECTION('',(0.0,0.0,1.0));
#5514=ORIENTED_EDGE('',*,*,#6211,.F.);
#5515=ORIENTED_EDGE('',*,*,#6082,.T.);
#5516=ORIENTED_EDGE('',*,*,#6209,.T.);
#5517=ORIENTED_EDGE('',*,*,#6178,.F.);
#5518=CARTESIAN_POINT('',(-0.0858060249905689,0.0296565775653698,-0.05074));
#5519=CARTESIAN_POINT('',(-0.0807871708296159,0.0301747489730769,-0.05074));
#5520=CARTESIAN_POINT('',(-0.075768316668663,0.0306929203807839,-0.05074));
#5521=CARTESIAN_POINT('',(-0.07074946250771,0.031211091788491,-0.05074));
#5522=CARTESIAN_POINT('',(-0.06578273280516,0.031723881608465,-0.05074));
#5523=CARTESIAN_POINT('',(-0.0603085641768,0.031282240251084,-0.05074));
#5524=CARTESIAN_POINT('',(-0.05598385719501,0.032366703887432,-0.05074));
#5525=CARTESIAN_POINT('',(-0.0510898480800591,0.0335939257416449,-0.05074));
#5526=CARTESIAN_POINT('',(-0.0461958389651083,0.0348211475958578,-0.05074));
#5527=CARTESIAN_POINT('',(-0.0413018298501574,0.0360483694500708,-0.05074));
#5528=DIRECTION('',(0.0,0.0,1.0));
#5529=ORIENTED_EDGE('',*,*,#6210,.F.);
#5530=ORIENTED_EDGE('',*,*,#6095,.T.);
#5531=ORIENTED_EDGE('',*,*,#6212,.T.);
#5532=ORIENTED_EDGE('',*,*,#6165,.F.);
#5533=CARTESIAN_POINT('',(0.0194121793696821,-0.0287360882956025,-0.05074));
#5534=CARTESIAN_POINT('',(0.0186147791342058,-0.027559323395645,-0.05074));
#5535=CARTESIAN_POINT('',(0.0178173788987294,-0.0263825584956875,-0.05074));
#5536=CARTESIAN_POINT('',(0.017019978663253,-0.02520579359573,-0.05074));
#5537=CARTESIAN_POINT('',(0.016199069043527,-0.02399433467767,-0.05074));
#5538=CARTESIAN_POINT('',(0.016993550471752,-0.02326236969137,-0.05074));
#5539=CARTESIAN_POINT('',(0.016187721307516,-0.02233808476564,-0.05074));
#5540=CARTESIAN_POINT('',(0.0152535848826441,-0.0212666315911908,-0.05074));
#5541=CARTESIAN_POINT('',(0.0143194484577722,-0.0201951784167416,-0.05074));
#5542=CARTESIAN_POINT('',(0.0133853120329003,-0.0191237252422924,-0.05074));
#5543=DIRECTION('',(0.0,0.0,1.0));
#5544=ORIENTED_EDGE('',*,*,#6213,.F.);
#5545=ORIENTED_EDGE('',*,*,#6083,.T.);
#5546=ORIENTED_EDGE('',*,*,#6211,.T.);
#5547=ORIENTED_EDGE('',*,*,#6177,.F.);
#5548=CARTESIAN_POINT('',(-0.114036645540202,0.0154097004742044,-0.05074));
#5549=CARTESIAN_POINT('',(-0.107346541203251,0.0196790119185763,-0.05074));
#5550=CARTESIAN_POINT('',(-0.100656436866301,0.0239483233629481,-0.05074));
#5551=CARTESIAN_POINT('',(-0.09396633252935,0.02821763480732,-0.05074));
#5552=CARTESIAN_POINT('',(-0.0873886075242,0.032415231022272,-0.05074));
#5553=CARTESIAN_POINT('',(-0.07842284655088,0.030418853543664,-0.05074));
#5554=CARTESIAN_POINT('',(-0.07074946250771,0.031211091788491,-0.05074));
#5555=CARTESIAN_POINT('',(-0.0628551473025182,0.0320261400627709,-0.05074));
#5556=CARTESIAN_POINT('',(-0.0549608320973263,0.0328411883370507,-0.05074));
#5557=CARTESIAN_POINT('',(-0.0470665168921345,0.0336562366113306,-0.05074));
#5558=DIRECTION('',(0.0,0.0,1.0));
#5559=ORIENTED_EDGE('',*,*,#6212,.F.);
#5560=ORIENTED_EDGE('',*,*,#6094,.T.);
#5561=ORIENTED_EDGE('',*,*,#6214,.T.);
#5562=ORIENTED_EDGE('',*,*,#6166,.F.);
#5563=CARTESIAN_POINT('',(0.0249501633181823,-0.0323885935118384,-0.05074));
#5564=CARTESIAN_POINT('',(0.0220293493146268,-0.0290384239297723,-0.05074));
#5565=CARTESIAN_POINT('',(0.0191085353110714,-0.0256882543477061,-0.05074));
#5566=CARTESIAN_POINT('',(0.016187721307516,-0.02233808476564,-0.05074));
#5567=CARTESIAN_POINT('',(0.014084195009501,-0.01992534304018,-0.05074));
#5568=CARTESIAN_POINT('',(0.007324283801078,-0.01864253763561,-0.05074));
#5569=CARTESIAN_POINT('',(0.003763147165657,-0.02093692734461,-0.05074));
#5570=CARTESIAN_POINT('',(2.68448379952442E-05,-0.0233441738189611,-0.05074));
#5571=CARTESIAN_POINT('',(-0.00370945748966652,-0.0257514202933123,-0.05074));
#5572=CARTESIAN_POINT('',(-0.00744575981732827,-0.0281586667676634,-0.05074));
#5573=DIRECTION('',(0.0,0.0,1.0));
#5574=ORIENTED_EDGE('',*,*,#6215,.F.);
#5575=ORIENTED_EDGE('',*,*,#6084,.T.);
#5576=ORIENTED_EDGE('',*,*,#6213,.T.);
#5577=ORIENTED_EDGE('',*,*,#6176,.F.);
#5578=CARTESIAN_POINT('',(-0.11463268004519,-0.0119188428243115,-0.05074));
#5579=CARTESIAN_POINT('',(-0.11175479638336,-0.00489469313162665,-0.05074));
#5580=CARTESIAN_POINT('',(-0.10887691272153,0.00212945656105817,-0.05074));
#5581=CARTESIAN_POINT('',(-0.1059990290597,0.009153606253743,-0.05074));
#5582=CARTESIAN_POINT('',(-0.1031522568746,0.016101821094505,-0.05074));
#5583=CARTESIAN_POINT('',(-0.1003010139929,0.024175137604438,-0.05074));
#5584=CARTESIAN_POINT('',(-0.09396633252935,0.02821763480732,-0.05074));
#5585=CARTESIAN_POINT('',(-0.0875674227747621,0.0323011194992116,-0.05074));
#5586=CARTESIAN_POINT('',(-0.0811685130201743,0.0363846041911032,-0.05074));
#5587=CARTESIAN_POINT('',(-0.0747696032655864,0.0404680888829947,-0.05074));
#5588=DIRECTION('',(0.0,0.0,1.0));
#5589=ORIENTED_EDGE('',*,*,#6214,.F.);
#5590=ORIENTED_EDGE('',*,*,#6093,.T.);
#5591=ORIENTED_EDGE('',*,*,#6216,.T.);
#5592=ORIENTED_EDGE('',*,*,#6167,.F.);
#5593=CARTESIAN_POINT('',(0.0216420839905825,-0.00941778251570486,-0.05074));
#5594=CARTESIAN_POINT('',(0.015682438382274,-0.0132574974586732,-0.05074));
#5595=CARTESIAN_POINT('',(0.00972279277396551,-0.0170972124016416,-0.05074));
#5596=CARTESIAN_POINT('',(0.003763147165657,-0.02093692734461,-0.05074));
#5597=CARTESIAN_POINT('',(-0.002032329674895,-0.02467087068434,-0.05074));
#5598=CARTESIAN_POINT('',(0.000674306182484,-0.03470989606777,-0.05074));
#5599=CARTESIAN_POINT('',(-0.002173483116529,-0.04110962986954,-0.05074));
#5600=CARTESIAN_POINT('',(-0.00505572197678936,-0.0475867809232279,-0.05074));
#5601=CARTESIAN_POINT('',(-0.00793796083704971,-0.0540639319769159,-0.05074));
#5602=CARTESIAN_POINT('',(-0.0108201996973101,-0.0605410830306038,-0.05074));
#5603=DIRECTION('',(0.0,0.0,1.0));
#5604=ORIENTED_EDGE('',*,*,#6217,.F.);
#5605=ORIENTED_EDGE('',*,*,#6085,.T.);
#5606=ORIENTED_EDGE('',*,*,#6215,.T.);
#5607=ORIENTED_EDGE('',*,*,#6175,.F.);
#5608=CARTESIAN_POINT('',(-0.11067599070043,-0.0281713761456833,-0.05074));
#5609=CARTESIAN_POINT('',(-0.110450235434554,-0.0218364448960095,-0.05074));
#5610=CARTESIAN_POINT('',(-0.110224480168677,-0.0155015136463358,-0.05074));
#5611=CARTESIAN_POINT('',(-0.1099987249028,-0.009166582396662,-0.05074));
#5612=CARTESIAN_POINT('',(-0.1097760544999,-0.002918215660984,-0.05074));
#5613=CARTESIAN_POINT('',(-0.108370616682,0.003365190728442,-0.05074));
#5614=CARTESIAN_POINT('',(-0.1059990290597,0.009153606253743,-0.05074));
#5615=CARTESIAN_POINT('',(-0.103595769154874,0.0150193254089719,-0.05074));
#5616=CARTESIAN_POINT('',(-0.101192509250048,0.0208850445642009,-0.05074));
#5617=CARTESIAN_POINT('',(-0.0987892493452216,0.0267507637194298,-0.05074));
#5618=DIRECTION('',(0.0,0.0,1.0));
#5619=ORIENTED_EDGE('',*,*,#6216,.F.);
#5620=ORIENTED_EDGE('',*,*,#6092,.T.);
#5621=ORIENTED_EDGE('',*,*,#6218,.T.);
#5622=ORIENTED_EDGE('',*,*,#6168,.F.);
#5623=CARTESIAN_POINT('',(0.00512166984851291,-0.0247154966955738,-0.05074));
#5624=CARTESIAN_POINT('',(0.00268995219349894,-0.0301802077535625,-0.05074));
#5625=CARTESIAN_POINT('',(0.000258234538484968,-0.0356449188115513,-0.05074));
#5626=CARTESIAN_POINT('',(-0.002173483116529,-0.04110962986954,-0.05074));
#5627=CARTESIAN_POINT('',(-0.004568363751858,-0.04649155842669,-0.05074));
#5628=CARTESIAN_POINT('',(-0.007218363652431,-0.05195361677901,-0.05074));
#5629=CARTESIAN_POINT('',(-0.01141895534881,-0.05615672924606,-0.05074));
#5630=CARTESIAN_POINT('',(-0.0156471260414467,-0.0603874372594945,-0.05074));
#5631=CARTESIAN_POINT('',(-0.0198752967340835,-0.064618145272929,-0.05074));
#5632=CARTESIAN_POINT('',(-0.0241034674267202,-0.0688488532863634,-0.05074));
#5633=DIRECTION('',(0.0,0.0,1.0));
#5634=ORIENTED_EDGE('',*,*,#6219,.F.);
#5635=ORIENTED_EDGE('',*,*,#6086,.T.);
#5636=ORIENTED_EDGE('',*,*,#6217,.T.);
#5637=ORIENTED_EDGE('',*,*,#6174,.F.);
#5638=CARTESIAN_POINT('',(-0.100300290293325,-0.0509423801109655,-0.05074));
#5639=CARTESIAN_POINT('',(-0.102511629133716,-0.044071105479577,-0.05074));
#5640=CARTESIAN_POINT('',(-0.104722967974108,-0.0371998308481885,-0.05074));
#5641=CARTESIAN_POINT('',(-0.1069343068145,-0.0303285562168,-0.05074));
#5642=CARTESIAN_POINT('',(-0.1091174339197,-0.02354494367355,-0.05074));
#5643=CARTESIAN_POINT('',(-0.1102524943206,-0.01628762034514,-0.05074));
#5644=CARTESIAN_POINT('',(-0.1099987249028,-0.009166582396662,-0.05074));
#5645=CARTESIAN_POINT('',(-0.109741651153199,-0.00195282140711886,-0.05074));
#5646=CARTESIAN_POINT('',(-0.109484577403598,0.00526093958242428,-0.05074));
#5647=CARTESIAN_POINT('',(-0.109227503653998,0.0124747005719674,-0.05074));
#5648=DIRECTION('',(0.0,0.0,1.0));
#5649=ORIENTED_EDGE('',*,*,#6218,.F.);
#5650=ORIENTED_EDGE('',*,*,#6091,.T.);
#5651=ORIENTED_EDGE('',*,*,#6220,.T.);
#5652=ORIENTED_EDGE('',*,*,#6169,.F.);
#5653=CARTESIAN_POINT('',(0.0078891422215972,-0.036837044906613,-0.05074));
#5654=CARTESIAN_POINT('',(0.00145310969812813,-0.0432769396864287,-0.05074));
#5655=CARTESIAN_POINT('',(-0.00498292282534094,-0.0497168344662444,-0.05074));
#5656=CARTESIAN_POINT('',(-0.01141895534881,-0.05615672924606,-0.05074));
#5657=CARTESIAN_POINT('',(-0.01774883150124,-0.06249040395051,-0.05074));
#5658=CARTESIAN_POINT('',(-0.02600397703881,-0.06744851334876,-0.05074));
#5659=CARTESIAN_POINT('',(-0.03458063782301,-0.0702626639914,-0.05074));
#5660=CARTESIAN_POINT('',(-0.0432315143761503,-0.0731011661105776,-0.05074));
#5661=CARTESIAN_POINT('',(-0.0518823909292906,-0.0759396682297552,-0.05074));
#5662=CARTESIAN_POINT('',(-0.0605332674824309,-0.0787781703489328,-0.05074));
#5663=DIRECTION('',(0.0,0.0,1.0));
#5664=ORIENTED_EDGE('',*,*,#6221,.F.);
#5665=ORIENTED_EDGE('',*,*,#6087,.T.);
#5666=ORIENTED_EDGE('',*,*,#6219,.T.);
#5667=ORIENTED_EDGE('',*,*,#6173,.F.);
#5668=CARTESIAN_POINT('',(-0.0865552075970226,-0.0627488303476181,-0.05074));
#5669=CARTESIAN_POINT('',(-0.0904180458635884,-0.057586397049682,-0.05074));
#5670=CARTESIAN_POINT('',(-0.0942808841301542,-0.052423963751746,-0.05074));
#5671=CARTESIAN_POINT('',(-0.09814372239672,-0.04726153045381,-0.05074));
#5672=CARTESIAN_POINT('',(-0.101954703845,-0.04216840043677,-0.05074));
#5673=CARTESIAN_POINT('',(-0.1049856850303,-0.03638349234303,-0.05074));
#5674=CARTESIAN_POINT('',(-0.1069343068145,-0.0303285562168,-0.05074));
#5675=CARTESIAN_POINT('',(-0.108909545796351,-0.0241909126955568,-0.05074));
#5676=CARTESIAN_POINT('',(-0.110884784778202,-0.0180532691743135,-0.05074));
#5677=CARTESIAN_POINT('',(-0.112860023760054,-0.0119156256530703,-0.05074));
#5678=DIRECTION('',(0.0,0.0,1.0));
#5679=ORIENTED_EDGE('',*,*,#6220,.F.);
#5680=ORIENTED_EDGE('',*,*,#6090,.T.);
#5681=ORIENTED_EDGE('',*,*,#6222,.T.);
#5682=ORIENTED_EDGE('',*,*,#6170,.F.);
#5683=CARTESIAN_POINT('',(-0.0137336922125539,-0.0634224208172089,-0.05074));
#5684=CARTESIAN_POINT('',(-0.0206826740827059,-0.0657025018752726,-0.05074));
#5685=CARTESIAN_POINT('',(-0.027631655952858,-0.0679825829333363,-0.05074));
#5686=CARTESIAN_POINT('',(-0.03458063782301,-0.0702626639914,-0.05074));
#5687=CARTESIAN_POINT('',(-0.0414324054981,-0.07251084739181,-0.05074));
#5688=CARTESIAN_POINT('',(-0.04894770731082,-0.07312938682126,-0.05074));
#5689=CARTESIAN_POINT('',(-0.05609968374596,-0.0721558361977,-0.05074));
#5690=CARTESIAN_POINT('',(-0.0633463420583958,-0.0711693971646888,-0.05074));
#5691=CARTESIAN_POINT('',(-0.0705930003708316,-0.0701829581316777,-0.05074));
#5692=CARTESIAN_POINT('',(-0.0778396586832674,-0.0691965190986665,-0.05074));
#5693=DIRECTION('',(0.0,0.0,1.0));
#5694=ORIENTED_EDGE('',*,*,#6223,.F.);
#5695=ORIENTED_EDGE('',*,*,#6088,.T.);
#5696=ORIENTED_EDGE('',*,*,#6221,.T.);
#5697=ORIENTED_EDGE('',*,*,#6172,.F.);
#5698=CARTESIAN_POINT('',(-0.0640974282779548,-0.0738565770084506,-0.05074));
#5699=CARTESIAN_POINT('',(-0.0702528771854299,-0.0699751040521104,-0.05074));
#5700=CARTESIAN_POINT('',(-0.0764083260929049,-0.0660936310957702,-0.05074));
#5701=CARTESIAN_POINT('',(-0.08256377500038,-0.06221215813943,-0.05074));
#5702=CARTESIAN_POINT('',(-0.08866669149385,-0.05836381081655,-0.05074));
#5703=CARTESIAN_POINT('',(-0.09383257170284,-0.05302310429101,-0.05074));
#5704=CARTESIAN_POINT('',(-0.09814372239672,-0.04726153045381,-0.05074));
#5705=CARTESIAN_POINT('',(-0.102503455333954,-0.041435029593145,-0.05074));
#5706=CARTESIAN_POINT('',(-0.106863188271189,-0.0356085287324799,-0.05074));
#5707=CARTESIAN_POINT('',(-0.111222921208423,-0.0297820278718149,-0.05074));
#5708=DIRECTION('',(0.0,0.0,1.0));
#5709=ORIENTED_EDGE('',*,*,#6222,.F.);
#5710=ORIENTED_EDGE('',*,*,#6089,.T.);
#5711=ORIENTED_EDGE('',*,*,#6223,.T.);
#5712=ORIENTED_EDGE('',*,*,#6171,.F.);
#5713=CARTESIAN_POINT('',(-0.027902696719801,-0.0759941030810626,-0.05074));
#5714=CARTESIAN_POINT('',(-0.0373016923951873,-0.0747146807866084,-0.05074));
#5715=CARTESIAN_POINT('',(-0.0467006880705737,-0.0734352584921542,-0.05074));
#5716=CARTESIAN_POINT('',(-0.05609968374596,-0.0721558361977,-0.05074));
#5717=CARTESIAN_POINT('',(-0.06541477313054,-0.07088783550432,-0.05074));
#5718=CARTESIAN_POINT('',(-0.07461182530704,-0.06722645980106,-0.05074));
#5719=CARTESIAN_POINT('',(-0.08256377500038,-0.06221215813943,-0.05074));
#5720=CARTESIAN_POINT('',(-0.090587442788316,-0.0571526328314277,-0.05074));
#5721=CARTESIAN_POINT('',(-0.098611110576252,-0.0520931075234255,-0.05074));
#5722=CARTESIAN_POINT('',(-0.106634778364188,-0.0470335822154232,-0.05074));
#5723=DIRECTION('',(0.0,0.0,1.0));
#5724=ORIENTED_EDGE('',*,*,#5798,.T.);
#5725=ORIENTED_EDGE('',*,*,#6071,.T.);
#5726=ORIENTED_EDGE('',*,*,#5800,.T.);
#5727=ORIENTED_EDGE('',*,*,#6121,.T.);
#5728=CARTESIAN_POINT('',(-0.04604754105515,-0.0631394391584,-0.04774));
#5729=DIRECTION('',(0.0,0.0,1.0));
#5730=DIRECTION('',(-0.0888888004728294,0.996041555935545,0.0));
#5731=ORIENTED_EDGE('',*,*,#5794,.T.);
#5732=ORIENTED_EDGE('',*,*,#6070,.T.);
#5733=ORIENTED_EDGE('',*,*,#5796,.T.);
#5734=ORIENTED_EDGE('',*,*,#6118,.T.);
#5735=CARTESIAN_POINT('',(0.009932869631103,-0.01396024709332,-0.04774));
#5736=DIRECTION('',(0.0,-0.0,1.0));
#5737=DIRECTION('',(0.0669822724616162,0.997754165702092,0.0));
#5738=ORIENTED_EDGE('',*,*,#5790,.T.);
#5739=ORIENTED_EDGE('',*,*,#6069,.T.);
#5740=ORIENTED_EDGE('',*,*,#5792,.T.);
#5741=ORIENTED_EDGE('',*,*,#6115,.T.);
#5742=CARTESIAN_POINT('',(0.050184074766201,-0.006452591371411,-0.04774));
#5743=DIRECTION('',(0.0,0.0,1.0));
#5744=DIRECTION('',(-0.106143218334023,0.994350852165218,0.0));
#5745=ORIENTED_EDGE('',*,*,#5786,.T.);
#5746=ORIENTED_EDGE('',*,*,#6068,.T.);
#5747=ORIENTED_EDGE('',*,*,#5788,.T.);
#5748=ORIENTED_EDGE('',*,*,#6112,.T.);
#5749=CARTESIAN_POINT('',(0.056237867230073,0.0501747296269,-0.04774));
#5750=DIRECTION('',(0.0,0.0,1.0));
#5751=DIRECTION('',(-0.999899543693476,-0.0141740086629967,0.0));
#5752=ORIENTED_EDGE('',*,*,#5782,.T.);
#5753=ORIENTED_EDGE('',*,*,#6067,.T.);
#5754=ORIENTED_EDGE('',*,*,#5784,.T.);
#5755=ORIENTED_EDGE('',*,*,#6124,.T.);
#5756=CARTESIAN_POINT('',(-0.1000571106997,-0.001746285240856,-0.04774));
#5757=DIRECTION('',(0.0,0.0,1.0));
#5758=DIRECTION('',(0.976746146746315,-0.214399078394069,0.0));
#5759=ORIENTED_EDGE('',*,*,#5778,.T.);
#5760=ORIENTED_EDGE('',*,*,#6066,.T.);
#5761=ORIENTED_EDGE('',*,*,#5780,.T.);
#5762=ORIENTED_EDGE('',*,*,#6127,.T.);
#5763=CARTESIAN_POINT('',(-0.07997983813098,0.022105911060252,-0.04774));
#5764=DIRECTION('',(0.0,0.0,1.0));
#5765=DIRECTION('',(0.103685660897967,-0.994610116439679,0.0));
#5766=ORIENTED_EDGE('',*,*,#5774,.T.);
#5767=ORIENTED_EDGE('',*,*,#6065,.T.);
#5768=ORIENTED_EDGE('',*,*,#5776,.T.);
#5769=ORIENTED_EDGE('',*,*,#6109,.T.);
#5770=CARTESIAN_POINT('',(0.014275642276029,0.07433398039586,-0.04774));
#5771=DIRECTION('',(0.0,0.0,1.0));
#5772=DIRECTION('',(-0.960373416266418,-0.278716525037122,0.0));
#5773=COLOUR_RGB('',0.752941191196442,0.752941191196442,0.752941191196442);
#5774=EDGE_CURVE('',#6224,#6225,#6226,.T.);
#5775=EDGE_CURVE('0:1157',#6224,#6227,#6228,.T.);
#5776=EDGE_CURVE('',#6229,#6227,#6230,.T.);
#5777=EDGE_CURVE('0:1025',#6229,#6225,#6231,.T.);
#5778=EDGE_CURVE('',#6232,#6233,#6234,.T.);
#5779=EDGE_CURVE('0:1211',#6232,#6235,#6236,.T.);
#5780=EDGE_CURVE('',#6237,#6235,#6238,.T.);
#5781=EDGE_CURVE('0:1028',#6237,#6233,#6239,.T.);
#5782=EDGE_CURVE('',#6240,#6241,#6242,.T.);
#5783=EDGE_CURVE('0:1202',#6240,#6243,#6244,.T.);
#5784=EDGE_CURVE('',#6245,#6243,#6246,.T.);
#5785=EDGE_CURVE('0:1031',#6245,#6241,#6247,.T.);
#5786=EDGE_CURVE('',#6248,#6249,#6250,.T.);
#5787=EDGE_CURVE('0:1166',#6248,#6251,#6252,.T.);
#5788=EDGE_CURVE('',#6253,#6251,#6254,.T.);
#5789=EDGE_CURVE('0:1034',#6253,#6249,#6255,.T.);
#5790=EDGE_CURVE('',#6256,#6257,#6258,.T.);
#5791=EDGE_CURVE('0:1175',#6256,#6259,#6260,.T.);
#5792=EDGE_CURVE('',#6261,#6259,#6262,.T.);
#5793=EDGE_CURVE('0:1037',#6261,#6257,#6263,.T.);
#5794=EDGE_CURVE('',#6264,#6265,#6266,.T.);
#5795=EDGE_CURVE('0:1184',#6264,#6267,#6268,.T.);
#5796=EDGE_CURVE('',#6269,#6267,#6270,.T.);
#5797=EDGE_CURVE('0:1040',#6269,#6265,#6271,.T.);
#5798=EDGE_CURVE('',#6272,#6273,#6274,.T.);
#5799=EDGE_CURVE('0:1193',#6272,#6275,#6276,.T.);
#5800=EDGE_CURVE('',#6277,#6275,#6278,.T.);
#5801=EDGE_CURVE('0:1043',#6277,#6273,#6279,.T.);
#5802=EDGE_CURVE('',#6280,#6281,#6282,.T.);
#5803=EDGE_CURVE('0:794',#6280,#6283,#6284,.F.);
#5804=EDGE_CURVE('0:1307',#6283,#6285,#6286,.T.);
#5805=EDGE_CURVE('0:968',#6281,#6285,#6287,.F.);
#5806=EDGE_CURVE('',#6288,#6289,#6290,.T.);
#5807=EDGE_CURVE('0:776',#6288,#6291,#6292,.F.);
#5808=EDGE_CURVE('0:1295',#6291,#6293,#6294,.T.);
#5809=EDGE_CURVE('0:986',#6289,#6293,#6295,.F.);
#5810=EDGE_CURVE('',#6296,#6297,#6298,.T.);
#5811=EDGE_CURVE('0:755',#6296,#6299,#6300,.F.);
#5812=EDGE_CURVE('0:1280',#6299,#6301,#6302,.T.);
#5813=EDGE_CURVE('0:1007',#6297,#6301,#6303,.F.);
#5814=EDGE_CURVE('',#6304,#6305,#6306,.T.);
#5815=EDGE_CURVE('0:737',#6304,#6307,#6308,.F.);
#5816=EDGE_CURVE('0:1274',#6307,#6309,#6310,.T.);
#5817=EDGE_CURVE('0:1019',#6305,#6309,#6311,.F.);
#5818=EDGE_CURVE('',#6312,#6313,#6314,.T.);
#5819=EDGE_CURVE('0:830',#6312,#6315,#6316,.F.);
#5820=EDGE_CURVE('0:1241',#6315,#6317,#6318,.T.);
#5821=EDGE_CURVE('0:932',#6313,#6317,#6319,.F.);
#5822=EDGE_CURVE('',#6320,#6321,#6322,.T.);
#5823=EDGE_CURVE('0:812',#6320,#6323,#6324,.F.);
#5824=EDGE_CURVE('0:1229',#6323,#6325,#6326,.T.);
#5825=EDGE_CURVE('0:950',#6321,#6325,#6327,.F.);
#5826=EDGE_CURVE('',#6328,#6329,#6330,.T.);
#5827=EDGE_CURVE('0:1214',#6331,#6328,#6332,.T.);
#5828=EDGE_CURVE('',#6333,#6331,#6334,.T.);
#5829=EDGE_CURVE('0:1217',#6329,#6333,#6335,.T.);
#5830=EDGE_CURVE('',#6336,#6337,#6338,.T.);
#5831=EDGE_CURVE('0:1205',#6339,#6336,#6340,.T.);
#5832=EDGE_CURVE('',#6341,#6339,#6342,.T.);
#5833=EDGE_CURVE('0:1208',#6337,#6341,#6343,.T.);
#5834=EDGE_CURVE('',#6344,#6345,#6346,.T.);
#5835=EDGE_CURVE('0:1196',#6347,#6344,#6348,.T.);
#5836=EDGE_CURVE('',#6349,#6347,#6350,.T.);
#5837=EDGE_CURVE('0:1199',#6345,#6349,#6351,.T.);
#5838=EDGE_CURVE('',#6352,#6353,#6354,.T.);
#5839=EDGE_CURVE('0:1187',#6355,#6352,#6356,.T.);
#5840=EDGE_CURVE('',#6357,#6355,#6358,.T.);
#5841=EDGE_CURVE('0:1190',#6353,#6357,#6359,.T.);
#5842=EDGE_CURVE('',#6360,#6361,#6362,.T.);
#5843=EDGE_CURVE('0:1178',#6363,#6360,#6364,.T.);
#5844=EDGE_CURVE('',#6365,#6363,#6366,.T.);
#5845=EDGE_CURVE('0:1181',#6361,#6365,#6367,.T.);
#5846=EDGE_CURVE('',#6368,#6369,#6370,.T.);
#5847=EDGE_CURVE('0:1169',#6371,#6368,#6372,.T.);
#5848=EDGE_CURVE('',#6373,#6371,#6374,.T.);
#5849=EDGE_CURVE('0:1172',#6369,#6373,#6375,.T.);
#5850=EDGE_CURVE('',#6376,#6377,#6378,.T.);
#5851=EDGE_CURVE('0:1160',#6379,#6376,#6380,.T.);
#5852=EDGE_CURVE('',#6381,#6379,#6382,.T.);
#5853=EDGE_CURVE('0:1163',#6377,#6381,#6383,.T.);
#5854=EDGE_CURVE('',#6384,#6385,#6386,.T.);
#5855=EDGE_CURVE('0:1151',#6387,#6384,#6388,.T.);
#5856=EDGE_CURVE('',#6389,#6387,#6390,.T.);
#5857=EDGE_CURVE('0:1154',#6385,#6389,#6391,.T.);
#5858=EDGE_CURVE('',#6392,#6393,#6394,.T.);
#5859=EDGE_CURVE('0:722',#6392,#6395,#6396,.T.);
#5860=EDGE_CURVE('0:884',#6395,#6397,#6398,.T.);
#5861=EDGE_CURVE('0:887',#6397,#6393,#6399,.T.);
#5862=EDGE_CURVE('',#6400,#6401,#6402,.T.);
#5863=EDGE_CURVE('0:875',#6400,#6403,#6404,.F.);
#5864=EDGE_CURVE('',#6405,#6403,#6406,.T.);
#5865=EDGE_CURVE('0:878',#6405,#6401,#6407,.T.);
#5866=EDGE_CURVE('',#6408,#6409,#6410,.T.);
#5867=EDGE_CURVE('0:446',#6408,#6411,#6412,.F.);
#5868=EDGE_CURVE('0:449',#6411,#6413,#6414,.T.);
#5869=EDGE_CURVE('0:452',#6409,#6413,#6415,.F.);
#5870=EDGE_CURVE('0:434',#6416,#6417,#6418,.T.);
#5871=EDGE_CURVE('0:437',#6416,#6419,#6420,.T.);
#5872=EDGE_CURVE('0:440',#6419,#6421,#6422,.T.);
#5873=EDGE_CURVE('0:443',#6421,#6417,#6423,.T.);
#5874=EDGE_CURVE('0:452',#6419,#6409,#6424,.F.);
#5875=EDGE_CURVE('0:446',#6416,#6408,#6425,.F.);
#5876=EDGE_CURVE('0:455',#6426,#6427,#6428,.T.);
#5877=EDGE_CURVE('0:458',#6426,#6429,#6430,.T.);
#5878=EDGE_CURVE('0:461',#6429,#6431,#6432,.T.);
#5879=EDGE_CURVE('0:464',#6431,#6427,#6433,.T.);
#5880=EDGE_CURVE('0:467',#6434,#6426,#6435,.F.);
#5881=EDGE_CURVE('0:470',#6434,#6436,#6437,.T.);
#5882=EDGE_CURVE('0:473',#6436,#6429,#6438,.F.);
#5883=EDGE_CURVE('0:476',#6439,#6440,#6441,.T.);
#5884=EDGE_CURVE('0:479',#6439,#6442,#6443,.T.);
#5885=EDGE_CURVE('0:482',#6442,#6444,#6445,.T.);
#5886=EDGE_CURVE('0:485',#6444,#6440,#6446,.T.);
#5887=EDGE_CURVE('0:488',#6439,#6447,#6448,.F.);
#5888=EDGE_CURVE('0:491',#6447,#6449,#6450,.T.);
#5889=EDGE_CURVE('0:494',#6442,#6449,#6451,.F.);
#5890=EDGE_CURVE('0:497',#6452,#6453,#6454,.T.);
#5891=EDGE_CURVE('0:500',#6452,#6455,#6456,.T.);
#5892=EDGE_CURVE('0:503',#6455,#6457,#6458,.T.);
#5893=EDGE_CURVE('0:506',#6457,#6453,#6459,.T.);
#5894=EDGE_CURVE('0:509',#6452,#6460,#6461,.F.);
#5895=EDGE_CURVE('0:512',#6460,#6462,#6463,.T.);
#5896=EDGE_CURVE('0:515',#6455,#6462,#6464,.F.);
#5897=EDGE_CURVE('0:518',#6465,#6466,#6467,.T.);
#5898=EDGE_CURVE('0:521',#6465,#6468,#6469,.T.);
#5899=EDGE_CURVE('0:524',#6468,#6470,#6471,.T.);
#5900=EDGE_CURVE('0:527',#6470,#6466,#6472,.T.);
#5901=EDGE_CURVE('0:530',#6473,#6465,#6474,.F.);
#5902=EDGE_CURVE('0:533',#6473,#6475,#6476,.T.);
#5903=EDGE_CURVE('0:536',#6475,#6468,#6477,.F.);
#5904=EDGE_CURVE('0:539',#6478,#6479,#6480,.T.);
#5905=EDGE_CURVE('0:542',#6478,#6481,#6482,.T.);
#5906=EDGE_CURVE('0:545',#6481,#6483,#6484,.T.);
#5907=EDGE_CURVE('0:548',#6483,#6479,#6485,.T.);
#5908=EDGE_CURVE('0:551',#6478,#6486,#6487,.F.);
#5909=EDGE_CURVE('0:554',#6486,#6488,#6489,.T.);
#5910=EDGE_CURVE('0:557',#6481,#6488,#6490,.F.);
#5911=EDGE_CURVE('0:560',#6491,#6492,#6493,.T.);
#5912=EDGE_CURVE('0:563',#6491,#6494,#6495,.T.);
#5913=EDGE_CURVE('0:566',#6494,#6496,#6497,.T.);
#5914=EDGE_CURVE('0:569',#6496,#6492,#6498,.T.);
#5915=EDGE_CURVE('0:572',#6499,#6491,#6500,.F.);
#5916=EDGE_CURVE('0:575',#6499,#6501,#6502,.T.);
#5917=EDGE_CURVE('0:578',#6501,#6494,#6503,.F.);
#5918=EDGE_CURVE('0:581',#6504,#6505,#6506,.T.);
#5919=EDGE_CURVE('0:584',#6504,#6507,#6508,.T.);
#5920=EDGE_CURVE('0:587',#6507,#6509,#6510,.T.);
#5921=EDGE_CURVE('0:590',#6509,#6505,#6511,.T.);
#5922=EDGE_CURVE('0:593',#6504,#6512,#6513,.F.);
#5923=EDGE_CURVE('0:596',#6512,#6514,#6515,.T.);
#5924=EDGE_CURVE('0:599',#6507,#6514,#6516,.F.);
#5925=EDGE_CURVE('0:602',#6517,#6518,#6519,.T.);
#5926=EDGE_CURVE('0:605',#6517,#6520,#6521,.T.);
#5927=EDGE_CURVE('0:608',#6520,#6522,#6523,.T.);
#5928=EDGE_CURVE('0:611',#6522,#6518,#6524,.T.);
#5929=EDGE_CURVE('0:614',#6525,#6517,#6526,.F.);
#5930=EDGE_CURVE('0:617',#6525,#6527,#6528,.T.);
#5931=EDGE_CURVE('0:620',#6527,#6520,#6529,.F.);
#5932=EDGE_CURVE('0:623',#6530,#6531,#6532,.T.);
#5933=EDGE_CURVE('0:626',#6530,#6533,#6534,.T.);
#5934=EDGE_CURVE('0:629',#6533,#6535,#6536,.T.);
#5935=EDGE_CURVE('0:632',#6535,#6531,#6537,.T.);
#5936=EDGE_CURVE('0:635',#6530,#6538,#6539,.F.);
#5937=EDGE_CURVE('0:638',#6538,#6540,#6541,.T.);
#5938=EDGE_CURVE('0:641',#6533,#6540,#6542,.F.);
#5939=EDGE_CURVE('0:644',#6543,#6544,#6545,.T.);
#5940=EDGE_CURVE('0:647',#6543,#6546,#6547,.T.);
#5941=EDGE_CURVE('0:650',#6546,#6548,#6549,.T.);
#5942=EDGE_CURVE('0:653',#6548,#6544,#6550,.T.);
#5943=EDGE_CURVE('0:656',#6551,#6543,#6552,.F.);
#5944=EDGE_CURVE('0:659',#6551,#6553,#6554,.T.);
#5945=EDGE_CURVE('0:662',#6553,#6546,#6555,.F.);
#5946=EDGE_CURVE('0:665',#6556,#6557,#6558,.T.);
#5947=EDGE_CURVE('0:668',#6556,#6559,#6560,.T.);
#5948=EDGE_CURVE('0:671',#6559,#6561,#6562,.T.);
#5949=EDGE_CURVE('0:674',#6561,#6557,#6563,.T.);
#5950=EDGE_CURVE('0:677',#6564,#6556,#6565,.F.);
#5951=EDGE_CURVE('0:680',#6564,#6566,#6567,.T.);
#5952=EDGE_CURVE('0:683',#6566,#6559,#6568,.F.);
#5953=EDGE_CURVE('0:686',#6569,#6570,#6571,.T.);
#5954=EDGE_CURVE('0:689',#6569,#6572,#6573,.T.);
#5955=EDGE_CURVE('0:692',#6572,#6574,#6575,.T.);
#5956=EDGE_CURVE('0:695',#6574,#6570,#6576,.T.);
#5957=EDGE_CURVE('0:698',#6417,#6577,#6578,.F.);
#5958=EDGE_CURVE('0:701',#6577,#6579,#6580,.F.);
#5959=EDGE_CURVE('0:704',#6579,#6581,#6582,.F.);
#5960=EDGE_CURVE('0:707',#6581,#6583,#6584,.F.);
#5961=EDGE_CURVE('0:710',#6583,#6585,#6586,.F.);
#5962=EDGE_CURVE('0:713',#6585,#6587,#6588,.F.);
#5963=EDGE_CURVE('0:716',#6587,#6564,#6589,.F.);
#5964=EDGE_CURVE('0:719',#6395,#6557,#6590,.T.);
#5965=EDGE_CURVE('0:722',#6591,#6392,#6592,.T.);
#5966=EDGE_CURVE('0:725',#6569,#6591,#6593,.T.);
#5967=EDGE_CURVE('0:728',#6570,#6594,#6595,.F.);
#5968=EDGE_CURVE('0:731',#6594,#6596,#6597,.T.);
#5969=EDGE_CURVE('0:734',#6307,#6596,#6598,.F.);
#5970=EDGE_CURVE('0:737',#6599,#6304,#6600,.F.);
#5971=EDGE_CURVE('0:740',#6601,#6599,#6602,.F.);
#5972=EDGE_CURVE('0:743',#6601,#6603,#6604,.T.);
#5973=EDGE_CURVE('0:746',#6603,#6605,#6606,.F.);
#5974=EDGE_CURVE('0:749',#6605,#6551,#6607,.F.);
#5975=EDGE_CURVE('0:752',#6299,#6544,#6608,.F.);
#5976=EDGE_CURVE('0:755',#6538,#6296,#6609,.F.);
#5977=EDGE_CURVE('0:758',#6531,#6610,#6611,.F.);
#5978=EDGE_CURVE('0:761',#6610,#6612,#6613,.F.);
#5979=EDGE_CURVE('0:764',#6612,#6614,#6615,.F.);
#5980=EDGE_CURVE('0:767',#6614,#6616,#6617,.F.);
#5981=EDGE_CURVE('0:770',#6616,#6525,#6618,.F.);
#5982=EDGE_CURVE('0:773',#6291,#6518,#6619,.F.);
#5983=EDGE_CURVE('0:776',#6512,#6288,#6620,.F.);
#5984=EDGE_CURVE('0:779',#6505,#6621,#6622,.F.);
#5985=EDGE_CURVE('0:782',#6621,#6623,#6624,.F.);
#5986=EDGE_CURVE('0:785',#6623,#6625,#6626,.F.);
#5987=EDGE_CURVE('0:788',#6625,#6499,#6627,.F.);
#5988=EDGE_CURVE('0:791',#6283,#6492,#6628,.F.);
#5989=EDGE_CURVE('0:794',#6486,#6280,#6629,.F.);
#5990=EDGE_CURVE('0:797',#6479,#6630,#6631,.F.);
#5991=EDGE_CURVE('0:800',#6630,#6632,#6633,.F.);
#5992=EDGE_CURVE('0:803',#6632,#6634,#6635,.F.);
#5993=EDGE_CURVE('0:806',#6634,#6473,#6636,.F.);
#5994=EDGE_CURVE('0:809',#6323,#6466,#6637,.F.);
#5995=EDGE_CURVE('0:812',#6460,#6320,#6638,.F.);
#5996=EDGE_CURVE('0:815',#6453,#6639,#6640,.F.);
#5997=EDGE_CURVE('0:818',#6639,#6641,#6642,.F.);
#5998=EDGE_CURVE('0:821',#6641,#6643,#6644,.F.);
#5999=EDGE_CURVE('0:824',#6643,#6434,#6645,.F.);
#6000=EDGE_CURVE('0:827',#6315,#6427,#6646,.F.);
#6001=EDGE_CURVE('0:830',#6447,#6312,#6647,.F.);
#6002=EDGE_CURVE('0:833',#6440,#6648,#6649,.F.);
#6003=EDGE_CURVE('0:836',#6648,#6650,#6651,.F.);
#6004=EDGE_CURVE('0:839',#6650,#6652,#6653,.F.);
#6005=EDGE_CURVE('0:842',#6652,#6654,#6655,.F.);
#6006=EDGE_CURVE('0:845',#6411,#6654,#6656,.F.);
#6007=EDGE_CURVE('0:848',#6574,#6657,#6658,.F.);
#6008=EDGE_CURVE('0:851',#6594,#6657,#6659,.T.);
#6009=EDGE_CURVE('0:854',#6657,#6660,#6661,.T.);
#6010=EDGE_CURVE('0:857',#6660,#6596,#6662,.T.);
#6011=EDGE_CURVE('0:860',#6601,#6663,#6664,.T.);
#6012=EDGE_CURVE('0:863',#6663,#6665,#6666,.T.);
#6013=EDGE_CURVE('0:866',#6665,#6603,#6667,.T.);
#6014=EDGE_CURVE('0:869',#6599,#6668,#6669,.T.);
#6015=EDGE_CURVE('0:872',#6663,#6668,#6670,.F.);
#6016=EDGE_CURVE('0:878',#6401,#6405,#6671,.T.);
#6017=EDGE_CURVE('0:875',#6403,#6400,#6672,.F.);
#6018=EDGE_CURVE('0:881',#6561,#6397,#6673,.T.);
#6019=EDGE_CURVE('0:887',#6393,#6674,#6675,.T.);
#6020=EDGE_CURVE('0:890',#6591,#6674,#6676,.T.);
#6021=EDGE_CURVE('0:893',#6674,#6572,#6677,.T.);
#6022=EDGE_CURVE('0:896',#6678,#6566,#6679,.F.);
#6023=EDGE_CURVE('0:899',#6680,#6678,#6681,.F.);
#6024=EDGE_CURVE('0:902',#6682,#6680,#6683,.F.);
#6025=EDGE_CURVE('0:905',#6684,#6682,#6685,.F.);
#6026=EDGE_CURVE('0:908',#6686,#6684,#6687,.F.);
#6027=EDGE_CURVE('0:911',#6688,#6686,#6689,.F.);
#6028=EDGE_CURVE('0:914',#6421,#6688,#6690,.F.);
#6029=EDGE_CURVE('0:917',#6413,#6691,#6692,.F.);
#6030=EDGE_CURVE('0:920',#6693,#6691,#6694,.F.);
#6031=EDGE_CURVE('0:923',#6695,#6693,#6696,.F.);
#6032=EDGE_CURVE('0:926',#6697,#6695,#6698,.F.);
#6033=EDGE_CURVE('0:929',#6444,#6697,#6699,.F.);
#6034=EDGE_CURVE('0:932',#6449,#6313,#6700,.F.);
#6035=EDGE_CURVE('0:935',#6317,#6431,#6701,.F.);
#6036=EDGE_CURVE('0:938',#6702,#6436,#6703,.F.);
#6037=EDGE_CURVE('0:941',#6704,#6702,#6705,.F.);
#6038=EDGE_CURVE('0:944',#6706,#6704,#6707,.F.);
#6039=EDGE_CURVE('0:947',#6457,#6706,#6708,.F.);
#6040=EDGE_CURVE('0:950',#6462,#6321,#6709,.F.);
#6041=EDGE_CURVE('0:953',#6325,#6470,#6710,.F.);
#6042=EDGE_CURVE('0:956',#6711,#6475,#6712,.F.);
#6043=EDGE_CURVE('0:959',#6713,#6711,#6714,.F.);
#6044=EDGE_CURVE('0:962',#6715,#6713,#6716,.F.);
#6045=EDGE_CURVE('0:965',#6483,#6715,#6717,.F.);
#6046=EDGE_CURVE('0:968',#6488,#6281,#6718,.F.);
#6047=EDGE_CURVE('0:971',#6285,#6496,#6719,.F.);
#6048=EDGE_CURVE('0:974',#6720,#6501,#6721,.F.);
#6049=EDGE_CURVE('0:977',#6722,#6720,#6723,.F.);
#6050=EDGE_CURVE('0:980',#6724,#6722,#6725,.F.);
#6051=EDGE_CURVE('0:983',#6509,#6724,#6726,.F.);
#6052=EDGE_CURVE('0:986',#6514,#6289,#6727,.F.);
#6053=EDGE_CURVE('0:989',#6293,#6522,#6728,.F.);
#6054=EDGE_CURVE('0:992',#6729,#6527,#6730,.F.);
#6055=EDGE_CURVE('0:995',#6731,#6729,#6732,.F.);
#6056=EDGE_CURVE('0:998',#6733,#6731,#6734,.F.);
#6057=EDGE_CURVE('0:1001',#6735,#6733,#6736,.F.);
#6058=EDGE_CURVE('0:1004',#6535,#6735,#6737,.F.);
#6059=EDGE_CURVE('0:1007',#6540,#6297,#6738,.F.);
#6060=EDGE_CURVE('0:1010',#6301,#6548,#6739,.F.);
#6061=EDGE_CURVE('0:1013',#6740,#6553,#6741,.F.);
#6062=EDGE_CURVE('0:1016',#6665,#6740,#6742,.F.);
#6063=EDGE_CURVE('0:1019',#6668,#6305,#6743,.F.);
#6064=EDGE_CURVE('0:1022',#6309,#6660,#6744,.F.);
#6065=EDGE_CURVE('0:1025',#6225,#6229,#6745,.T.);
#6066=EDGE_CURVE('0:1028',#6233,#6237,#6746,.T.);
#6067=EDGE_CURVE('0:1031',#6241,#6245,#6747,.T.);
#6068=EDGE_CURVE('0:1034',#6249,#6253,#6748,.T.);
#6069=EDGE_CURVE('0:1037',#6257,#6261,#6749,.T.);
#6070=EDGE_CURVE('0:1040',#6265,#6269,#6750,.T.);
#6071=EDGE_CURVE('0:1043',#6273,#6277,#6751,.T.);
#6072=EDGE_CURVE('0:1046',#6752,#6753,#6754,.F.);
#6073=EDGE_CURVE('0:1049',#6755,#6752,#6756,.F.);
#6074=EDGE_CURVE('0:1052',#6757,#6755,#6758,.F.);
#6075=EDGE_CURVE('0:1055',#6759,#6757,#6760,.F.);
#6076=EDGE_CURVE('0:1058',#6761,#6759,#6762,.F.);
#6077=EDGE_CURVE('0:1061',#6763,#6761,#6764,.F.);
#6078=EDGE_CURVE('0:1064',#6765,#6763,#6766,.F.);
#6079=EDGE_CURVE('0:1067',#6767,#6765,#6768,.F.);
#6080=EDGE_CURVE('0:1070',#6769,#6767,#6770,.F.);
#6081=EDGE_CURVE('0:1073',#6771,#6769,#6772,.F.);
#6082=EDGE_CURVE('0:1076',#6773,#6771,#6774,.F.);
#6083=EDGE_CURVE('0:1079',#6775,#6773,#6776,.F.);
#6084=EDGE_CURVE('0:1082',#6777,#6775,#6778,.F.);
#6085=EDGE_CURVE('0:1085',#6779,#6777,#6780,.F.);
#6086=EDGE_CURVE('0:1088',#6781,#6779,#6782,.F.);
#6087=EDGE_CURVE('0:1091',#6783,#6781,#6784,.F.);
#6088=EDGE_CURVE('0:1094',#6785,#6783,#6786,.F.);
#6089=EDGE_CURVE('0:1097',#6787,#6785,#6788,.F.);
#6090=EDGE_CURVE('0:1100',#6789,#6787,#6790,.F.);
#6091=EDGE_CURVE('0:1103',#6791,#6789,#6792,.F.);
#6092=EDGE_CURVE('0:1106',#6793,#6791,#6794,.F.);
#6093=EDGE_CURVE('0:1109',#6795,#6793,#6796,.F.);
#6094=EDGE_CURVE('0:1112',#6797,#6795,#6798,.F.);
#6095=EDGE_CURVE('0:1115',#6799,#6797,#6800,.F.);
#6096=EDGE_CURVE('0:1118',#6801,#6799,#6802,.F.);
#6097=EDGE_CURVE('0:1121',#6803,#6801,#6804,.F.);
#6098=EDGE_CURVE('0:1124',#6805,#6803,#6806,.F.);
#6099=EDGE_CURVE('0:1127',#6807,#6805,#6808,.F.);
#6100=EDGE_CURVE('0:1130',#6809,#6807,#6810,.F.);
#6101=EDGE_CURVE('0:1133',#6811,#6809,#6812,.F.);
#6102=EDGE_CURVE('0:1136',#6813,#6811,#6814,.F.);
#6103=EDGE_CURVE('0:1139',#6815,#6813,#6816,.F.);
#6104=EDGE_CURVE('0:1142',#6817,#6815,#6818,.F.);
#6105=EDGE_CURVE('0:1145',#6819,#6817,#6820,.F.);
#6106=EDGE_CURVE('0:1148',#6753,#6819,#6821,.F.);
#6107=EDGE_CURVE('0:1154',#6389,#6385,#6822,.T.);
#6108=EDGE_CURVE('0:1151',#6384,#6387,#6823,.T.);
#6109=EDGE_CURVE('0:1157',#6227,#6224,#6824,.T.);
#6110=EDGE_CURVE('0:1163',#6381,#6377,#6825,.T.);
#6111=EDGE_CURVE('0:1160',#6376,#6379,#6826,.T.);
#6112=EDGE_CURVE('0:1166',#6251,#6248,#6827,.T.);
#6113=EDGE_CURVE('0:1172',#6373,#6369,#6828,.T.);
#6114=EDGE_CURVE('0:1169',#6368,#6371,#6829,.T.);
#6115=EDGE_CURVE('0:1175',#6259,#6256,#6830,.T.);
#6116=EDGE_CURVE('0:1181',#6365,#6361,#6831,.T.);
#6117=EDGE_CURVE('0:1178',#6360,#6363,#6832,.T.);
#6118=EDGE_CURVE('0:1184',#6267,#6264,#6833,.T.);
#6119=EDGE_CURVE('0:1190',#6357,#6353,#6834,.T.);
#6120=EDGE_CURVE('0:1187',#6352,#6355,#6835,.T.);
#6121=EDGE_CURVE('0:1193',#6275,#6272,#6836,.T.);
#6122=EDGE_CURVE('0:1199',#6349,#6345,#6837,.T.);
#6123=EDGE_CURVE('0:1196',#6344,#6347,#6838,.T.);
#6124=EDGE_CURVE('0:1202',#6243,#6240,#6839,.T.);
#6125=EDGE_CURVE('0:1208',#6341,#6337,#6840,.T.);
#6126=EDGE_CURVE('0:1205',#6336,#6339,#6841,.T.);
#6127=EDGE_CURVE('0:1211',#6235,#6232,#6842,.T.);
#6128=EDGE_CURVE('0:1217',#6333,#6329,#6843,.T.);
#6129=EDGE_CURVE('0:1214',#6328,#6331,#6844,.T.);
#6130=EDGE_CURVE('0:1220',#6630,#6715,#6845,.T.);
#6131=EDGE_CURVE('0:1223',#6632,#6713,#6846,.T.);
#6132=EDGE_CURVE('0:1226',#6634,#6711,#6847,.T.);
#6133=EDGE_CURVE('0:1232',#6639,#6706,#6848,.T.);
#6134=EDGE_CURVE('0:1235',#6641,#6704,#6849,.T.);
#6135=EDGE_CURVE('0:1238',#6643,#6702,#6850,.T.);
#6136=EDGE_CURVE('0:1244',#6648,#6697,#6851,.T.);
#6137=EDGE_CURVE('0:1247',#6650,#6695,#6852,.T.);
#6138=EDGE_CURVE('0:1250',#6652,#6693,#6853,.T.);
#6139=EDGE_CURVE('0:1253',#6654,#6691,#6854,.T.);
#6140=EDGE_CURVE('0:1256',#6577,#6688,#6855,.T.);
#6141=EDGE_CURVE('0:1259',#6579,#6686,#6856,.T.);
#6142=EDGE_CURVE('0:1262',#6581,#6684,#6857,.T.);
#6143=EDGE_CURVE('0:1265',#6583,#6682,#6858,.T.);
#6144=EDGE_CURVE('0:1268',#6585,#6680,#6859,.T.);
#6145=EDGE_CURVE('0:1271',#6587,#6678,#6860,.T.);
#6146=EDGE_CURVE('0:1277',#6605,#6740,#6861,.T.);
#6147=EDGE_CURVE('0:1283',#6610,#6735,#6862,.T.);
#6148=EDGE_CURVE('0:1286',#6612,#6733,#6863,.T.);
#6149=EDGE_CURVE('0:1289',#6614,#6731,#6864,.T.);
#6150=EDGE_CURVE('0:1292',#6616,#6729,#6865,.T.);
#6151=EDGE_CURVE('0:1298',#6621,#6724,#6866,.T.);
#6152=EDGE_CURVE('0:1301',#6623,#6722,#6867,.T.);
#6153=EDGE_CURVE('0:1304',#6625,#6720,#6868,.T.);
#6154=EDGE_CURVE('0:1310',#6869,#6870,#6871,.T.);
#6155=EDGE_CURVE('0:1313',#6870,#6872,#6873,.T.);
#6156=EDGE_CURVE('0:1316',#6872,#6874,#6875,.T.);
#6157=EDGE_CURVE('0:1319',#6874,#6876,#6877,.T.);
#6158=EDGE_CURVE('0:1322',#6876,#6878,#6879,.T.);
#6159=EDGE_CURVE('0:1325',#6878,#6880,#6881,.T.);
#6160=EDGE_CURVE('0:1328',#6880,#6882,#6883,.T.);
#6161=EDGE_CURVE('0:1331',#6882,#6884,#6885,.T.);
#6162=EDGE_CURVE('0:1334',#6884,#6886,#6887,.T.);
#6163=EDGE_CURVE('0:1337',#6886,#6888,#6889,.T.);
#6164=EDGE_CURVE('0:1340',#6888,#6890,#6891,.T.);
#6165=EDGE_CURVE('0:1343',#6890,#6892,#6893,.T.);
#6166=EDGE_CURVE('0:1346',#6892,#6894,#6895,.T.);
#6167=EDGE_CURVE('0:1349',#6894,#6896,#6897,.T.);
#6168=EDGE_CURVE('0:1352',#6896,#6898,#6899,.T.);
#6169=EDGE_CURVE('0:1355',#6898,#6900,#6901,.T.);
#6170=EDGE_CURVE('0:1358',#6900,#6902,#6903,.T.);
#6171=EDGE_CURVE('0:1361',#6902,#6904,#6905,.T.);
#6172=EDGE_CURVE('0:1364',#6904,#6906,#6907,.T.);
#6173=EDGE_CURVE('0:1367',#6906,#6908,#6909,.T.);
#6174=EDGE_CURVE('0:1370',#6908,#6910,#6911,.T.);
#6175=EDGE_CURVE('0:1373',#6910,#6912,#6913,.T.);
#6176=EDGE_CURVE('0:1376',#6912,#6914,#6915,.T.);
#6177=EDGE_CURVE('0:1379',#6914,#6916,#6917,.T.);
#6178=EDGE_CURVE('0:1382',#6916,#6918,#6919,.T.);
#6179=EDGE_CURVE('0:1385',#6918,#6920,#6921,.T.);
#6180=EDGE_CURVE('0:1388',#6920,#6922,#6923,.T.);
#6181=EDGE_CURVE('0:1391',#6922,#6924,#6925,.T.);
#6182=EDGE_CURVE('0:1394',#6924,#6926,#6927,.T.);
#6183=EDGE_CURVE('0:1397',#6926,#6928,#6929,.T.);
#6184=EDGE_CURVE('0:1400',#6928,#6930,#6931,.T.);
#6185=EDGE_CURVE('0:1403',#6930,#6932,#6933,.T.);
#6186=EDGE_CURVE('0:1406',#6932,#6934,#6935,.T.);
#6187=EDGE_CURVE('0:1409',#6934,#6936,#6937,.T.);
#6188=EDGE_CURVE('0:1412',#6936,#6869,#6938,.T.);
#6189=EDGE_CURVE('0:1415',#6753,#6869,#6939,.T.);
#6190=EDGE_CURVE('0:1418',#6819,#6870,#6940,.T.);
#6191=EDGE_CURVE('0:1421',#6752,#6936,#6941,.T.);
#6192=EDGE_CURVE('0:1424',#6817,#6872,#6942,.T.);
#6193=EDGE_CURVE('0:1427',#6755,#6934,#6943,.T.);
#6194=EDGE_CURVE('0:1430',#6815,#6874,#6944,.T.);
#6195=EDGE_CURVE('0:1433',#6757,#6932,#6945,.T.);
#6196=EDGE_CURVE('0:1436',#6813,#6876,#6946,.T.);
#6197=EDGE_CURVE('0:1439',#6759,#6930,#6947,.T.);
#6198=EDGE_CURVE('0:1442',#6811,#6878,#6948,.T.);
#6199=EDGE_CURVE('0:1445',#6761,#6928,#6949,.T.);
#6200=EDGE_CURVE('0:1448',#6809,#6880,#6950,.T.);
#6201=EDGE_CURVE('0:1451',#6763,#6926,#6951,.T.);
#6202=EDGE_CURVE('0:1454',#6807,#6882,#6952,.T.);
#6203=EDGE_CURVE('0:1457',#6765,#6924,#6953,.T.);
#6204=EDGE_CURVE('0:1460',#6805,#6884,#6954,.T.);
#6205=EDGE_CURVE('0:1463',#6767,#6922,#6955,.T.);
#6206=EDGE_CURVE('0:1466',#6803,#6886,#6956,.T.);
#6207=EDGE_CURVE('0:1469',#6769,#6920,#6957,.T.);
#6208=EDGE_CURVE('0:1472',#6801,#6888,#6958,.T.);
#6209=EDGE_CURVE('0:1475',#6771,#6918,#6959,.T.);
#6210=EDGE_CURVE('0:1478',#6799,#6890,#6960,.T.);
#6211=EDGE_CURVE('0:1481',#6773,#6916,#6961,.T.);
#6212=EDGE_CURVE('0:1484',#6797,#6892,#6962,.T.);
#6213=EDGE_CURVE('0:1487',#6775,#6914,#6963,.T.);
#6214=EDGE_CURVE('0:1490',#6795,#6894,#6964,.T.);
#6215=EDGE_CURVE('0:1493',#6777,#6912,#6965,.T.);
#6216=EDGE_CURVE('0:1496',#6793,#6896,#6966,.T.);
#6217=EDGE_CURVE('0:1499',#6779,#6910,#6967,.T.);
#6218=EDGE_CURVE('0:1502',#6791,#6898,#6968,.T.);
#6219=EDGE_CURVE('0:1505',#6781,#6908,#6969,.T.);
#6220=EDGE_CURVE('0:1508',#6789,#6900,#6970,.T.);
#6221=EDGE_CURVE('0:1511',#6783,#6906,#6971,.T.);
#6222=EDGE_CURVE('0:1514',#6787,#6902,#6972,.T.);
#6223=EDGE_CURVE('0:1517',#6785,#6904,#6973,.T.);
#6224=VERTEX_POINT('',#6974);
#6225=VERTEX_POINT('',#6975);
#6226=LINE('',#6976,#6977);
#6227=VERTEX_POINT('',#6978);
#6228=CIRCLE('',#6979,0.0016);
#6229=VERTEX_POINT('',#6980);
#6230=LINE('',#6981,#6982);
#6231=CIRCLE('',#6983,0.0016);
#6232=VERTEX_POINT('',#6984);
#6233=VERTEX_POINT('',#6985);
#6234=LINE('',#6986,#6987);
#6235=VERTEX_POINT('',#6988);
#6236=CIRCLE('',#6989,0.0016);
#6237=VERTEX_POINT('',#6990);
#6238=LINE('',#6991,#6992);
#6239=CIRCLE('',#6993,0.0016);
#6240=VERTEX_POINT('',#6994);
#6241=VERTEX_POINT('',#6995);
#6242=LINE('',#6996,#6997);
#6243=VERTEX_POINT('',#6998);
#6244=CIRCLE('',#6999,0.0016);
#6245=VERTEX_POINT('',#7000);
#6246=LINE('',#7001,#7002);
#6247=CIRCLE('',#7003,0.0016);
#6248=VERTEX_POINT('',#7004);
#6249=VERTEX_POINT('',#7005);
#6250=LINE('',#7006,#7007);
#6251=VERTEX_POINT('',#7008);
#6252=CIRCLE('',#7009,0.0016);
#6253=VERTEX_POINT('',#7010);
#6254=LINE('',#7011,#7012);
#6255=CIRCLE('',#7013,0.0016);
#6256=VERTEX_POINT('',#7014);
#6257=VERTEX_POINT('',#7015);
#6258=LINE('',#7016,#7017);
#6259=VERTEX_POINT('',#7018);
#6260=CIRCLE('',#7019,0.0016);
#6261=VERTEX_POINT('',#7020);
#6262=LINE('',#7021,#7022);
#6263=CIRCLE('',#7023,0.0016);
#6264=VERTEX_POINT('',#7024);
#6265=VERTEX_POINT('',#7025);
#6266=LINE('',#7026,#7027);
#6267=VERTEX_POINT('',#7028);
#6268=CIRCLE('',#7029,0.0016);
#6269=VERTEX_POINT('',#7030);
#6270=LINE('',#7031,#7032);
#6271=CIRCLE('',#7033,0.0016);
#6272=VERTEX_POINT('',#7034);
#6273=VERTEX_POINT('',#7035);
#6274=LINE('',#7036,#7037);
#6275=VERTEX_POINT('',#7038);
#6276=CIRCLE('',#7039,0.0016);
#6277=VERTEX_POINT('',#7040);
#6278=LINE('',#7041,#7042);
#6279=CIRCLE('',#7043,0.0016);
#6280=VERTEX_POINT('',#7044);
#6281=VERTEX_POINT('',#7045);
#6282=LINE('',#7046,#7047);
#6283=VERTEX_POINT('',#7048);
#6284=CIRCLE('',#7049,0.0041);
#6285=VERTEX_POINT('',#7050);
#6286=LINE('',#7051,#7052);
#6287=CIRCLE('',#7053,0.0041);
#6288=VERTEX_POINT('',#7054);
#6289=VERTEX_POINT('',#7055);
#6290=LINE('',#7056,#7057);
#6291=VERTEX_POINT('',#7058);
#6292=CIRCLE('',#7059,0.0041);
#6293=VERTEX_POINT('',#7060);
#6294=LINE('',#7061,#7062);
#6295=CIRCLE('',#7063,0.0041);
#6296=VERTEX_POINT('',#7064);
#6297=VERTEX_POINT('',#7065);
#6298=LINE('',#7066,#7067);
#6299=VERTEX_POINT('',#7068);
#6300=CIRCLE('',#7069,0.0041);
#6301=VERTEX_POINT('',#7070);
#6302=LINE('',#7071,#7072);
#6303=CIRCLE('',#7073,0.0041);
#6304=VERTEX_POINT('',#7074);
#6305=VERTEX_POINT('',#7075);
#6306=LINE('',#7076,#7077);
#6307=VERTEX_POINT('',#7078);
#6308=CIRCLE('',#7079,0.0041);
#6309=VERTEX_POINT('',#7080);
#6310=LINE('',#7081,#7082);
#6311=CIRCLE('',#7083,0.0041);
#6312=VERTEX_POINT('',#7084);
#6313=VERTEX_POINT('',#7085);
#6314=LINE('',#7086,#7087);
#6315=VERTEX_POINT('',#7088);
#6316=CIRCLE('',#7089,0.0041);
#6317=VERTEX_POINT('',#7090);
#6318=LINE('',#7091,#7092);
#6319=CIRCLE('',#7093,0.0041);
#6320=VERTEX_POINT('',#7094);
#6321=VERTEX_POINT('',#7095);
#6322=LINE('',#7096,#7097);
#6323=VERTEX_POINT('',#7098);
#6324=CIRCLE('',#7099,0.0041);
#6325=VERTEX_POINT('',#7100);
#6326=LINE('',#7101,#7102);
#6327=CIRCLE('',#7103,0.0041);
#6328=VERTEX_POINT('',#7104);
#6329=VERTEX_POINT('',#7105);
#6330=LINE('',#7106,#7107);
#6331=VERTEX_POINT('',#7108);
#6332=CIRCLE('',#7109,0.003);
#6333=VERTEX_POINT('',#7110);
#6334=LINE('',#7111,#7112);
#6335=CIRCLE('',#7113,0.003);
#6336=VERTEX_POINT('',#7114);
#6337=VERTEX_POINT('',#7115);
#6338=LINE('',#7116,#7117);
#6339=VERTEX_POINT('',#7118);
#6340=CIRCLE('',#7119,0.003);
#6341=VERTEX_POINT('',#7120);
#6342=LINE('',#7121,#7122);
#6343=CIRCLE('',#7123,0.003);
#6344=VERTEX_POINT('',#7124);
#6345=VERTEX_POINT('',#7125);
#6346=LINE('',#7126,#7127);
#6347=VERTEX_POINT('',#7128);
#6348=CIRCLE('',#7129,0.003);
#6349=VERTEX_POINT('',#7130);
#6350=LINE('',#7131,#7132);
#6351=CIRCLE('',#7133,0.003);
#6352=VERTEX_POINT('',#7134);
#6353=VERTEX_POINT('',#7135);
#6354=LINE('',#7136,#7137);
#6355=VERTEX_POINT('',#7138);
#6356=CIRCLE('',#7139,0.003);
#6357=VERTEX_POINT('',#7140);
#6358=LINE('',#7141,#7142);
#6359=CIRCLE('',#7143,0.003);
#6360=VERTEX_POINT('',#7144);
#6361=VERTEX_POINT('',#7145);
#6362=LINE('',#7146,#7147);
#6363=VERTEX_POINT('',#7148);
#6364=CIRCLE('',#7149,0.003);
#6365=VERTEX_POINT('',#7150);
#6366=LINE('',#7151,#7152);
#6367=CIRCLE('',#7153,0.003);
#6368=VERTEX_POINT('',#7154);
#6369=VERTEX_POINT('',#7155);
#6370=LINE('',#7156,#7157);
#6371=VERTEX_POINT('',#7158);
#6372=CIRCLE('',#7159,0.003);
#6373=VERTEX_POINT('',#7160);
#6374=LINE('',#7161,#7162);
#6375=CIRCLE('',#7163,0.003);
#6376=VERTEX_POINT('',#7164);
#6377=VERTEX_POINT('',#7165);
#6378=LINE('',#7166,#7167);
#6379=VERTEX_POINT('',#7168);
#6380=CIRCLE('',#7169,0.003);
#6381=VERTEX_POINT('',#7170);
#6382=LINE('',#7171,#7172);
#6383=CIRCLE('',#7173,0.003);
#6384=VERTEX_POINT('',#7174);
#6385=VERTEX_POINT('',#7175);
#6386=LINE('',#7176,#7177);
#6387=VERTEX_POINT('',#7178);
#6388=CIRCLE('',#7179,0.003);
#6389=VERTEX_POINT('',#7180);
#6390=LINE('',#7181,#7182);
#6391=CIRCLE('',#7183,0.003);
#6392=VERTEX_POINT('',#7184);
#6393=VERTEX_POINT('',#7185);
#6394=LINE('',#7186,#7187);
#6395=VERTEX_POINT('',#7188);
#6396=CIRCLE('',#7189,0.0041);
#6397=VERTEX_POINT('',#7190);
#6398=LINE('',#7191,#7192);
#6399=CIRCLE('',#7193,0.0041);
#6400=VERTEX_POINT('',#7194);
#6401=VERTEX_POINT('',#7195);
#6402=LINE('',#7196,#7197);
#6403=VERTEX_POINT('',#7198);
#6404=CIRCLE('',#7199,0.0016);
#6405=VERTEX_POINT('',#7200);
#6406=LINE('',#7201,#7202);
#6407=CIRCLE('',#7203,0.0016);
#6408=VERTEX_POINT('',#7204);
#6409=VERTEX_POINT('',#7205);
#6410=LINE('',#7206,#7207);
#6411=VERTEX_POINT('',#7208);
#6412=CIRCLE('',#7209,0.0041);
#6413=VERTEX_POINT('',#7210);
#6414=LINE('',#7211,#7212);
#6415=CIRCLE('',#7213,0.0041);
#6416=VERTEX_POINT('',#7214);
#6417=VERTEX_POINT('',#7215);
#6418=B_SPLINE_CURVE_WITH_KNOTS('',3,(#7216,#7217,#7218,#7219,#7220,#7221,#7222,#7223,#7224,#7225,#7226,#7227),.UNSPECIFIED.,.F.,.F.,(4,2,2,2,2,4),(0.0,0.00117193342016079,0.00234386684032158,0.00351580026048236,0.00454219905618354,0.00556859785188472),.UNSPECIFIED.);
#6419=VERTEX_POINT('',#7228);
#6420=B_SPLINE_CURVE_WITH_KNOTS('',3,(#7229,#7230,#7231,#7232),.UNSPECIFIED.,.F.,.F.,(4,4),(-0.00650000000000001,-0.0),.UNSPECIFIED.);
#6421=VERTEX_POINT('',#7233);
#6422=B_SPLINE_CURVE_WITH_KNOTS('',3,(#7234,#7235,#7236,#7237,#7238,#7239,#7240,#7241,#7242,#7243,#7244,#7245),.UNSPECIFIED.,.F.,.F.,(4,2,2,2,2,4),(0.0,0.00117193342016074,0.00234386684032157,0.00351580026048235,0.00454219905618353,0.00556859785188471),.UNSPECIFIED.);
#6423=B_SPLINE_CURVE_WITH_KNOTS('',3,(#7246,#7247,#7248,#7249,#7250,#7251,#7252,#7253,#7254,#7255,#7256,#7257,#7258,#7259,#7260,#7261,#7262,#7263),.UNSPECIFIED.,.F.,.F.,(4,2,2,2,2,2,2,2,4),(0.0,0.000670000000000002,0.00195,0.00275,0.00325,0.00375000000000001,0.00455000000000001,0.00583000000000001,0.00650000000000001),.UNSPECIFIED.);
#6424=CIRCLE('',#7264,0.0041);
#6425=CIRCLE('',#7265,0.0041);
#6426=VERTEX_POINT('',#7266);
#6427=VERTEX_POINT('',#7267);
#6428=B_SPLINE_CURVE_WITH_KNOTS('',3,(#7268,#7269,#7270,#7271,#7272,#7273,#7274,#7275,#7276,#7277,#7278,#7279),.UNSPECIFIED.,.F.,.F.,(4,2,2,2,2,4),(0.0,0.00117193342016077,0.00234386684032156,0.00351580026048236,0.00432155362561547,0.00512730699074861),.UNSPECIFIED.);
#6429=VERTEX_POINT('',#7280);
#6430=B_SPLINE_CURVE_WITH_KNOTS('',3,(#7281,#7282,#7283,#7284,#7285,#7286,#7287,#7288,#7289,#7290),.UNSPECIFIED.,.F.,.F.,(4,2,2,2,4),(-8.67361737988404E-19,0.00198717948717949,0.00325000000000001,0.00451282051282052,0.00650000000000001),.UNSPECIFIED.);
#6431=VERTEX_POINT('',#7291);
#6432=B_SPLINE_CURVE_WITH_KNOTS('',3,(#7292,#7293,#7294,#7295,#7296,#7297,#7298,#7299,#7300,#7301,#7302,#7303),.UNSPECIFIED.,.F.,.F.,(4,2,2,2,2,4),(0.0,0.00117193342016078,0.00234386684032156,0.00351580026048234,0.00432155362561546,0.00512730699074856),.UNSPECIFIED.);
#6433=B_SPLINE_CURVE_WITH_KNOTS('',3,(#7304,#7305,#7306,#7307,#7308,#7309,#7310,#7311,#7312,#7313),.UNSPECIFIED.,.F.,.F.,(4,2,2,2,4),(-0.00650000000000001,-0.00451282051282052,-0.00325000000000001,-0.00198717948717949,1.51788304148016E-18),.UNSPECIFIED.);
#6434=VERTEX_POINT('',#7314);
#6435=B_SPLINE_CURVE_WITH_KNOTS('',3,(#7315,#7316,#7317,#7318),.UNSPECIFIED.,.F.,.F.,(4,4),(-0.29323529292821,-0.0),.UNSPECIFIED.);
#6436=VERTEX_POINT('',#7319);
#6437=LINE('',#7320,#7321);
#6438=B_SPLINE_CURVE_WITH_KNOTS('',3,(#7322,#7323,#7324,#7325),.UNSPECIFIED.,.F.,.F.,(4,4),(-0.29323529292821,-0.0),.UNSPECIFIED.);
#6439=VERTEX_POINT('',#7326);
#6440=VERTEX_POINT('',#7327);
#6441=B_SPLINE_CURVE_WITH_KNOTS('',3,(#7328,#7329,#7330,#7331,#7332,#7333,#7334,#7335,#7336,#7337,#7338,#7339,#7340,#7341),.UNSPECIFIED.,.F.,.F.,(4,2,2,2,2,2,4),(0.0,0.00117193342016075,0.00234386684032157,0.00351580026048237,0.00468773368064316,0.00556599020992682,0.00644424673921047),.UNSPECIFIED.);
#6442=VERTEX_POINT('',#7342);
#6443=B_SPLINE_CURVE_WITH_KNOTS('',3,(#7343,#7344,#7345,#7346,#7347,#7348,#7349,#7350,#7351,#7352),.UNSPECIFIED.,.F.,.F.,(4,2,2,2,4),(-0.00650000000000001,-0.00451282051282051,-0.00325,-0.00198717948717948,1.1926223897345E-18),.UNSPECIFIED.);
#6444=VERTEX_POINT('',#7353);
#6445=B_SPLINE_CURVE_WITH_KNOTS('',3,(#7354,#7355,#7356,#7357,#7358,#7359,#7360,#7361,#7362,#7363,#7364,#7365,#7366,#7367),.UNSPECIFIED.,.F.,.F.,(4,2,2,2,2,2,4),(0.0,0.0011719334201608,0.0023438668403216,0.00351580026048239,0.00468773368064318,0.00556599020992682,0.00644424673921045),.UNSPECIFIED.);
#6446=B_SPLINE_CURVE_WITH_KNOTS('',3,(#7368,#7369,#7370,#7371,#7372,#7373,#7374,#7375,#7376,#7377),.UNSPECIFIED.,.F.,.F.,(4,2,2,2,4),(5.3668007538029E-18,0.00198717948717948,0.00325,0.00451282051282051,0.00650000000000001),.UNSPECIFIED.);
#6447=VERTEX_POINT('',#7378);
#6448=LINE('',#7379,#7380);
#6449=VERTEX_POINT('',#7381);
#6450=LINE('',#7382,#7383);
#6451=LINE('',#7384,#7385);
#6452=VERTEX_POINT('',#7386);
#6453=VERTEX_POINT('',#7387);
#6454=B_SPLINE_CURVE_WITH_KNOTS('',3,(#7388,#7389,#7390,#7391,#7392,#7393,#7394,#7395,#7396,#7397,#7398,#7399,#7400,#7401),.UNSPECIFIED.,.F.,.F.,(4,2,2,2,2,2,4),(0.0,0.00117193342016079,0.00234386684032156,0.00351580026048234,0.00468773368064312,0.0058596671008039,0.00693729775237256),.UNSPECIFIED.);
#6455=VERTEX_POINT('',#7402);
#6456=B_SPLINE_CURVE_WITH_KNOTS('',3,(#7403,#7404,#7405,#7406,#7407,#7408,#7409,#7410,#7411,#7412,#7413,#7414,#7415,#7416,#7417,#7418,#7419,#7420),.UNSPECIFIED.,.F.,.F.,(4,2,2,2,2,2,2,2,4),(-0.00650000000000001,-0.00583000000000001,-0.00455000000000001,-0.00375000000000001,-0.00325000000000001,-0.00275,-0.00195,-0.00067,-1.01643953670518E-20),.UNSPECIFIED.);
#6457=VERTEX_POINT('',#7421);
#6458=B_SPLINE_CURVE_WITH_KNOTS('',3,(#7422,#7423,#7424,#7425,#7426,#7427,#7428,#7429,#7430,#7431,#7432,#7433,#7434,#7435),.UNSPECIFIED.,.F.,.F.,(4,2,2,2,2,2,4),(0.0,0.00117193342016077,0.00234386684032156,0.00351580026048234,0.00468773368064312,0.0058596671008039,0.00693729775237257),.UNSPECIFIED.);
#6459=B_SPLINE_CURVE_WITH_KNOTS('',3,(#7436,#7437,#7438,#7439,#7440,#7441,#7442,#7443,#7444,#7445,#7446,#7447,#7448,#7449,#7450,#7451,#7452,#7453),.UNSPECIFIED.,.F.,.F.,(4,2,2,2,2,2,2,2,4),(0.0,0.00067,0.00195,0.00275,0.00325000000000001,0.00375000000000001,0.00455000000000001,0.00583000000000001,0.00650000000000001),.UNSPECIFIED.);
#6460=VERTEX_POINT('',#7454);
#6461=LINE('',#7455,#7456);
#6462=VERTEX_POINT('',#7457);
#6463=LINE('',#7458,#7459);
#6464=LINE('',#7460,#7461);
#6465=VERTEX_POINT('',#7462);
#6466=VERTEX_POINT('',#7463);
#6467=B_SPLINE_CURVE_WITH_KNOTS('',3,(#7464,#7465,#7466,#7467,#7468,#7469,#7470,#7471,#7472,#7473),.UNSPECIFIED.,.F.,.F.,(4,2,2,2,4),(0.0,0.0011719334201608,0.00234386684032159,0.0033366863875773,0.00432950593483302),.UNSPECIFIED.);
#6468=VERTEX_POINT('',#7474);
#6469=B_SPLINE_CURVE_WITH_KNOTS('',3,(#7475,#7476,#7477,#7478,#7479,#7480,#7481,#7482,#7483,#7484),.UNSPECIFIED.,.F.,.F.,(4,2,2,2,4),(8.67361737988404E-19,0.00198717948717949,0.00325,0.00451282051282052,0.00650000000000001),.UNSPECIFIED.);
#6470=VERTEX_POINT('',#7485);
#6471=B_SPLINE_CURVE_WITH_KNOTS('',3,(#7486,#7487,#7488,#7489,#7490,#7491,#7492,#7493,#7494,#7495),.UNSPECIFIED.,.F.,.F.,(4,2,2,2,4),(0.0,0.00117193342016078,0.00234386684032157,0.00333668638757728,0.004329505934833),.UNSPECIFIED.);
#6472=B_SPLINE_CURVE_WITH_KNOTS('',3,(#7496,#7497,#7498,#7499,#7500,#7501,#7502,#7503,#7504,#7505),.UNSPECIFIED.,.F.,.F.,(4,2,2,2,4),(-0.00650000000000001,-0.00451282051282052,-0.00325,-0.00198717948717949,-2.98155597433514E-19),.UNSPECIFIED.);
#6473=VERTEX_POINT('',#7506);
#6474=B_SPLINE_CURVE_WITH_KNOTS('',3,(#7507,#7508,#7509,#7510),.UNSPECIFIED.,.F.,.F.,(4,4),(-0.28387869051714,-0.0),.UNSPECIFIED.);
#6475=VERTEX_POINT('',#7511);
#6476=LINE('',#7512,#7513);
#6477=B_SPLINE_CURVE_WITH_KNOTS('',3,(#7514,#7515,#7516,#7517),.UNSPECIFIED.,.F.,.F.,(4,4),(-0.28387869051714,-0.0),.UNSPECIFIED.);
#6478=VERTEX_POINT('',#7518);
#6479=VERTEX_POINT('',#7519);
#6480=B_SPLINE_CURVE_WITH_KNOTS('',3,(#7520,#7521,#7522,#7523,#7524,#7525,#7526,#7527,#7528,#7529,#7530,#7531,#7532,#7533),.UNSPECIFIED.,.F.,.F.,(4,2,2,2,2,2,4),(-1.0,-0.833333333333333,-0.666666666666667,-0.5,-0.333333333333333,-0.166666666666667,-0.0),.UNSPECIFIED.);
#6481=VERTEX_POINT('',#7534);
#6482=B_SPLINE_CURVE_WITH_KNOTS('',3,(#7535,#7536,#7537,#7538,#7539,#7540,#7541,#7542,#7543,#7544),.UNSPECIFIED.,.F.,.F.,(4,2,2,2,4),(-0.00650000000000001,-0.00451282051282052,-0.00325,-0.00198717948717949,5.42101086242752E-19),.UNSPECIFIED.);
#6483=VERTEX_POINT('',#7545);
#6484=B_SPLINE_CURVE_WITH_KNOTS('',3,(#7546,#7547,#7548,#7549,#7550,#7551,#7552,#7553,#7554,#7555,#7556,#7557,#7558,#7559),.UNSPECIFIED.,.F.,.F.,(4,2,2,2,2,2,4),(-1.0,-0.833333333333333,-0.666666666666667,-0.5,-0.333333333333333,-0.166666666666667,-0.0),.UNSPECIFIED.);
#6485=B_SPLINE_CURVE_WITH_KNOTS('',3,(#7560,#7561,#7562,#7563,#7564,#7565,#7566,#7567,#7568,#7569),.UNSPECIFIED.,.F.,.F.,(4,2,2,2,4),(-0.0,0.00198717948717949,0.00325,0.00451282051282052,0.00650000000000001),.UNSPECIFIED.);
#6486=VERTEX_POINT('',#7570);
#6487=LINE('',#7571,#7572);
#6488=VERTEX_POINT('',#7573);
#6489=LINE('',#7574,#7575);
#6490=LINE('',#7576,#7577);
#6491=VERTEX_POINT('',#7578);
#6492=VERTEX_POINT('',#7579);
#6493=B_SPLINE_CURVE_WITH_KNOTS('',3,(#7580,#7581,#7582,#7583,#7584,#7585,#7586,#7587,#7588,#7589,#7590,#7591,#7592,#7593),.UNSPECIFIED.,.F.,.F.,(4,2,2,2,2,2,4),(-1.0,-0.833333333333333,-0.666666666666667,-0.5,-0.333333333333333,-0.166666666666667,-0.0),.UNSPECIFIED.);
#6494=VERTEX_POINT('',#7594);
#6495=B_SPLINE_CURVE_WITH_KNOTS('',3,(#7595,#7596,#7597,#7598,#7599,#7600,#7601,#7602,#7603,#7604),.UNSPECIFIED.,.F.,.F.,(4,2,2,2,4),(8.13151629364125E-20,0.00198717948717949,0.00325000000000001,0.00451282051282052,0.00650000000000001),.UNSPECIFIED.);
#6496=VERTEX_POINT('',#7605);
#6497=B_SPLINE_CURVE_WITH_KNOTS('',3,(#7606,#7607,#7608,#7609,#7610,#7611,#7612,#7613,#7614,#7615,#7616,#7617,#7618,#7619),.UNSPECIFIED.,.F.,.F.,(4,2,2,2,2,2,4),(-1.0,-0.833333333333333,-0.666666666666667,-0.5,-0.333333333333333,-0.166666666666667,-0.0),.UNSPECIFIED.);
#6498=B_SPLINE_CURVE_WITH_KNOTS('',3,(#7620,#7621,#7622,#7623,#7624,#7625,#7626,#7627,#7628,#7629),.UNSPECIFIED.,.F.,.F.,(4,2,2,2,4),(-0.00650000000000001,-0.00451282051282052,-0.00325000000000001,-0.00198717948717949,-9.48676900924823E-19),.UNSPECIFIED.);
#6499=VERTEX_POINT('',#7630);
#6500=B_SPLINE_CURVE_WITH_KNOTS('',3,(#7631,#7632,#7633,#7634),.UNSPECIFIED.,.F.,.F.,(4,4),(-0.24951794863939,-0.0),.UNSPECIFIED.);
#6501=VERTEX_POINT('',#7635);
#6502=LINE('',#7636,#7637);
#6503=B_SPLINE_CURVE_WITH_KNOTS('',3,(#7638,#7639,#7640,#7641),.UNSPECIFIED.,.F.,.F.,(4,4),(-0.24951794863939,-0.0),.UNSPECIFIED.);
#6504=VERTEX_POINT('',#7642);
#6505=VERTEX_POINT('',#7643);
#6506=B_SPLINE_CURVE_WITH_KNOTS('',3,(#7644,#7645,#7646,#7647,#7648,#7649,#7650,#7651,#7652,#7653,#7654,#7655),.UNSPECIFIED.,.F.,.F.,(4,2,2,2,2,4),(0.0,0.00117193342016075,0.00234386684032152,0.0035158002604823,0.00437993202964821,0.00524406379881409),.UNSPECIFIED.);
#6507=VERTEX_POINT('',#7656);
#6508=B_SPLINE_CURVE_WITH_KNOTS('',3,(#7657,#7658,#7659,#7660,#7661,#7662,#7663,#7664,#7665,#7666),.UNSPECIFIED.,.F.,.F.,(4,2,2,2,4),(-0.00650000000000001,-0.00451282051282052,-0.00325000000000001,-0.00198717948717949,-8.67361737988403E-19),.UNSPECIFIED.);
#6509=VERTEX_POINT('',#7667);
#6510=B_SPLINE_CURVE_WITH_KNOTS('',3,(#7668,#7669,#7670,#7671,#7672,#7673,#7674,#7675,#7676,#7677,#7678,#7679),.UNSPECIFIED.,.F.,.F.,(4,2,2,2,2,4),(0.0,0.00117193342016082,0.0023438668403216,0.00351580026048239,0.00437993202964827,0.00524406379881416),.UNSPECIFIED.);
#6511=B_SPLINE_CURVE_WITH_KNOTS('',3,(#7680,#7681,#7682,#7683,#7684,#7685,#7686,#7687,#7688,#7689),.UNSPECIFIED.,.F.,.F.,(4,2,2,2,4),(-0.0,0.00198717948717949,0.00325000000000001,0.00451282051282052,0.00650000000000001),.UNSPECIFIED.);
#6512=VERTEX_POINT('',#7690);
#6513=LINE('',#7691,#7692);
#6514=VERTEX_POINT('',#7693);
#6515=LINE('',#7694,#7695);
#6516=LINE('',#7696,#7697);
#6517=VERTEX_POINT('',#7698);
#6518=VERTEX_POINT('',#7699);
#6519=B_SPLINE_CURVE_WITH_KNOTS('',3,(#7700,#7701,#7702,#7703,#7704,#7705,#7706,#7707,#7708,#7709,#7710,#7711),.UNSPECIFIED.,.F.,.F.,(4,2,2,2,2,4),(0.0,0.00117193342016076,0.00234386684032153,0.00351580026048229,0.00437570269259523,0.0052356051247082),.UNSPECIFIED.);
#6520=VERTEX_POINT('',#7712);
#6521=B_SPLINE_CURVE_WITH_KNOTS('',3,(#7713,#7714,#7715,#7716,#7717,#7718,#7719,#7720,#7721,#7722),.UNSPECIFIED.,.F.,.F.,(4,2,2,2,4),(0.0,0.00198717948717949,0.00325,0.00451282051282051,0.0065),.UNSPECIFIED.);
#6522=VERTEX_POINT('',#7723);
#6523=B_SPLINE_CURVE_WITH_KNOTS('',3,(#7724,#7725,#7726,#7727,#7728,#7729,#7730,#7731,#7732,#7733,#7734,#7735),.UNSPECIFIED.,.F.,.F.,(4,2,2,2,2,4),(0.0,0.00117193342016079,0.00234386684032156,0.00351580026048234,0.00437570269259525,0.00523560512470813),.UNSPECIFIED.);
#6524=B_SPLINE_CURVE_WITH_KNOTS('',3,(#7736,#7737,#7738,#7739,#7740,#7741,#7742,#7743,#7744,#7745),.UNSPECIFIED.,.F.,.F.,(4,2,2,2,4),(-0.0065,-0.00451282051282051,-0.00325,-0.00198717948717949,-1.68051336735253E-18),.UNSPECIFIED.);
#6525=VERTEX_POINT('',#7746);
#6526=B_SPLINE_CURVE_WITH_KNOTS('',3,(#7747,#7748,#7749,#7750),.UNSPECIFIED.,.F.,.F.,(4,4),(-0.295651546518829,-0.0),.UNSPECIFIED.);
#6527=VERTEX_POINT('',#7751);
#6528=LINE('',#7752,#7753);
#6529=B_SPLINE_CURVE_WITH_KNOTS('',3,(#7754,#7755,#7756,#7757),.UNSPECIFIED.,.F.,.F.,(4,4),(-0.295651546518829,-0.0),.UNSPECIFIED.);
#6530=VERTEX_POINT('',#7758);
#6531=VERTEX_POINT('',#7759);
#6532=B_SPLINE_CURVE_WITH_KNOTS('',3,(#7760,#7761,#7762,#7763,#7764,#7765,#7766,#7767,#7768,#7769,#7770,#7771),.UNSPECIFIED.,.F.,.F.,(4,2,2,2,2,4),(0.0,0.00117193342016078,0.00234386684032157,0.00351580026048236,0.00435190159666205,0.00518800293284174),.UNSPECIFIED.);
#6533=VERTEX_POINT('',#7772);
#6534=B_SPLINE_CURVE_WITH_KNOTS('',3,(#7773,#7774,#7775,#7776,#7777,#7778,#7779,#7780,#7781,#7782),.UNSPECIFIED.,.F.,.F.,(4,2,2,2,4),(-0.00650000000000001,-0.00451282051282052,-0.00325000000000001,-0.00198717948717949,4.33680868994202E-19),.UNSPECIFIED.);
#6535=VERTEX_POINT('',#7783);
#6536=B_SPLINE_CURVE_WITH_KNOTS('',3,(#7784,#7785,#7786,#7787,#7788,#7789,#7790,#7791,#7792,#7793,#7794,#7795),.UNSPECIFIED.,.F.,.F.,(4,2,2,2,2,4),(0.0,0.00117193342016082,0.0023438668403216,0.00351580026048239,0.00435190159666209,0.00518800293284178),.UNSPECIFIED.);
#6537=B_SPLINE_CURVE_WITH_KNOTS('',3,(#7796,#7797,#7798,#7799,#7800,#7801,#7802,#7803,#7804,#7805),.UNSPECIFIED.,.F.,.F.,(4,2,2,2,4),(-0.0,0.00198717948717949,0.00325000000000001,0.00451282051282052,0.00650000000000001),.UNSPECIFIED.);
#6538=VERTEX_POINT('',#7806);
#6539=LINE('',#7807,#7808);
#6540=VERTEX_POINT('',#7809);
#6541=LINE('',#7810,#7811);
#6542=LINE('',#7812,#7813);
#6543=VERTEX_POINT('',#7814);
#6544=VERTEX_POINT('',#7815);
#6545=B_SPLINE_CURVE_WITH_KNOTS('',3,(#7816,#7817,#7818,#7819,#7820,#7821,#7822,#7823,#7824,#7825,#7826,#7827),.UNSPECIFIED.,.F.,.F.,(4,2,2,2,2,4),(0.0,0.00117193342016076,0.00234386684032155,0.00351580026048234,0.00434307593470446,0.0051703516089266),.UNSPECIFIED.);
#6546=VERTEX_POINT('',#7828);
#6547=B_SPLINE_CURVE_WITH_KNOTS('',3,(#7829,#7830,#7831,#7832,#7833,#7834,#7835,#7836,#7837,#7838),.UNSPECIFIED.,.F.,.F.,(4,2,2,2,4),(0.0,0.00198717948717949,0.00325,0.00451282051282052,0.00650000000000001),.UNSPECIFIED.);
#6548=VERTEX_POINT('',#7839);
#6549=B_SPLINE_CURVE_WITH_KNOTS('',3,(#7840,#7841,#7842,#7843,#7844,#7845,#7846,#7847,#7848,#7849,#7850,#7851),.UNSPECIFIED.,.F.,.F.,(4,2,2,2,2,4),(0.0,0.00117193342016077,0.00234386684032156,0.00351580026048234,0.00434307593470446,0.00517035160892661),.UNSPECIFIED.);
#6550=B_SPLINE_CURVE_WITH_KNOTS('',3,(#7852,#7853,#7854,#7855,#7856,#7857,#7858,#7859,#7860,#7861),.UNSPECIFIED.,.F.,.F.,(4,2,2,2,4),(-0.00650000000000001,-0.00451282051282052,-0.00325,-0.00198717948717949,3.79470760369914E-19),.UNSPECIFIED.);
#6551=VERTEX_POINT('',#7862);
#6552=B_SPLINE_CURVE_WITH_KNOTS('',3,(#7863,#7864,#7865,#7866),.UNSPECIFIED.,.F.,.F.,(4,4),(-0.265380886316783,-0.0),.UNSPECIFIED.);
#6553=VERTEX_POINT('',#7867);
#6554=LINE('',#7868,#7869);
#6555=B_SPLINE_CURVE_WITH_KNOTS('',3,(#7870,#7871,#7872,#7873),.UNSPECIFIED.,.F.,.F.,(4,4),(-0.265380886316783,-0.0),.UNSPECIFIED.);
#6556=VERTEX_POINT('',#7874);
#6557=VERTEX_POINT('',#7875);
#6558=B_SPLINE_CURVE_WITH_KNOTS('',3,(#7876,#7877,#7878,#7879,#7880,#7881,#7882,#7883,#7884,#7885,#7886,#7887,#7888,#7889),.UNSPECIFIED.,.F.,.F.,(4,2,2,2,2,2,4),(-1.0,-0.833333333333333,-0.666666666666667,-0.5,-0.333333333333333,-0.166666666666667,-0.0),.UNSPECIFIED.);
#6559=VERTEX_POINT('',#7890);
#6560=B_SPLINE_CURVE_WITH_KNOTS('',3,(#7891,#7892,#7893,#7894,#7895,#7896,#7897,#7898),.UNSPECIFIED.,.F.,.F.,(4,2,2,4),(0.00600000000000001,0.00947241743481111,0.0116745291758837,0.0125),.UNSPECIFIED.);
#6561=VERTEX_POINT('',#7899);
#6562=B_SPLINE_CURVE_WITH_KNOTS('',3,(#7900,#7901,#7902,#7903,#7904,#7905,#7906,#7907,#7908,#7909,#7910,#7911,#7912,#7913),.UNSPECIFIED.,.F.,.F.,(4,2,2,2,2,2,4),(-1.0,-0.833333333333333,-0.666666666666667,-0.5,-0.333333333333333,-0.166666666666667,-0.0),.UNSPECIFIED.);
#6563=B_SPLINE_CURVE_WITH_KNOTS('',3,(#7914,#7915,#7916,#7917,#7918,#7919,#7920,#7921),.UNSPECIFIED.,.F.,.F.,(4,2,2,4),(-0.0125,-0.0116745291758837,-0.00947241743481111,-0.006),.UNSPECIFIED.);
#6564=VERTEX_POINT('',#7922);
#6565=B_SPLINE_CURVE_WITH_KNOTS('',3,(#7923,#7924,#7925,#7926,#7927,#7928,#7929),.UNSPECIFIED.,.F.,.F.,(4,3,4),(-1.02523994987676,-1.0,-0.0),.UNSPECIFIED.);
#6566=VERTEX_POINT('',#7930);
#6567=LINE('',#7931,#7932);
#6568=B_SPLINE_CURVE_WITH_KNOTS('',3,(#7933,#7934,#7935,#7936,#7937,#7938,#7939),.UNSPECIFIED.,.F.,.F.,(4,3,4),(-1.02523994987676,-1.0,-0.0),.UNSPECIFIED.);
#6569=VERTEX_POINT('',#7940);
#6570=VERTEX_POINT('',#7941);
#6571=B_SPLINE_CURVE_WITH_KNOTS('',3,(#7942,#7943,#7944,#7945,#7946,#7947,#7948,#7949,#7950,#7951,#7952,#7953,#7954,#7955),.UNSPECIFIED.,.F.,.F.,(4,2,2,2,2,2,4),(0.0,0.166666666666667,0.333333333333333,0.5,0.666666666666667,0.833333333333333,1.0),.UNSPECIFIED.);
#6572=VERTEX_POINT('',#7956);
#6573=B_SPLINE_CURVE_WITH_KNOTS('',3,(#7957,#7958,#7959,#7960,#7961,#7962),.UNSPECIFIED.,.F.,.F.,(4,2,4),(-0.0125,-0.0103680200039481,-0.00600000000000002),.UNSPECIFIED.);
#6574=VERTEX_POINT('',#7963);
#6575=B_SPLINE_CURVE_WITH_KNOTS('',3,(#7964,#7965,#7966,#7967,#7968,#7969,#7970,#7971,#7972,#7973,#7974,#7975,#7976,#7977),.UNSPECIFIED.,.F.,.F.,(4,2,2,2,2,2,4),(0.0,0.166666666666667,0.333333333333333,0.5,0.666666666666667,0.833333333333333,1.0),.UNSPECIFIED.);
#6576=B_SPLINE_CURVE_WITH_KNOTS('',3,(#7978,#7979,#7980,#7981,#7982,#7983),.UNSPECIFIED.,.F.,.F.,(4,2,4),(0.00600000000000002,0.0103680200039481,0.0125),.UNSPECIFIED.);
#6577=VERTEX_POINT('',#7984);
#6578=B_SPLINE_CURVE_WITH_KNOTS('',3,(#7985,#7986,#7987,#7988),.UNSPECIFIED.,.F.,.F.,(4,4),(-1.0,-0.223139029809113),.UNSPECIFIED.);
#6579=VERTEX_POINT('',#7989);
#6580=B_SPLINE_CURVE_WITH_KNOTS('',3,(#7990,#7991,#7992,#7993),.UNSPECIFIED.,.F.,.F.,(4,4),(-1.0,-0.0),.UNSPECIFIED.);
#6581=VERTEX_POINT('',#7994);
#6582=B_SPLINE_CURVE_WITH_KNOTS('',3,(#7995,#7996,#7997,#7998),.UNSPECIFIED.,.F.,.F.,(4,4),(-1.0,-0.0),.UNSPECIFIED.);
#6583=VERTEX_POINT('',#7999);
#6584=B_SPLINE_CURVE_WITH_KNOTS('',3,(#8000,#8001,#8002,#8003),.UNSPECIFIED.,.F.,.F.,(4,4),(-1.0,-0.0),.UNSPECIFIED.);
#6585=VERTEX_POINT('',#8004);
#6586=B_SPLINE_CURVE_WITH_KNOTS('',3,(#8005,#8006,#8007,#8008),.UNSPECIFIED.,.F.,.F.,(4,4),(-1.0,-0.0),.UNSPECIFIED.);
#6587=VERTEX_POINT('',#8009);
#6588=B_SPLINE_CURVE_WITH_KNOTS('',3,(#8010,#8011,#8012,#8013),.UNSPECIFIED.,.F.,.F.,(4,4),(-1.0,-0.0),.UNSPECIFIED.);
#6589=B_SPLINE_CURVE_WITH_KNOTS('',3,(#8014,#8015,#8016,#8017),.UNSPECIFIED.,.F.,.F.,(4,4),(-1.0,-0.0),.UNSPECIFIED.);
#6590=LINE('',#8018,#8019);
#6591=VERTEX_POINT('',#8020);
#6592=CIRCLE('',#8021,0.0041);
#6593=LINE('',#8022,#8023);
#6594=VERTEX_POINT('',#8024);
#6595=B_SPLINE_CURVE_WITH_KNOTS('',3,(#8025,#8026,#8027,#8028,#8029,#8030,#8031),.UNSPECIFIED.,.F.,.F.,(4,3,4),(-0.162025751799974,3.99680288865058E-15,0.644735996900245),.UNSPECIFIED.);
#6596=VERTEX_POINT('',#8032);
#6597=B_SPLINE_CURVE_WITH_KNOTS('',3,(#8033,#8034,#8035,#8036,#8037,#8038,#8039,#8040,#8041,#8042,#8043,#8044),.UNSPECIFIED.,.F.,.F.,(4,2,2,2,2,4),(0.0,0.00117193342016078,0.00234386684032156,0.00351580026048234,0.00428847298734963,0.00506114571421691),.UNSPECIFIED.);
#6598=LINE('',#8045,#8046);
#6599=VERTEX_POINT('',#8047);
#6600=CIRCLE('',#8048,0.0041);
#6601=VERTEX_POINT('',#8049);
#6602=LINE('',#8050,#8051);
#6603=VERTEX_POINT('',#8052);
#6604=B_SPLINE_CURVE_WITH_KNOTS('',3,(#8053,#8054,#8055,#8056,#8057,#8058,#8059,#8060,#8061,#8062,#8063,#8064),.UNSPECIFIED.,.F.,.F.,(4,2,2,2,2,4),(0.0,0.00117193342016079,0.00234386684032157,0.00351580026048235,0.00441798941434776,0.00532017856821318),.UNSPECIFIED.);
#6605=VERTEX_POINT('',#8065);
#6606=B_SPLINE_CURVE_WITH_KNOTS('',3,(#8066,#8067,#8068,#8069),.UNSPECIFIED.,.F.,.F.,(4,4),(-1.0,-0.671734148766977),.UNSPECIFIED.);
#6607=B_SPLINE_CURVE_WITH_KNOTS('',3,(#8070,#8071,#8072,#8073),.UNSPECIFIED.,.F.,.F.,(4,4),(-1.0,-0.0),.UNSPECIFIED.);
#6608=LINE('',#8074,#8075);
#6609=CIRCLE('',#8076,0.0041);
#6610=VERTEX_POINT('',#8077);
#6611=B_SPLINE_CURVE_WITH_KNOTS('',3,(#8078,#8079,#8080,#8081),.UNSPECIFIED.,.F.,.F.,(4,4),(-1.0,-0.734276227873633),.UNSPECIFIED.);
#6612=VERTEX_POINT('',#8082);
#6613=B_SPLINE_CURVE_WITH_KNOTS('',3,(#8083,#8084,#8085,#8086),.UNSPECIFIED.,.F.,.F.,(4,4),(-1.0,-0.0),.UNSPECIFIED.);
#6614=VERTEX_POINT('',#8087);
#6615=B_SPLINE_CURVE_WITH_KNOTS('',3,(#8088,#8089,#8090,#8091),.UNSPECIFIED.,.F.,.F.,(4,4),(-1.0,-0.0),.UNSPECIFIED.);
#6616=VERTEX_POINT('',#8092);
#6617=B_SPLINE_CURVE_WITH_KNOTS('',3,(#8093,#8094,#8095,#8096),.UNSPECIFIED.,.F.,.F.,(4,4),(-1.0,-0.0),.UNSPECIFIED.);
#6618=B_SPLINE_CURVE_WITH_KNOTS('',3,(#8097,#8098,#8099,#8100),.UNSPECIFIED.,.F.,.F.,(4,4),(-1.0,-0.0),.UNSPECIFIED.);
#6619=LINE('',#8101,#8102);
#6620=CIRCLE('',#8103,0.0041);
#6621=VERTEX_POINT('',#8104);
#6622=B_SPLINE_CURVE_WITH_KNOTS('',3,(#8105,#8106,#8107,#8108),.UNSPECIFIED.,.F.,.F.,(4,4),(-1.0,-0.703787727620992),.UNSPECIFIED.);
#6623=VERTEX_POINT('',#8109);
#6624=B_SPLINE_CURVE_WITH_KNOTS('',3,(#8110,#8111,#8112,#8113),.UNSPECIFIED.,.F.,.F.,(4,4),(-1.0,-0.0),.UNSPECIFIED.);
#6625=VERTEX_POINT('',#8114);
#6626=B_SPLINE_CURVE_WITH_KNOTS('',3,(#8115,#8116,#8117,#8118),.UNSPECIFIED.,.F.,.F.,(4,4),(-1.0,-0.0),.UNSPECIFIED.);
#6627=B_SPLINE_CURVE_WITH_KNOTS('',3,(#8119,#8120,#8121,#8122),.UNSPECIFIED.,.F.,.F.,(4,4),(-1.0,-0.0),.UNSPECIFIED.);
#6628=LINE('',#8123,#8124);
#6629=CIRCLE('',#8125,0.0041);
#6630=VERTEX_POINT('',#8126);
#6631=B_SPLINE_CURVE_WITH_KNOTS('',3,(#8127,#8128,#8129,#8130),.UNSPECIFIED.,.F.,.F.,(4,4),(-1.0,-0.686086869270609),.UNSPECIFIED.);
#6632=VERTEX_POINT('',#8131);
#6633=B_SPLINE_CURVE_WITH_KNOTS('',3,(#8132,#8133,#8134,#8135),.UNSPECIFIED.,.F.,.F.,(4,4),(-1.0,-0.0),.UNSPECIFIED.);
#6634=VERTEX_POINT('',#8136);
#6635=B_SPLINE_CURVE_WITH_KNOTS('',3,(#8137,#8138,#8139,#8140),.UNSPECIFIED.,.F.,.F.,(4,4),(-1.0,-0.0),.UNSPECIFIED.);
#6636=B_SPLINE_CURVE_WITH_KNOTS('',3,(#8141,#8142,#8143,#8144),.UNSPECIFIED.,.F.,.F.,(4,4),(-1.0,-0.0),.UNSPECIFIED.);
#6637=LINE('',#8145,#8146);
#6638=CIRCLE('',#8147,0.0041);
#6639=VERTEX_POINT('',#8148);
#6640=B_SPLINE_CURVE_WITH_KNOTS('',3,(#8149,#8150,#8151,#8152),.UNSPECIFIED.,.F.,.F.,(4,4),(-1.0,-0.0),.UNSPECIFIED.);
#6641=VERTEX_POINT('',#8153);
#6642=B_SPLINE_CURVE_WITH_KNOTS('',3,(#8154,#8155,#8156,#8157),.UNSPECIFIED.,.F.,.F.,(4,4),(-1.0,-0.0),.UNSPECIFIED.);
#6643=VERTEX_POINT('',#8158);
#6644=B_SPLINE_CURVE_WITH_KNOTS('',3,(#8159,#8160,#8161,#8162),.UNSPECIFIED.,.F.,.F.,(4,4),(-1.0,-0.0),.UNSPECIFIED.);
#6645=B_SPLINE_CURVE_WITH_KNOTS('',3,(#8163,#8164,#8165,#8166),.UNSPECIFIED.,.F.,.F.,(4,4),(-1.0,-0.0),.UNSPECIFIED.);
#6646=LINE('',#8167,#8168);
#6647=CIRCLE('',#8169,0.0041);
#6648=VERTEX_POINT('',#8170);
#6649=B_SPLINE_CURVE_WITH_KNOTS('',3,(#8171,#8172,#8173,#8174),.UNSPECIFIED.,.F.,.F.,(4,4),(-1.0,-0.680198866770102),.UNSPECIFIED.);
#6650=VERTEX_POINT('',#8175);
#6651=B_SPLINE_CURVE_WITH_KNOTS('',3,(#8176,#8177,#8178,#8179),.UNSPECIFIED.,.F.,.F.,(4,4),(-1.0,-0.0),.UNSPECIFIED.);
#6652=VERTEX_POINT('',#8180);
#6653=B_SPLINE_CURVE_WITH_KNOTS('',3,(#8181,#8182,#8183,#8184),.UNSPECIFIED.,.F.,.F.,(4,4),(-1.0,-0.0),.UNSPECIFIED.);
#6654=VERTEX_POINT('',#8185);
#6655=B_SPLINE_CURVE_WITH_KNOTS('',3,(#8186,#8187,#8188,#8189),.UNSPECIFIED.,.F.,.F.,(4,4),(-0.465306545350568,-0.0),.UNSPECIFIED.);
#6656=LINE('',#8190,#8191);
#6657=VERTEX_POINT('',#8192);
#6658=B_SPLINE_CURVE_WITH_KNOTS('',3,(#8193,#8194,#8195,#8196,#8197,#8198,#8199),.UNSPECIFIED.,.F.,.F.,(4,3,4),(-0.162025751799975,2.22044604925032E-15,0.644735996900238),.UNSPECIFIED.);
#6659=B_SPLINE_CURVE_WITH_KNOTS('',3,(#8200,#8201,#8202,#8203,#8204,#8205,#8206,#8207,#8208,#8209),.UNSPECIFIED.,.F.,.F.,(4,2,2,2,4),(9.75781955236953E-18,0.00198717948717949,0.00325,0.00451282051282052,0.00650000000000001),.UNSPECIFIED.);
#6660=VERTEX_POINT('',#8210);
#6661=B_SPLINE_CURVE_WITH_KNOTS('',3,(#8211,#8212,#8213,#8214,#8215,#8216,#8217,#8218,#8219,#8220,#8221,#8222),.UNSPECIFIED.,.F.,.F.,(4,2,2,2,2,4),(0.0,0.00117193342016078,0.00234386684032157,0.00351580026048236,0.00428847298734966,0.00506114571421695),.UNSPECIFIED.);
#6662=B_SPLINE_CURVE_WITH_KNOTS('',3,(#8223,#8224,#8225,#8226,#8227,#8228,#8229,#8230,#8231,#8232),.UNSPECIFIED.,.F.,.F.,(4,2,2,2,4),(-0.00650000000000001,-0.00451282051282052,-0.00325,-0.00198717948717949,7.04731412115583E-19),.UNSPECIFIED.);
#6663=VERTEX_POINT('',#8233);
#6664=B_SPLINE_CURVE_WITH_KNOTS('',3,(#8234,#8235,#8236,#8237,#8238,#8239,#8240,#8241,#8242,#8243),.UNSPECIFIED.,.F.,.F.,(4,2,2,2,4),(-0.00650000000000001,-0.00451282051282052,-0.00325,-0.00198717948717949,-1.70761842166467E-18),.UNSPECIFIED.);
#6665=VERTEX_POINT('',#8244);
#6666=B_SPLINE_CURVE_WITH_KNOTS('',3,(#8245,#8246,#8247,#8248,#8249,#8250,#8251,#8252,#8253,#8254,#8255,#8256),.UNSPECIFIED.,.F.,.F.,(4,2,2,2,2,4),(0.0,0.00117193342016077,0.00234386684032155,0.00351580026048233,0.00441798941434774,0.00532017856821314),.UNSPECIFIED.);
#6667=B_SPLINE_CURVE_WITH_KNOTS('',3,(#8257,#8258,#8259,#8260,#8261,#8262,#8263,#8264,#8265,#8266),.UNSPECIFIED.,.F.,.F.,(4,2,2,2,4),(4.06575814682064E-19,0.00198717948717949,0.00325,0.00451282051282052,0.00650000000000001),.UNSPECIFIED.);
#6668=VERTEX_POINT('',#8267);
#6669=LINE('',#8268,#8269);
#6670=LINE('',#8270,#8271);
#6671=CIRCLE('',#8272,0.0016);
#6672=CIRCLE('',#8273,0.0016);
#6673=LINE('',#8274,#8275);
#6674=VERTEX_POINT('',#8276);
#6675=CIRCLE('',#8277,0.0041);
#6676=LINE('',#8278,#8279);
#6677=LINE('',#8280,#8281);
#6678=VERTEX_POINT('',#8282);
#6679=B_SPLINE_CURVE_WITH_KNOTS('',3,(#8283,#8284,#8285,#8286),.UNSPECIFIED.,.F.,.F.,(4,4),(-1.0,-0.0),.UNSPECIFIED.);
#6680=VERTEX_POINT('',#8287);
#6681=B_SPLINE_CURVE_WITH_KNOTS('',3,(#8288,#8289,#8290,#8291),.UNSPECIFIED.,.F.,.F.,(4,4),(-1.0,-0.0),.UNSPECIFIED.);
#6682=VERTEX_POINT('',#8292);
#6683=B_SPLINE_CURVE_WITH_KNOTS('',3,(#8293,#8294,#8295,#8296),.UNSPECIFIED.,.F.,.F.,(4,4),(-1.0,-0.0),.UNSPECIFIED.);
#6684=VERTEX_POINT('',#8297);
#6685=B_SPLINE_CURVE_WITH_KNOTS('',3,(#8298,#8299,#8300,#8301),.UNSPECIFIED.,.F.,.F.,(4,4),(-1.0,-0.0),.UNSPECIFIED.);
#6686=VERTEX_POINT('',#8302);
#6687=B_SPLINE_CURVE_WITH_KNOTS('',3,(#8303,#8304,#8305,#8306),.UNSPECIFIED.,.F.,.F.,(4,4),(-1.0,-0.0),.UNSPECIFIED.);
#6688=VERTEX_POINT('',#8307);
#6689=B_SPLINE_CURVE_WITH_KNOTS('',3,(#8308,#8309,#8310,#8311),.UNSPECIFIED.,.F.,.F.,(4,4),(-1.0,-0.0),.UNSPECIFIED.);
#6690=B_SPLINE_CURVE_WITH_KNOTS('',3,(#8312,#8313,#8314,#8315),.UNSPECIFIED.,.F.,.F.,(4,4),(-1.0,-0.223139029809113),.UNSPECIFIED.);
#6691=VERTEX_POINT('',#8316);
#6692=LINE('',#8317,#8318);
#6693=VERTEX_POINT('',#8319);
#6694=B_SPLINE_CURVE_WITH_KNOTS('',3,(#8320,#8321,#8322,#8323),.UNSPECIFIED.,.F.,.F.,(4,4),(-0.465306545350568,-0.0),.UNSPECIFIED.);
#6695=VERTEX_POINT('',#8324);
#6696=B_SPLINE_CURVE_WITH_KNOTS('',3,(#8325,#8326,#8327,#8328),.UNSPECIFIED.,.F.,.F.,(4,4),(-1.0,-0.0),.UNSPECIFIED.);
#6697=VERTEX_POINT('',#8329);
#6698=B_SPLINE_CURVE_WITH_KNOTS('',3,(#8330,#8331,#8332,#8333),.UNSPECIFIED.,.F.,.F.,(4,4),(-1.0,-0.0),.UNSPECIFIED.);
#6699=B_SPLINE_CURVE_WITH_KNOTS('',3,(#8334,#8335,#8336,#8337),.UNSPECIFIED.,.F.,.F.,(4,4),(-1.0,-0.680198866770102),.UNSPECIFIED.);
#6700=CIRCLE('',#8338,0.0041);
#6701=LINE('',#8339,#8340);
#6702=VERTEX_POINT('',#8341);
#6703=B_SPLINE_CURVE_WITH_KNOTS('',3,(#8342,#8343,#8344,#8345),.UNSPECIFIED.,.F.,.F.,(4,4),(-1.0,-0.0),.UNSPECIFIED.);
#6704=VERTEX_POINT('',#8346);
#6705=B_SPLINE_CURVE_WITH_KNOTS('',3,(#8347,#8348,#8349,#8350),.UNSPECIFIED.,.F.,.F.,(4,4),(-1.0,-0.0),.UNSPECIFIED.);
#6706=VERTEX_POINT('',#8351);
#6707=B_SPLINE_CURVE_WITH_KNOTS('',3,(#8352,#8353,#8354,#8355),.UNSPECIFIED.,.F.,.F.,(4,4),(-1.0,-0.0),.UNSPECIFIED.);
#6708=B_SPLINE_CURVE_WITH_KNOTS('',3,(#8356,#8357,#8358,#8359),.UNSPECIFIED.,.F.,.F.,(4,4),(-1.0,-0.0),.UNSPECIFIED.);
#6709=CIRCLE('',#8360,0.0041);
#6710=LINE('',#8361,#8362);
#6711=VERTEX_POINT('',#8363);
#6712=B_SPLINE_CURVE_WITH_KNOTS('',3,(#8364,#8365,#8366,#8367),.UNSPECIFIED.,.F.,.F.,(4,4),(-1.0,-0.0),.UNSPECIFIED.);
#6713=VERTEX_POINT('',#8368);
#6714=B_SPLINE_CURVE_WITH_KNOTS('',3,(#8369,#8370,#8371,#8372),.UNSPECIFIED.,.F.,.F.,(4,4),(-1.0,-0.0),.UNSPECIFIED.);
#6715=VERTEX_POINT('',#8373);
#6716=B_SPLINE_CURVE_WITH_KNOTS('',3,(#8374,#8375,#8376,#8377),.UNSPECIFIED.,.F.,.F.,(4,4),(-1.0,-0.0),.UNSPECIFIED.);
#6717=B_SPLINE_CURVE_WITH_KNOTS('',3,(#8378,#8379,#8380,#8381),.UNSPECIFIED.,.F.,.F.,(4,4),(-1.0,-0.686086869270609),.UNSPECIFIED.);
#6718=CIRCLE('',#8382,0.0041);
#6719=LINE('',#8383,#8384);
#6720=VERTEX_POINT('',#8385);
#6721=B_SPLINE_CURVE_WITH_KNOTS('',3,(#8386,#8387,#8388,#8389),.UNSPECIFIED.,.F.,.F.,(4,4),(-1.0,-0.0),.UNSPECIFIED.);
#6722=VERTEX_POINT('',#8390);
#6723=B_SPLINE_CURVE_WITH_KNOTS('',3,(#8391,#8392,#8393,#8394),.UNSPECIFIED.,.F.,.F.,(4,4),(-1.0,-0.0),.UNSPECIFIED.);
#6724=VERTEX_POINT('',#8395);
#6725=B_SPLINE_CURVE_WITH_KNOTS('',3,(#8396,#8397,#8398,#8399),.UNSPECIFIED.,.F.,.F.,(4,4),(-1.0,-0.0),.UNSPECIFIED.);
#6726=B_SPLINE_CURVE_WITH_KNOTS('',3,(#8400,#8401,#8402,#8403),.UNSPECIFIED.,.F.,.F.,(4,4),(-1.0,-0.703787727620992),.UNSPECIFIED.);
#6727=CIRCLE('',#8404,0.0041);
#6728=LINE('',#8405,#8406);
#6729=VERTEX_POINT('',#8407);
#6730=B_SPLINE_CURVE_WITH_KNOTS('',3,(#8408,#8409,#8410,#8411),.UNSPECIFIED.,.F.,.F.,(4,4),(-1.0,-0.0),.UNSPECIFIED.);
#6731=VERTEX_POINT('',#8412);
#6732=B_SPLINE_CURVE_WITH_KNOTS('',3,(#8413,#8414,#8415,#8416),.UNSPECIFIED.,.F.,.F.,(4,4),(-1.0,-0.0),.UNSPECIFIED.);
#6733=VERTEX_POINT('',#8417);
#6734=B_SPLINE_CURVE_WITH_KNOTS('',3,(#8418,#8419,#8420,#8421),.UNSPECIFIED.,.F.,.F.,(4,4),(-1.0,-0.0),.UNSPECIFIED.);
#6735=VERTEX_POINT('',#8422);
#6736=B_SPLINE_CURVE_WITH_KNOTS('',3,(#8423,#8424,#8425,#8426),.UNSPECIFIED.,.F.,.F.,(4,4),(-1.0,-0.0),.UNSPECIFIED.);
#6737=B_SPLINE_CURVE_WITH_KNOTS('',3,(#8427,#8428,#8429,#8430),.UNSPECIFIED.,.F.,.F.,(4,4),(-1.0,-0.734276227873633),.UNSPECIFIED.);
#6738=CIRCLE('',#8431,0.0041);
#6739=LINE('',#8432,#8433);
#6740=VERTEX_POINT('',#8434);
#6741=B_SPLINE_CURVE_WITH_KNOTS('',3,(#8435,#8436,#8437,#8438),.UNSPECIFIED.,.F.,.F.,(4,4),(-1.0,-0.0),.UNSPECIFIED.);
#6742=B_SPLINE_CURVE_WITH_KNOTS('',3,(#8439,#8440,#8441,#8442),.UNSPECIFIED.,.F.,.F.,(4,4),(-1.0,-0.671734148766977),.UNSPECIFIED.);
#6743=CIRCLE('',#8443,0.0041);
#6744=LINE('',#8444,#8445);
#6745=CIRCLE('',#8446,0.0016);
#6746=CIRCLE('',#8447,0.0016);
#6747=CIRCLE('',#8448,0.0016);
#6748=CIRCLE('',#8449,0.0016);
#6749=CIRCLE('',#8450,0.0016);
#6750=CIRCLE('',#8451,0.0016);
#6751=CIRCLE('',#8452,0.0016);
#6752=VERTEX_POINT('',#8453);
#6753=VERTEX_POINT('',#8454);
#6754=B_SPLINE_CURVE_WITH_KNOTS('',3,(#8455,#8456,#8457,#8458),.UNSPECIFIED.,.F.,.F.,(4,4),(-1.0,-0.0),.UNSPECIFIED.);
#6755=VERTEX_POINT('',#8459);
#6756=B_SPLINE_CURVE_WITH_KNOTS('',3,(#8460,#8461,#8462,#8463),.UNSPECIFIED.,.F.,.F.,(4,4),(-1.0,-0.0),.UNSPECIFIED.);
#6757=VERTEX_POINT('',#8464);
#6758=B_SPLINE_CURVE_WITH_KNOTS('',3,(#8465,#8466,#8467,#8468),.UNSPECIFIED.,.F.,.F.,(4,4),(-1.0,-0.0),.UNSPECIFIED.);
#6759=VERTEX_POINT('',#8469);
#6760=B_SPLINE_CURVE_WITH_KNOTS('',3,(#8470,#8471,#8472,#8473),.UNSPECIFIED.,.F.,.F.,(4,4),(-1.0,-0.0),.UNSPECIFIED.);
#6761=VERTEX_POINT('',#8474);
#6762=B_SPLINE_CURVE_WITH_KNOTS('',3,(#8475,#8476,#8477,#8478),.UNSPECIFIED.,.F.,.F.,(4,4),(-1.0,-0.0),.UNSPECIFIED.);
#6763=VERTEX_POINT('',#8479);
#6764=B_SPLINE_CURVE_WITH_KNOTS('',3,(#8480,#8481,#8482,#8483),.UNSPECIFIED.,.F.,.F.,(4,4),(-1.0,-0.0),.UNSPECIFIED.);
#6765=VERTEX_POINT('',#8484);
#6766=B_SPLINE_CURVE_WITH_KNOTS('',3,(#8485,#8486,#8487,#8488),.UNSPECIFIED.,.F.,.F.,(4,4),(-1.0,-0.0),.UNSPECIFIED.);
#6767=VERTEX_POINT('',#8489);
#6768=B_SPLINE_CURVE_WITH_KNOTS('',3,(#8490,#8491,#8492,#8493),.UNSPECIFIED.,.F.,.F.,(4,4),(-1.0,-0.0),.UNSPECIFIED.);
#6769=VERTEX_POINT('',#8494);
#6770=B_SPLINE_CURVE_WITH_KNOTS('',3,(#8495,#8496,#8497,#8498),.UNSPECIFIED.,.F.,.F.,(4,4),(-1.0,-0.0),.UNSPECIFIED.);
#6771=VERTEX_POINT('',#8499);
#6772=B_SPLINE_CURVE_WITH_KNOTS('',3,(#8500,#8501,#8502,#8503),.UNSPECIFIED.,.F.,.F.,(4,4),(-1.0,-0.0),.UNSPECIFIED.);
#6773=VERTEX_POINT('',#8504);
#6774=B_SPLINE_CURVE_WITH_KNOTS('',3,(#8505,#8506,#8507,#8508),.UNSPECIFIED.,.F.,.F.,(4,4),(-1.0,-0.0),.UNSPECIFIED.);
#6775=VERTEX_POINT('',#8509);
#6776=B_SPLINE_CURVE_WITH_KNOTS('',3,(#8510,#8511,#8512,#8513),.UNSPECIFIED.,.F.,.F.,(4,4),(-1.0,-0.0),.UNSPECIFIED.);
#6777=VERTEX_POINT('',#8514);
#6778=B_SPLINE_CURVE_WITH_KNOTS('',3,(#8515,#8516,#8517,#8518),.UNSPECIFIED.,.F.,.F.,(4,4),(-1.0,-0.0),.UNSPECIFIED.);
#6779=VERTEX_POINT('',#8519);
#6780=B_SPLINE_CURVE_WITH_KNOTS('',3,(#8520,#8521,#8522,#8523),.UNSPECIFIED.,.F.,.F.,(4,4),(-1.0,-0.0),.UNSPECIFIED.);
#6781=VERTEX_POINT('',#8524);
#6782=B_SPLINE_CURVE_WITH_KNOTS('',3,(#8525,#8526,#8527,#8528),.UNSPECIFIED.,.F.,.F.,(4,4),(-1.0,-0.0),.UNSPECIFIED.);
#6783=VERTEX_POINT('',#8529);
#6784=B_SPLINE_CURVE_WITH_KNOTS('',3,(#8530,#8531,#8532,#8533),.UNSPECIFIED.,.F.,.F.,(4,4),(-1.0,-0.0),.UNSPECIFIED.);
#6785=VERTEX_POINT('',#8534);
#6786=B_SPLINE_CURVE_WITH_KNOTS('',3,(#8535,#8536,#8537,#8538),.UNSPECIFIED.,.F.,.F.,(4,4),(-1.0,-0.0),.UNSPECIFIED.);
#6787=VERTEX_POINT('',#8539);
#6788=B_SPLINE_CURVE_WITH_KNOTS('',3,(#8540,#8541,#8542,#8543),.UNSPECIFIED.,.F.,.F.,(4,4),(-1.0,-0.0),.UNSPECIFIED.);
#6789=VERTEX_POINT('',#8544);
#6790=B_SPLINE_CURVE_WITH_KNOTS('',3,(#8545,#8546,#8547,#8548),.UNSPECIFIED.,.F.,.F.,(4,4),(-1.0,-0.0),.UNSPECIFIED.);
#6791=VERTEX_POINT('',#8549);
#6792=B_SPLINE_CURVE_WITH_KNOTS('',3,(#8550,#8551,#8552,#8553),.UNSPECIFIED.,.F.,.F.,(4,4),(-1.0,-0.0),.UNSPECIFIED.);
#6793=VERTEX_POINT('',#8554);
#6794=B_SPLINE_CURVE_WITH_KNOTS('',3,(#8555,#8556,#8557,#8558),.UNSPECIFIED.,.F.,.F.,(4,4),(-1.0,-0.0),.UNSPECIFIED.);
#6795=VERTEX_POINT('',#8559);
#6796=B_SPLINE_CURVE_WITH_KNOTS('',3,(#8560,#8561,#8562,#8563),.UNSPECIFIED.,.F.,.F.,(4,4),(-1.0,-0.0),.UNSPECIFIED.);
#6797=VERTEX_POINT('',#8564);
#6798=B_SPLINE_CURVE_WITH_KNOTS('',3,(#8565,#8566,#8567,#8568),.UNSPECIFIED.,.F.,.F.,(4,4),(-1.0,-0.0),.UNSPECIFIED.);
#6799=VERTEX_POINT('',#8569);
#6800=B_SPLINE_CURVE_WITH_KNOTS('',3,(#8570,#8571,#8572,#8573),.UNSPECIFIED.,.F.,.F.,(4,4),(-1.0,-0.0),.UNSPECIFIED.);
#6801=VERTEX_POINT('',#8574);
#6802=B_SPLINE_CURVE_WITH_KNOTS('',3,(#8575,#8576,#8577,#8578),.UNSPECIFIED.,.F.,.F.,(4,4),(-1.0,-0.0),.UNSPECIFIED.);
#6803=VERTEX_POINT('',#8579);
#6804=B_SPLINE_CURVE_WITH_KNOTS('',3,(#8580,#8581,#8582,#8583),.UNSPECIFIED.,.F.,.F.,(4,4),(-1.0,-0.0),.UNSPECIFIED.);
#6805=VERTEX_POINT('',#8584);
#6806=B_SPLINE_CURVE_WITH_KNOTS('',3,(#8585,#8586,#8587,#8588),.UNSPECIFIED.,.F.,.F.,(4,4),(-1.0,-0.0),.UNSPECIFIED.);
#6807=VERTEX_POINT('',#8589);
#6808=B_SPLINE_CURVE_WITH_KNOTS('',3,(#8590,#8591,#8592,#8593),.UNSPECIFIED.,.F.,.F.,(4,4),(-1.0,-0.0),.UNSPECIFIED.);
#6809=VERTEX_POINT('',#8594);
#6810=B_SPLINE_CURVE_WITH_KNOTS('',3,(#8595,#8596,#8597,#8598),.UNSPECIFIED.,.F.,.F.,(4,4),(-1.0,-0.0),.UNSPECIFIED.);
#6811=VERTEX_POINT('',#8599);
#6812=B_SPLINE_CURVE_WITH_KNOTS('',3,(#8600,#8601,#8602,#8603),.UNSPECIFIED.,.F.,.F.,(4,4),(-1.0,-0.0),.UNSPECIFIED.);
#6813=VERTEX_POINT('',#8604);
#6814=B_SPLINE_CURVE_WITH_KNOTS('',3,(#8605,#8606,#8607,#8608),.UNSPECIFIED.,.F.,.F.,(4,4),(-1.0,-0.0),.UNSPECIFIED.);
#6815=VERTEX_POINT('',#8609);
#6816=B_SPLINE_CURVE_WITH_KNOTS('',3,(#8610,#8611,#8612,#8613),.UNSPECIFIED.,.F.,.F.,(4,4),(-1.0,-0.0),.UNSPECIFIED.);
#6817=VERTEX_POINT('',#8614);
#6818=B_SPLINE_CURVE_WITH_KNOTS('',3,(#8615,#8616,#8617,#8618),.UNSPECIFIED.,.F.,.F.,(4,4),(-1.0,-0.0),.UNSPECIFIED.);
#6819=VERTEX_POINT('',#8619);
#6820=B_SPLINE_CURVE_WITH_KNOTS('',3,(#8620,#8621,#8622,#8623),.UNSPECIFIED.,.F.,.F.,(4,4),(-1.0,-0.0),.UNSPECIFIED.);
#6821=B_SPLINE_CURVE_WITH_KNOTS('',3,(#8624,#8625,#8626,#8627),.UNSPECIFIED.,.F.,.F.,(4,4),(-1.0,-0.0),.UNSPECIFIED.);
#6822=CIRCLE('',#8628,0.003);
#6823=CIRCLE('',#8629,0.003);
#6824=CIRCLE('',#8630,0.0016);
#6825=CIRCLE('',#8631,0.003);
#6826=CIRCLE('',#8632,0.003);
#6827=CIRCLE('',#8633,0.0016);
#6828=CIRCLE('',#8634,0.003);
#6829=CIRCLE('',#8635,0.003);
#6830=CIRCLE('',#8636,0.0016);
#6831=CIRCLE('',#8637,0.003);
#6832=CIRCLE('',#8638,0.003);
#6833=CIRCLE('',#8639,0.0016);
#6834=CIRCLE('',#8640,0.003);
#6835=CIRCLE('',#8641,0.003);
#6836=CIRCLE('',#8642,0.0016);
#6837=CIRCLE('',#8643,0.003);
#6838=CIRCLE('',#8644,0.003);
#6839=CIRCLE('',#8645,0.0016);
#6840=CIRCLE('',#8646,0.003);
#6841=CIRCLE('',#8647,0.003);
#6842=CIRCLE('',#8648,0.0016);
#6843=CIRCLE('',#8649,0.003);
#6844=CIRCLE('',#8650,0.003);
#6845=LINE('',#8651,#8652);
#6846=LINE('',#8653,#8654);
#6847=LINE('',#8655,#8656);
#6848=LINE('',#8657,#8658);
#6849=LINE('',#8659,#8660);
#6850=LINE('',#8661,#8662);
#6851=LINE('',#8663,#8664);
#6852=LINE('',#8665,#8666);
#6853=LINE('',#8667,#8668);
#6854=LINE('',#8669,#8670);
#6855=LINE('',#8671,#8672);
#6856=LINE('',#8673,#8674);
#6857=LINE('',#8675,#8676);
#6858=LINE('',#8677,#8678);
#6859=LINE('',#8679,#8680);
#6860=LINE('',#8681,#8682);
#6861=LINE('',#8683,#8684);
#6862=LINE('',#8685,#8686);
#6863=LINE('',#8687,#8688);
#6864=LINE('',#8689,#8690);
#6865=LINE('',#8691,#8692);
#6866=LINE('',#8693,#8694);
#6867=LINE('',#8695,#8696);
#6868=LINE('',#8697,#8698);
#6869=VERTEX_POINT('',#8699);
#6870=VERTEX_POINT('',#8700);
#6871=B_SPLINE_CURVE_WITH_KNOTS('',3,(#8701,#8702,#8703,#8704),.UNSPECIFIED.,.F.,.F.,(4,4),(0.0,1.0),.UNSPECIFIED.);
#6872=VERTEX_POINT('',#8705);
#6873=B_SPLINE_CURVE_WITH_KNOTS('',3,(#8706,#8707,#8708,#8709),.UNSPECIFIED.,.F.,.F.,(4,4),(0.0,1.0),.UNSPECIFIED.);
#6874=VERTEX_POINT('',#8710);
#6875=B_SPLINE_CURVE_WITH_KNOTS('',3,(#8711,#8712,#8713,#8714),.UNSPECIFIED.,.F.,.F.,(4,4),(0.0,1.0),.UNSPECIFIED.);
#6876=VERTEX_POINT('',#8715);
#6877=B_SPLINE_CURVE_WITH_KNOTS('',3,(#8716,#8717,#8718,#8719),.UNSPECIFIED.,.F.,.F.,(4,4),(0.0,1.0),.UNSPECIFIED.);
#6878=VERTEX_POINT('',#8720);
#6879=B_SPLINE_CURVE_WITH_KNOTS('',3,(#8721,#8722,#8723,#8724),.UNSPECIFIED.,.F.,.F.,(4,4),(0.0,1.0),.UNSPECIFIED.);
#6880=VERTEX_POINT('',#8725);
#6881=B_SPLINE_CURVE_WITH_KNOTS('',3,(#8726,#8727,#8728,#8729),.UNSPECIFIED.,.F.,.F.,(4,4),(0.0,1.0),.UNSPECIFIED.);
#6882=VERTEX_POINT('',#8730);
#6883=B_SPLINE_CURVE_WITH_KNOTS('',3,(#8731,#8732,#8733,#8734),.UNSPECIFIED.,.F.,.F.,(4,4),(0.0,1.0),.UNSPECIFIED.);
#6884=VERTEX_POINT('',#8735);
#6885=B_SPLINE_CURVE_WITH_KNOTS('',3,(#8736,#8737,#8738,#8739),.UNSPECIFIED.,.F.,.F.,(4,4),(0.0,1.0),.UNSPECIFIED.);
#6886=VERTEX_POINT('',#8740);
#6887=B_SPLINE_CURVE_WITH_KNOTS('',3,(#8741,#8742,#8743,#8744),.UNSPECIFIED.,.F.,.F.,(4,4),(0.0,1.0),.UNSPECIFIED.);
#6888=VERTEX_POINT('',#8745);
#6889=B_SPLINE_CURVE_WITH_KNOTS('',3,(#8746,#8747,#8748,#8749),.UNSPECIFIED.,.F.,.F.,(4,4),(0.0,1.0),.UNSPECIFIED.);
#6890=VERTEX_POINT('',#8750);
#6891=B_SPLINE_CURVE_WITH_KNOTS('',3,(#8751,#8752,#8753,#8754),.UNSPECIFIED.,.F.,.F.,(4,4),(0.0,1.0),.UNSPECIFIED.);
#6892=VERTEX_POINT('',#8755);
#6893=B_SPLINE_CURVE_WITH_KNOTS('',3,(#8756,#8757,#8758,#8759),.UNSPECIFIED.,.F.,.F.,(4,4),(0.0,1.0),.UNSPECIFIED.);
#6894=VERTEX_POINT('',#8760);
#6895=B_SPLINE_CURVE_WITH_KNOTS('',3,(#8761,#8762,#8763,#8764),.UNSPECIFIED.,.F.,.F.,(4,4),(0.0,1.0),.UNSPECIFIED.);
#6896=VERTEX_POINT('',#8765);
#6897=B_SPLINE_CURVE_WITH_KNOTS('',3,(#8766,#8767,#8768,#8769),.UNSPECIFIED.,.F.,.F.,(4,4),(0.0,1.0),.UNSPECIFIED.);
#6898=VERTEX_POINT('',#8770);
#6899=B_SPLINE_CURVE_WITH_KNOTS('',3,(#8771,#8772,#8773,#8774),.UNSPECIFIED.,.F.,.F.,(4,4),(0.0,1.0),.UNSPECIFIED.);
#6900=VERTEX_POINT('',#8775);
#6901=B_SPLINE_CURVE_WITH_KNOTS('',3,(#8776,#8777,#8778,#8779),.UNSPECIFIED.,.F.,.F.,(4,4),(0.0,1.0),.UNSPECIFIED.);
#6902=VERTEX_POINT('',#8780);
#6903=B_SPLINE_CURVE_WITH_KNOTS('',3,(#8781,#8782,#8783,#8784),.UNSPECIFIED.,.F.,.F.,(4,4),(0.0,1.0),.UNSPECIFIED.);
#6904=VERTEX_POINT('',#8785);
#6905=B_SPLINE_CURVE_WITH_KNOTS('',3,(#8786,#8787,#8788,#8789),.UNSPECIFIED.,.F.,.F.,(4,4),(0.0,1.0),.UNSPECIFIED.);
#6906=VERTEX_POINT('',#8790);
#6907=B_SPLINE_CURVE_WITH_KNOTS('',3,(#8791,#8792,#8793,#8794),.UNSPECIFIED.,.F.,.F.,(4,4),(0.0,1.0),.UNSPECIFIED.);
#6908=VERTEX_POINT('',#8795);
#6909=B_SPLINE_CURVE_WITH_KNOTS('',3,(#8796,#8797,#8798,#8799),.UNSPECIFIED.,.F.,.F.,(4,4),(0.0,1.0),.UNSPECIFIED.);
#6910=VERTEX_POINT('',#8800);
#6911=B_SPLINE_CURVE_WITH_KNOTS('',3,(#8801,#8802,#8803,#8804),.UNSPECIFIED.,.F.,.F.,(4,4),(0.0,1.0),.UNSPECIFIED.);
#6912=VERTEX_POINT('',#8805);
#6913=B_SPLINE_CURVE_WITH_KNOTS('',3,(#8806,#8807,#8808,#8809),.UNSPECIFIED.,.F.,.F.,(4,4),(0.0,1.0),.UNSPECIFIED.);
#6914=VERTEX_POINT('',#8810);
#6915=B_SPLINE_CURVE_WITH_KNOTS('',3,(#8811,#8812,#8813,#8814),.UNSPECIFIED.,.F.,.F.,(4,4),(0.0,1.0),.UNSPECIFIED.);
#6916=VERTEX_POINT('',#8815);
#6917=B_SPLINE_CURVE_WITH_KNOTS('',3,(#8816,#8817,#8818,#8819),.UNSPECIFIED.,.F.,.F.,(4,4),(0.0,1.0),.UNSPECIFIED.);
#6918=VERTEX_POINT('',#8820);
#6919=B_SPLINE_CURVE_WITH_KNOTS('',3,(#8821,#8822,#8823,#8824),.UNSPECIFIED.,.F.,.F.,(4,4),(0.0,1.0),.UNSPECIFIED.);
#6920=VERTEX_POINT('',#8825);
#6921=B_SPLINE_CURVE_WITH_KNOTS('',3,(#8826,#8827,#8828,#8829),.UNSPECIFIED.,.F.,.F.,(4,4),(0.0,1.0),.UNSPECIFIED.);
#6922=VERTEX_POINT('',#8830);
#6923=B_SPLINE_CURVE_WITH_KNOTS('',3,(#8831,#8832,#8833,#8834),.UNSPECIFIED.,.F.,.F.,(4,4),(0.0,1.0),.UNSPECIFIED.);
#6924=VERTEX_POINT('',#8835);
#6925=B_SPLINE_CURVE_WITH_KNOTS('',3,(#8836,#8837,#8838,#8839),.UNSPECIFIED.,.F.,.F.,(4,4),(0.0,1.0),.UNSPECIFIED.);
#6926=VERTEX_POINT('',#8840);
#6927=B_SPLINE_CURVE_WITH_KNOTS('',3,(#8841,#8842,#8843,#8844),.UNSPECIFIED.,.F.,.F.,(4,4),(0.0,1.0),.UNSPECIFIED.);
#6928=VERTEX_POINT('',#8845);
#6929=B_SPLINE_CURVE_WITH_KNOTS('',3,(#8846,#8847,#8848,#8849),.UNSPECIFIED.,.F.,.F.,(4,4),(0.0,1.0),.UNSPECIFIED.);
#6930=VERTEX_POINT('',#8850);
#6931=B_SPLINE_CURVE_WITH_KNOTS('',3,(#8851,#8852,#8853,#8854),.UNSPECIFIED.,.F.,.F.,(4,4),(0.0,1.0),.UNSPECIFIED.);
#6932=VERTEX_POINT('',#8855);
#6933=B_SPLINE_CURVE_WITH_KNOTS('',3,(#8856,#8857,#8858,#8859),.UNSPECIFIED.,.F.,.F.,(4,4),(0.0,1.0),.UNSPECIFIED.);
#6934=VERTEX_POINT('',#8860);
#6935=B_SPLINE_CURVE_WITH_KNOTS('',3,(#8861,#8862,#8863,#8864),.UNSPECIFIED.,.F.,.F.,(4,4),(0.0,1.0),.UNSPECIFIED.);
#6936=VERTEX_POINT('',#8865);
#6937=B_SPLINE_CURVE_WITH_KNOTS('',3,(#8866,#8867,#8868,#8869),.UNSPECIFIED.,.F.,.F.,(4,4),(0.0,1.0),.UNSPECIFIED.);
#6938=B_SPLINE_CURVE_WITH_KNOTS('',3,(#8870,#8871,#8872,#8873),.UNSPECIFIED.,.F.,.F.,(4,4),(0.0,1.0),.UNSPECIFIED.);
#6939=LINE('',#8874,#8875);
#6940=LINE('',#8876,#8877);
#6941=LINE('',#8878,#8879);
#6942=LINE('',#8880,#8881);
#6943=LINE('',#8882,#8883);
#6944=LINE('',#8884,#8885);
#6945=LINE('',#8886,#8887);
#6946=LINE('',#8888,#8889);
#6947=LINE('',#8890,#8891);
#6948=LINE('',#8892,#8893);
#6949=LINE('',#8894,#8895);
#6950=LINE('',#8896,#8897);
#6951=LINE('',#8898,#8899);
#6952=LINE('',#8900,#8901);
#6953=LINE('',#8902,#8903);
#6954=LINE('',#8904,#8905);
#6955=LINE('',#8906,#8907);
#6956=LINE('',#8908,#8909);
#6957=LINE('',#8910,#8911);
#6958=LINE('',#8912,#8913);
#6959=LINE('',#8914,#8915);
#6960=LINE('',#8916,#8917);
#6961=LINE('',#8918,#8919);
#6962=LINE('',#8920,#8921);
#6963=LINE('',#8922,#8923);
#6964=LINE('',#8924,#8925);
#6965=LINE('',#8926,#8927);
#6966=LINE('',#8928,#8929);
#6967=LINE('',#8930,#8931);
#6968=LINE('',#8932,#8933);
#6969=LINE('',#8934,#8935);
#6970=LINE('',#8936,#8937);
#6971=LINE('',#8938,#8939);
#6972=LINE('',#8940,#8941);
#6973=LINE('',#8942,#8943);
#6974=CARTESIAN_POINT('',(0.0127390448100027,0.0738880339558006,-0.04754));
#6975=CARTESIAN_POINT('',(0.0127390448100027,0.0738880339558006,-0.03974));
#6976=CARTESIAN_POINT('',(0.0127390448100027,0.0738880339558006,-0.04364));
#6977=VECTOR('',#8944,1.0);
#6978=CARTESIAN_POINT('',(0.0158122397420553,0.0747799268359194,-0.04754));
#6979=AXIS2_PLACEMENT_3D('',#8945,#8946,#8947);
#6980=CARTESIAN_POINT('',(0.0158122397420553,0.0747799268359194,-0.03974));
#6981=CARTESIAN_POINT('',(0.0158122397420553,0.0747799268359194,-0.04364));
#6982=VECTOR('',#8948,1.0);
#6983=AXIS2_PLACEMENT_3D('',#8949,#8950,#8951);
#6984=CARTESIAN_POINT('',(-0.0798139410735433,0.0205145348739485,-0.04754));
#6985=CARTESIAN_POINT('',(-0.0798139410735433,0.0205145348739485,-0.03974));
#6986=CARTESIAN_POINT('',(-0.0798139410735433,0.0205145348739485,-0.04364));
#6987=VECTOR('',#8952,1.0);
#6988=CARTESIAN_POINT('',(-0.0801457351884168,0.0236972872465555,-0.04754));
#6989=AXIS2_PLACEMENT_3D('',#8953,#8954,#8955);
#6990=CARTESIAN_POINT('',(-0.0801457351884168,0.0236972872465555,-0.03974));
#6991=CARTESIAN_POINT('',(-0.0801457351884168,0.0236972872465555,-0.04364));
#6992=VECTOR('',#8956,1.0);
#6993=AXIS2_PLACEMENT_3D('',#8957,#8958,#8959);
#6994=CARTESIAN_POINT('',(-0.0984943168649059,-0.00208932376628651,-0.04754));
#6995=CARTESIAN_POINT('',(-0.0984943168649059,-0.00208932376628651,-0.03974));
#6996=CARTESIAN_POINT('',(-0.0984943168649059,-0.00208932376628651,-0.04364));
#6997=VECTOR('',#8960,1.0);
#6998=CARTESIAN_POINT('',(-0.101619904534494,-0.00140324671542549,-0.04754));
#6999=AXIS2_PLACEMENT_3D('',#8961,#8962,#8963);
#7000=CARTESIAN_POINT('',(-0.101619904534494,-0.00140324671542549,-0.03974));
#7001=CARTESIAN_POINT('',(-0.101619904534494,-0.00140324671542549,-0.04364));
#7002=VECTOR('',#8964,1.0);
#7003=AXIS2_PLACEMENT_3D('',#8965,#8966,#8967);
#7004=CARTESIAN_POINT('',(0.0546380279601634,0.0501520512130392,-0.04754));
#7005=CARTESIAN_POINT('',(0.0546380279601634,0.0501520512130392,-0.03974));
#7006=CARTESIAN_POINT('',(0.0546380279601634,0.0501520512130392,-0.04364));
#7007=VECTOR('',#8968,1.0);
#7008=CARTESIAN_POINT('',(0.0578377064999826,0.0501974080407608,-0.04754));
#7009=AXIS2_PLACEMENT_3D('',#8969,#8970,#8971);
#7010=CARTESIAN_POINT('',(0.0578377064999826,0.0501974080407608,-0.03974));
#7011=CARTESIAN_POINT('',(0.0578377064999826,0.0501974080407608,-0.04364));
#7012=VECTOR('',#8972,1.0);
#7013=AXIS2_PLACEMENT_3D('',#8973,#8974,#8975);
#7014=CARTESIAN_POINT('',(0.0500142456168666,-0.00486163000794665,-0.04754));
#7015=CARTESIAN_POINT('',(0.0500142456168666,-0.00486163000794665,-0.03974));
#7016=CARTESIAN_POINT('',(0.0500142456168666,-0.00486163000794665,-0.04364));
#7017=VECTOR('',#8976,1.0);
#7018=CARTESIAN_POINT('',(0.0503539039155354,-0.00804355273487535,-0.04754));
#7019=AXIS2_PLACEMENT_3D('',#8977,#8978,#8979);
#7020=CARTESIAN_POINT('',(0.0503539039155354,-0.00804355273487535,-0.03974));
#7021=CARTESIAN_POINT('',(0.0503539039155354,-0.00804355273487535,-0.04364));
#7022=VECTOR('',#8980,1.0);
#7023=AXIS2_PLACEMENT_3D('',#8981,#8982,#8983);
#7024=CARTESIAN_POINT('',(0.0100400412670416,-0.0123638404281967,-0.04754));
#7025=CARTESIAN_POINT('',(0.0100400412670416,-0.0123638404281967,-0.03974));
#7026=CARTESIAN_POINT('',(0.0100400412670416,-0.0123638404281967,-0.04364));
#7027=VECTOR('',#8984,1.0);
#7028=CARTESIAN_POINT('',(0.00982569799516441,-0.0155566537584433,-0.04754));
#7029=AXIS2_PLACEMENT_3D('',#8985,#8986,#8987);
#7030=CARTESIAN_POINT('',(0.00982569799516441,-0.0155566537584433,-0.03974));
#7031=CARTESIAN_POINT('',(0.00982569799516441,-0.0155566537584433,-0.04364));
#7032=VECTOR('',#8988,1.0);
#7033=AXIS2_PLACEMENT_3D('',#8989,#8990,#8991);
#7034=CARTESIAN_POINT('',(-0.0461897631359065,-0.0615457726689031,-0.04754));
#7035=CARTESIAN_POINT('',(-0.0461897631359065,-0.0615457726689031,-0.03974));
#7036=CARTESIAN_POINT('',(-0.0461897631359065,-0.0615457726689031,-0.04364));
#7037=VECTOR('',#8992,1.0);
#7038=CARTESIAN_POINT('',(-0.0459053189743935,-0.0647331056478969,-0.04754));
#7039=AXIS2_PLACEMENT_3D('',#8993,#8994,#8995);
#7040=CARTESIAN_POINT('',(-0.0459053189743935,-0.0647331056478969,-0.03974));
#7041=CARTESIAN_POINT('',(-0.0459053189743935,-0.0647331056478969,-0.04364));
#7042=VECTOR('',#8996,1.0);
#7043=AXIS2_PLACEMENT_3D('',#8997,#8998,#8999);
#7044=CARTESIAN_POINT('',(0.0102074969481956,-0.00986945501394142,-0.04624));
#7045=CARTESIAN_POINT('',(0.0102074969481956,-0.00986945501394142,-0.03974));
#7046=CARTESIAN_POINT('',(0.0102074969481956,-0.00986945501394142,-0.04299));
#7047=VECTOR('',#9000,1.0);
#7048=CARTESIAN_POINT('',(0.005842077551724,-0.01368561977622,-0.04624));
#7049=AXIS2_PLACEMENT_3D('',#9001,#9002,#9003);
#7050=CARTESIAN_POINT('',(0.005842077551724,-0.01368561977622,-0.03974));
#7051=CARTESIAN_POINT('',(0.005842077551724,-0.01368561977622,-0.04774));
#7052=VECTOR('',#9004,1.0);
#7053=AXIS2_PLACEMENT_3D('',#9005,#9006,#9007);
#7054=CARTESIAN_POINT('',(-0.0464119851370886,-0.0590556687790643,-0.04624));
#7055=CARTESIAN_POINT('',(-0.0464119851370886,-0.0590556687790643,-0.03974));
#7056=CARTESIAN_POINT('',(-0.0464119851370886,-0.0590556687790643,-0.04299));
#7057=VECTOR('',#9008,1.0);
#7058=CARTESIAN_POINT('',(-0.05013131143449,-0.06350388324033,-0.04624));
#7059=AXIS2_PLACEMENT_3D('',#9009,#9010,#9011);
#7060=CARTESIAN_POINT('',(-0.05013131143449,-0.06350388324033,-0.03974));
#7061=CARTESIAN_POINT('',(-0.05013131143449,-0.06350388324033,-0.04774));
#7062=VECTOR('',#9012,1.0);
#7063=AXIS2_PLACEMENT_3D('',#9013,#9014,#9015);
#7064=CARTESIAN_POINT('',(-0.0960524514980401,-0.00262532146227168,-0.04624));
#7065=CARTESIAN_POINT('',(-0.0960524514980401,-0.00262532146227168,-0.03974));
#7066=CARTESIAN_POINT('',(-0.0960524514980401,-0.00262532146227168,-0.04299));
#7067=VECTOR('',#9016,1.0);
#7068=CARTESIAN_POINT('',(-0.09917807447834,0.002258373960804,-0.04624));
#7069=AXIS2_PLACEMENT_3D('',#9017,#9018,#9019);
#7070=CARTESIAN_POINT('',(-0.09917807447834,0.002258373960804,-0.03974));
#7071=CARTESIAN_POINT('',(-0.09917807447834,0.002258373960804,-0.04774));
#7072=VECTOR('',#9020,1.0);
#7073=AXIS2_PLACEMENT_3D('',#9021,#9022,#9023);
#7074=CARTESIAN_POINT('',(-0.0795547269212983,0.0180280095828493,-0.04624));
#7075=CARTESIAN_POINT('',(-0.0795547269212983,0.0180280095828493,-0.03974));
#7076=CARTESIAN_POINT('',(-0.0795547269212983,0.0180280095828493,-0.04299));
#7077=VECTOR('',#9024,1.0);
#7078=CARTESIAN_POINT('',(-0.07590193665357,0.022531022269935,-0.04624));
#7079=AXIS2_PLACEMENT_3D('',#9025,#9026,#9027);
#7080=CARTESIAN_POINT('',(-0.07590193665357,0.022531022269935,-0.03974));
#7081=CARTESIAN_POINT('',(-0.07590193665357,0.022531022269935,-0.04774));
#7082=VECTOR('',#9028,1.0);
#7083=AXIS2_PLACEMENT_3D('',#9029,#9030,#9031);
#7084=CARTESIAN_POINT('',(0.0521382791009297,0.0501166161913817,-0.04624));
#7085=CARTESIAN_POINT('',(0.0521382791009297,0.0501166161913817,-0.03974));
#7086=CARTESIAN_POINT('',(0.0521382791009297,0.0501166161913817,-0.04299));
#7087=VECTOR('',#9032,1.0);
#7088=CARTESIAN_POINT('',(0.056295980665592,0.046075141497757,-0.04624));
#7089=AXIS2_PLACEMENT_3D('',#9033,#9034,#9035);
#7090=CARTESIAN_POINT('',(0.056295980665592,0.046075141497757,-0.03974));
#7091=CARTESIAN_POINT('',(0.056295980665592,0.046075141497757,-0.04774));
#7092=VECTOR('',#9036,1.0);
#7093=AXIS2_PLACEMENT_3D('',#9037,#9038,#9039);
#7094=CARTESIAN_POINT('',(0.0497488875710315,-0.0023757528775336,-0.04624));
#7095=CARTESIAN_POINT('',(0.0497488875710315,-0.0023757528775336,-0.03974));
#7096=CARTESIAN_POINT('',(0.0497488875710315,-0.0023757528775336,-0.04299));
#7097=VECTOR('',#9040,1.0);
#7098=CARTESIAN_POINT('',(0.046107236272323,-0.006887778566579,-0.04624));
#7099=AXIS2_PLACEMENT_3D('',#9041,#9042,#9043);
#7100=CARTESIAN_POINT('',(0.046107236272323,-0.006887778566579,-0.03974));
#7101=CARTESIAN_POINT('',(0.046107236272323,-0.006887778566579,-0.04774));
#7102=VECTOR('',#9044,1.0);
#7103=AXIS2_PLACEMENT_3D('',#9045,#9046,#9047);
#7104=CARTESIAN_POINT('',(-0.05295010918184,0.026433458783637,-0.04754));
#7105=CARTESIAN_POINT('',(-0.05295010918184,0.026433458783637,-0.05074));
#7106=CARTESIAN_POINT('',(-0.05295010918184,0.026433458783637,-0.05074));
#7107=VECTOR('',#9048,1.0);
#7108=CARTESIAN_POINT('',(-0.04695010918184,0.026433458783637,-0.04754));
#7109=AXIS2_PLACEMENT_3D('',#9049,#9050,#9051);
#7110=CARTESIAN_POINT('',(-0.04695010918184,0.026433458783637,-0.05074));
#7111=CARTESIAN_POINT('',(-0.04695010918184,0.026433458783637,-0.05074));
#7112=VECTOR('',#9052,1.0);
#7113=AXIS2_PLACEMENT_3D('',#9053,#9054,#9055);
#7114=CARTESIAN_POINT('',(-0.08297983813098,0.022105911060252,-0.04754));
#7115=CARTESIAN_POINT('',(-0.08297983813098,0.022105911060252,-0.05074));
#7116=CARTESIAN_POINT('',(-0.08297983813098,0.022105911060252,-0.05074));
#7117=VECTOR('',#9056,1.0);
#7118=CARTESIAN_POINT('',(-0.07697983813098,0.022105911060252,-0.04754));
#7119=AXIS2_PLACEMENT_3D('',#9057,#9058,#9059);
#7120=CARTESIAN_POINT('',(-0.07697983813098,0.022105911060252,-0.05074));
#7121=CARTESIAN_POINT('',(-0.07697983813098,0.022105911060252,-0.05074));
#7122=VECTOR('',#9060,1.0);
#7123=AXIS2_PLACEMENT_3D('',#9061,#9062,#9063);
#7124=CARTESIAN_POINT('',(-0.1030571106997,-0.001746285240856,-0.04754));
#7125=CARTESIAN_POINT('',(-0.1030571106997,-0.001746285240856,-0.05074));
#7126=CARTESIAN_POINT('',(-0.1030571106997,-0.001746285240856,-0.05074));
#7127=VECTOR('',#9064,1.0);
#7128=CARTESIAN_POINT('',(-0.0970571106997,-0.001746285240856,-0.04754));
#7129=AXIS2_PLACEMENT_3D('',#9065,#9066,#9067);
#7130=CARTESIAN_POINT('',(-0.0970571106997,-0.001746285240856,-0.05074));
#7131=CARTESIAN_POINT('',(-0.0970571106997,-0.001746285240856,-0.05074));
#7132=VECTOR('',#9068,1.0);
#7133=AXIS2_PLACEMENT_3D('',#9069,#9070,#9071);
#7134=CARTESIAN_POINT('',(-0.04904754105515,-0.0631394391584,-0.04754));
#7135=CARTESIAN_POINT('',(-0.04904754105515,-0.0631394391584,-0.05074));
#7136=CARTESIAN_POINT('',(-0.04904754105515,-0.0631394391584,-0.05074));
#7137=VECTOR('',#9072,1.0);
#7138=CARTESIAN_POINT('',(-0.04304754105515,-0.0631394391584,-0.04754));
#7139=AXIS2_PLACEMENT_3D('',#9073,#9074,#9075);
#7140=CARTESIAN_POINT('',(-0.04304754105515,-0.0631394391584,-0.05074));
#7141=CARTESIAN_POINT('',(-0.04304754105515,-0.0631394391584,-0.05074));
#7142=VECTOR('',#9076,1.0);
#7143=AXIS2_PLACEMENT_3D('',#9077,#9078,#9079);
#7144=CARTESIAN_POINT('',(0.006932869631103,-0.01396024709332,-0.04754));
#7145=CARTESIAN_POINT('',(0.006932869631103,-0.01396024709332,-0.05074));
#7146=CARTESIAN_POINT('',(0.006932869631103,-0.01396024709332,-0.05074));
#7147=VECTOR('',#9080,1.0);
#7148=CARTESIAN_POINT('',(0.012932869631103,-0.01396024709332,-0.04754));
#7149=AXIS2_PLACEMENT_3D('',#9081,#9082,#9083);
#7150=CARTESIAN_POINT('',(0.012932869631103,-0.01396024709332,-0.05074));
#7151=CARTESIAN_POINT('',(0.012932869631103,-0.01396024709332,-0.05074));
#7152=VECTOR('',#9084,1.0);
#7153=AXIS2_PLACEMENT_3D('',#9085,#9086,#9087);
#7154=CARTESIAN_POINT('',(0.047184074766201,-0.006452591371411,-0.04754));
#7155=CARTESIAN_POINT('',(0.047184074766201,-0.006452591371411,-0.05074));
#7156=CARTESIAN_POINT('',(0.047184074766201,-0.006452591371411,-0.05074));
#7157=VECTOR('',#9088,1.0);
#7158=CARTESIAN_POINT('',(0.053184074766201,-0.006452591371411,-0.04754));
#7159=AXIS2_PLACEMENT_3D('',#9089,#9090,#9091);
#7160=CARTESIAN_POINT('',(0.053184074766201,-0.006452591371411,-0.05074));
#7161=CARTESIAN_POINT('',(0.053184074766201,-0.006452591371411,-0.05074));
#7162=VECTOR('',#9092,1.0);
#7163=AXIS2_PLACEMENT_3D('',#9093,#9094,#9095);
#7164=CARTESIAN_POINT('',(0.053237867230073,0.0501747296269,-0.04754));
#7165=CARTESIAN_POINT('',(0.053237867230073,0.0501747296269,-0.05074));
#7166=CARTESIAN_POINT('',(0.053237867230073,0.0501747296269,-0.05074));
#7167=VECTOR('',#9096,1.0);
#7168=CARTESIAN_POINT('',(0.059237867230073,0.0501747296269,-0.04754));
#7169=AXIS2_PLACEMENT_3D('',#9097,#9098,#9099);
#7170=CARTESIAN_POINT('',(0.059237867230073,0.0501747296269,-0.05074));
#7171=CARTESIAN_POINT('',(0.059237867230073,0.0501747296269,-0.05074));
#7172=VECTOR('',#9100,1.0);
#7173=AXIS2_PLACEMENT_3D('',#9101,#9102,#9103);
#7174=CARTESIAN_POINT('',(0.011275642276029,0.07433398039586,-0.04754));
#7175=CARTESIAN_POINT('',(0.011275642276029,0.07433398039586,-0.05074));
#7176=CARTESIAN_POINT('',(0.011275642276029,0.07433398039586,-0.05074));
#7177=VECTOR('',#9104,1.0);
#7178=CARTESIAN_POINT('',(0.017275642276029,0.07433398039586,-0.04754));
#7179=AXIS2_PLACEMENT_3D('',#9105,#9106,#9107);
#7180=CARTESIAN_POINT('',(0.017275642276029,0.07433398039586,-0.05074));
#7181=CARTESIAN_POINT('',(0.017275642276029,0.07433398039586,-0.05074));
#7182=VECTOR('',#9108,1.0);
#7183=AXIS2_PLACEMENT_3D('',#9109,#9110,#9111);
#7184=CARTESIAN_POINT('',(-0.048246191567587,0.0227042946998458,-0.04624));
#7185=CARTESIAN_POINT('',(-0.048246191567587,0.0227042946998458,-0.03974));
#7186=CARTESIAN_POINT('',(-0.048246191567587,0.0227042946998458,-0.04624));
#7187=VECTOR('',#9112,1.0);
#7188=CARTESIAN_POINT('',(-0.04622094509805,0.028137376397892,-0.04624));
#7189=AXIS2_PLACEMENT_3D('',#9113,#9114,#9115);
#7190=CARTESIAN_POINT('',(-0.04622094509805,0.028137376397892,-0.03974));
#7191=CARTESIAN_POINT('',(-0.04622094509805,0.028137376397892,-0.04624));
#7192=VECTOR('',#9116,1.0);
#7193=AXIS2_PLACEMENT_3D('',#9117,#9118,#9119);
#7194=CARTESIAN_POINT('',(-0.05155010918184,0.026433458783637,-0.03974));
#7195=CARTESIAN_POINT('',(-0.05155010918184,0.026433458783637,-0.04754));
#7196=CARTESIAN_POINT('',(-0.05155010918184,0.026433458783637,-0.04364));
#7197=VECTOR('',#9120,1.0);
#7198=CARTESIAN_POINT('',(-0.04835010918184,0.026433458783637,-0.03974));
#7199=AXIS2_PLACEMENT_3D('',#9121,#9122,#9123);
#7200=CARTESIAN_POINT('',(-0.04835010918184,0.026433458783637,-0.04754));
#7201=CARTESIAN_POINT('',(-0.04835010918184,0.026433458783637,-0.04364));
#7202=VECTOR('',#9124,1.0);
#7203=AXIS2_PLACEMENT_3D('',#9125,#9126,#9127);
#7204=CARTESIAN_POINT('',(0.0103381112693367,0.0731912426432078,-0.04624));
#7205=CARTESIAN_POINT('',(0.0103381112693367,0.0731912426432078,-0.03974));
#7206=CARTESIAN_POINT('',(0.0103381112693367,0.0731912426432078,-0.04299));
#7207=VECTOR('',#9128,1.0);
#7208=CARTESIAN_POINT('',(0.015418380028681,0.070396449389167,-0.04624));
#7209=AXIS2_PLACEMENT_3D('',#9129,#9130,#9131);
#7210=CARTESIAN_POINT('',(0.015418380028681,0.070396449389167,-0.03974));
#7211=CARTESIAN_POINT('',(0.015418380028681,0.070396449389167,-0.04774));
#7212=VECTOR('',#9132,1.0);
#7213=AXIS2_PLACEMENT_3D('',#9133,#9134,#9135);
#7214=CARTESIAN_POINT('',(0.0103266945842835,0.0754366191072509,-0.04624));
#7215=CARTESIAN_POINT('',(0.00741386954992645,0.0792433370400031,-0.04624));
#7216=CARTESIAN_POINT('',(0.0103266945842835,0.0754366191072509,-0.04624));
#7217=CARTESIAN_POINT('',(0.0104317530522706,0.0758128714466349,-0.04624));
#7218=CARTESIAN_POINT('',(0.0104623166555529,0.0762060468635319,-0.04624));
#7219=CARTESIAN_POINT('',(0.0103710134655446,0.0769819825218472,-0.04624));
#7220=CARTESIAN_POINT('',(0.0102500195805145,0.0773573243954545,-0.04624));
#7221=CARTESIAN_POINT('',(0.00987096799636135,0.078040502494417,-0.04624));
#7222=CARTESIAN_POINT('',(0.00961653423698191,0.0783418071647853,-0.04624));
#7223=CARTESIAN_POINT('',(0.00904437186877195,0.0787996203910075,-0.04624));
#7224=CARTESIAN_POINT('',(0.00874262201458363,0.0789661071626192,-0.04624));
#7225=CARTESIAN_POINT('',(0.00809606270469925,0.0791901179462098,-0.04624));
#7226=CARTESIAN_POINT('',(0.00775599211742736,0.0792460001016524,-0.04624));
#7227=CARTESIAN_POINT('',(0.00741386954992645,0.0792433370400031,-0.04624));
#7228=CARTESIAN_POINT('',(0.0103266945842835,0.0754366191072509,-0.03974));
#7229=CARTESIAN_POINT('',(0.0103266945842835,0.0754366191072509,-0.04624));
#7230=CARTESIAN_POINT('',(0.0103266945842835,0.0754366191072511,-0.0440733333333334));
#7231=CARTESIAN_POINT('',(0.0103266945842835,0.0754366191072509,-0.0419066666666667));
#7232=CARTESIAN_POINT('',(0.0103266945842835,0.0754366191072509,-0.03974));
#7233=CARTESIAN_POINT('',(0.00741386954993363,0.0792433370400031,-0.03974));
#7234=CARTESIAN_POINT('',(0.0103266945842835,0.0754366191072509,-0.03974));
#7235=CARTESIAN_POINT('',(0.0104317530522706,0.0758128714466349,-0.03974));
#7236=CARTESIAN_POINT('',(0.0104623166555529,0.0762060468635319,-0.03974));
#7237=CARTESIAN_POINT('',(0.0103710134655446,0.0769819825218472,-0.03974));
#7238=CARTESIAN_POINT('',(0.0102500195805145,0.0773573243954545,-0.03974));
#7239=CARTESIAN_POINT('',(0.00987096799636134,0.078040502494417,-0.03974));
#7240=CARTESIAN_POINT('',(0.0096165342369819,0.0783418071647853,-0.03974));
#7241=CARTESIAN_POINT('',(0.00904437186877194,0.0787996203910075,-0.03974));
#7242=CARTESIAN_POINT('',(0.00874262201458362,0.0789661071626193,-0.03974));
#7243=CARTESIAN_POINT('',(0.00809606270469924,0.0791901179462098,-0.03974));
#7244=CARTESIAN_POINT('',(0.00775599211742735,0.0792460001016524,-0.03974));
#7245=CARTESIAN_POINT('',(0.00741386954992644,0.0792433370400031,-0.03974));
#7246=CARTESIAN_POINT('',(0.00741386954992645,0.0792433370400031,-0.03974));
#7247=CARTESIAN_POINT('',(0.00741386954992645,0.0792433370400031,-0.0399633333333333));
#7248=CARTESIAN_POINT('',(0.00741386954992645,0.0792433370400031,-0.0401866666666667));
#7249=CARTESIAN_POINT('',(0.00741386954992645,0.0792433370400031,-0.0408366666666667));
#7250=CARTESIAN_POINT('',(0.00741386954992645,0.0792433370400031,-0.0412633333333333));
#7251=CARTESIAN_POINT('',(0.00741386954992645,0.0792433370400031,-0.0419566666666667));
#7252=CARTESIAN_POINT('',(0.00741386954992644,0.0792433370400031,-0.0422233333333333));
#7253=CARTESIAN_POINT('',(0.00741386954992644,0.0792433370400031,-0.0426566666666667));
#7254=CARTESIAN_POINT('',(0.00741386954992645,0.0792433370400031,-0.0428233333333333));
#7255=CARTESIAN_POINT('',(0.00741386954992645,0.0792433370400031,-0.0431566666666667));
#7256=CARTESIAN_POINT('',(0.00741386954992645,0.0792433370400031,-0.0433233333333333));
#7257=CARTESIAN_POINT('',(0.00741386954992645,0.0792433370400031,-0.0437566666666667));
#7258=CARTESIAN_POINT('',(0.00741386954992645,0.0792433370400031,-0.0440233333333333));
#7259=CARTESIAN_POINT('',(0.00741386954992645,0.0792433370400031,-0.0447166666666667));
#7260=CARTESIAN_POINT('',(0.00741386954992644,0.0792433370400031,-0.0451433333333333));
#7261=CARTESIAN_POINT('',(0.00741386954992644,0.0792433370400031,-0.0457933333333334));
#7262=CARTESIAN_POINT('',(0.00741386954992644,0.0792433370400031,-0.0460166666666667));
#7263=CARTESIAN_POINT('',(0.00741386954992644,0.0792433370400031,-0.04624));
#7264=AXIS2_PLACEMENT_3D('',#9136,#9137,#9138);
#7265=AXIS2_PLACEMENT_3D('',#9139,#9140,#9141);
#7266=CARTESIAN_POINT('',(0.0606453818126792,0.0427361761891236,-0.04624));
#7267=CARTESIAN_POINT('',(0.057624308622255,0.0460939711212765,-0.04624));
#7268=CARTESIAN_POINT('',(0.0606453818126792,0.0427361761891236,-0.04624));
#7269=CARTESIAN_POINT('',(0.0606920112596639,0.0431240277061525,-0.04624));
#7270=CARTESIAN_POINT('',(0.0606624388779094,0.0435172789191641,-0.04624));
#7271=CARTESIAN_POINT('',(0.0604542195383101,0.044270310873976,-0.04624));
#7272=CARTESIAN_POINT('',(0.0602775632708402,0.0446228922198542,-0.04624));
#7273=CARTESIAN_POINT('',(0.0597990444437182,0.0452404941551173,-0.04624));
#7274=CARTESIAN_POINT('',(0.0595017567848664,0.0454996101333821,-0.04624));
#7275=CARTESIAN_POINT('',(0.058930384664584,0.0458284211433023,-0.04624));
#7276=CARTESIAN_POINT('',(0.0586806553163123,0.0459305195090411,-0.04624));
#7277=CARTESIAN_POINT('',(0.0581607226236438,0.0460655025933902,-0.04624));
#7278=CARTESIAN_POINT('',(0.057892866096297,0.046097778039669,-0.04624));
#7279=CARTESIAN_POINT('',(0.057624308622255,0.0460939711212765,-0.04624));
#7280=CARTESIAN_POINT('',(0.0606453818126792,0.0427361761891236,-0.03974));
#7281=CARTESIAN_POINT('',(0.0606453818126792,0.0427361761891236,-0.04624));
#7282=CARTESIAN_POINT('',(0.0606453818126792,0.0427361761891236,-0.0455776068376068));
#7283=CARTESIAN_POINT('',(0.0606453818126792,0.0427361761891236,-0.0449152136752137));
#7284=CARTESIAN_POINT('',(0.0606453818126792,0.0427361761891236,-0.0438318803418803));
#7285=CARTESIAN_POINT('',(0.0606453818126792,0.0427361761891236,-0.0434109401709402));
#7286=CARTESIAN_POINT('',(0.0606453818126792,0.0427361761891236,-0.0425690598290598));
#7287=CARTESIAN_POINT('',(0.0606453818126792,0.0427361761891236,-0.0421481196581197));
#7288=CARTESIAN_POINT('',(0.0606453818126792,0.0427361761891236,-0.0410647863247863));
#7289=CARTESIAN_POINT('',(0.0606453818126792,0.0427361761891236,-0.0404023931623931));
#7290=CARTESIAN_POINT('',(0.0606453818126792,0.0427361761891236,-0.03974));
#7291=CARTESIAN_POINT('',(0.057624308622255,0.0460939711212765,-0.03974));
#7292=CARTESIAN_POINT('',(0.0606453818126792,0.0427361761891236,-0.03974));
#7293=CARTESIAN_POINT('',(0.0606920112596639,0.0431240277061525,-0.03974));
#7294=CARTESIAN_POINT('',(0.0606624388779094,0.0435172789191641,-0.03974));
#7295=CARTESIAN_POINT('',(0.0604542195383101,0.0442703108739759,-0.03974));
#7296=CARTESIAN_POINT('',(0.0602775632708401,0.0446228922198541,-0.03974));
#7297=CARTESIAN_POINT('',(0.0597990444437181,0.0452404941551173,-0.03974));
#7298=CARTESIAN_POINT('',(0.0595017567848663,0.0454996101333821,-0.03974));
#7299=CARTESIAN_POINT('',(0.058930384664584,0.0458284211433023,-0.03974));
#7300=CARTESIAN_POINT('',(0.0586806553163123,0.0459305195090411,-0.03974));
#7301=CARTESIAN_POINT('',(0.0581607226236438,0.0460655025933902,-0.03974));
#7302=CARTESIAN_POINT('',(0.057892866096297,0.046097778039669,-0.03974));
#7303=CARTESIAN_POINT('',(0.057624308622255,0.0460939711212765,-0.03974));
#7304=CARTESIAN_POINT('',(0.057624308622255,0.0460939711212765,-0.03974));
#7305=CARTESIAN_POINT('',(0.057624308622255,0.0460939711212765,-0.0404023931623931));
#7306=CARTESIAN_POINT('',(0.057624308622255,0.0460939711212765,-0.0410647863247863));
#7307=CARTESIAN_POINT('',(0.057624308622255,0.0460939711212765,-0.0421481196581197));
#7308=CARTESIAN_POINT('',(0.057624308622255,0.0460939711212765,-0.0425690598290598));
#7309=CARTESIAN_POINT('',(0.057624308622255,0.0460939711212765,-0.0434109401709402));
#7310=CARTESIAN_POINT('',(0.057624308622255,0.0460939711212765,-0.0438318803418803));
#7311=CARTESIAN_POINT('',(0.057624308622255,0.0460939711212765,-0.0449152136752137));
#7312=CARTESIAN_POINT('',(0.057624308622255,0.0460939711212765,-0.0455776068376068));
#7313=CARTESIAN_POINT('',(0.057624308622255,0.0460939711212765,-0.04624));
#7314=CARTESIAN_POINT('',(0.060524895829131,0.040537516665714,-0.04624));
#7315=CARTESIAN_POINT('',(0.061219808365125,0.0461449388856909,-0.04624));
#7316=CARTESIAN_POINT('',(0.0608189257541605,0.0440925488584664,-0.04624));
#7317=CARTESIAN_POINT('',(0.0604725693291368,0.0421519123630604,-0.04624));
#7318=CARTESIAN_POINT('',(0.060524895829131,0.040537516665714,-0.04624));
#7319=CARTESIAN_POINT('',(0.060524895829131,0.040537516665714,-0.03974));
#7320=CARTESIAN_POINT('',(0.060524895829131,0.040537516665714,-0.04774));
#7321=VECTOR('',#9142,1.0);
#7322=CARTESIAN_POINT('',(0.061219808365125,0.0461449388856909,-0.03974));
#7323=CARTESIAN_POINT('',(0.0608189257541605,0.0440925488584664,-0.03974));
#7324=CARTESIAN_POINT('',(0.0604725693291368,0.0421519123630604,-0.03974));
#7325=CARTESIAN_POINT('',(0.060524895829131,0.040537516665714,-0.03974));
#7326=CARTESIAN_POINT('',(0.0585777502128795,0.054308310392825,-0.04624));
#7327=CARTESIAN_POINT('',(0.0610355060309725,0.0589659024771745,-0.04624));
#7328=CARTESIAN_POINT('',(0.0585777502128795,0.054308310392825,-0.04624));
#7329=CARTESIAN_POINT('',(0.0589683554435654,0.0543138473909749,-0.04624));
#7330=CARTESIAN_POINT('',(0.0593541447764865,0.0543956253397264,-0.04624));
#7331=CARTESIAN_POINT('',(0.0600726617973331,0.0547024570673962,-0.04624));
#7332=CARTESIAN_POINT('',(0.0603985200709172,0.0549245773677617,-0.04624));
#7333=CARTESIAN_POINT('',(0.0609467529741862,0.0554812218702265,-0.04624));
#7334=CARTESIAN_POINT('',(0.0611638861985058,0.0558104242474875,-0.04624));
#7335=CARTESIAN_POINT('',(0.0614597426363005,0.0565335296247089,-0.04624));
#7336=CARTESIAN_POINT('',(0.0615356373009761,0.0569205193431401,-0.04624));
#7337=CARTESIAN_POINT('',(0.0615349186919375,0.0576039156151369,-0.04624));
#7338=CARTESIAN_POINT('',(0.0614917606119696,0.0578950523410968,-0.04624));
#7339=CARTESIAN_POINT('',(0.0613224923169492,0.058455555321922,-0.04624));
#7340=CARTESIAN_POINT('',(0.0611972900032159,0.058721915216998,-0.04624));
#7341=CARTESIAN_POINT('',(0.0610355060309725,0.0589659024771745,-0.04624));
#7342=CARTESIAN_POINT('',(0.0585777502128794,0.054308310392825,-0.03974));
#7343=CARTESIAN_POINT('',(0.0585777502128795,0.054308310392825,-0.04624));
#7344=CARTESIAN_POINT('',(0.0585777502128795,0.054308310392825,-0.0455776068376068));
#7345=CARTESIAN_POINT('',(0.0585777502128794,0.054308310392825,-0.0449152136752137));
#7346=CARTESIAN_POINT('',(0.0585777502128794,0.054308310392825,-0.0438318803418803));
#7347=CARTESIAN_POINT('',(0.0585777502128794,0.054308310392825,-0.0434109401709402));
#7348=CARTESIAN_POINT('',(0.0585777502128794,0.054308310392825,-0.0425690598290598));
#7349=CARTESIAN_POINT('',(0.0585777502128794,0.054308310392825,-0.0421481196581197));
#7350=CARTESIAN_POINT('',(0.0585777502128794,0.054308310392825,-0.0410647863247863));
#7351=CARTESIAN_POINT('',(0.0585777502128795,0.054308310392825,-0.0404023931623932));
#7352=CARTESIAN_POINT('',(0.0585777502128795,0.054308310392825,-0.03974));
#7353=CARTESIAN_POINT('',(0.0610355060309725,0.0589659024771745,-0.03974));
#7354=CARTESIAN_POINT('',(0.0585777502128794,0.0543083103928251,-0.03974));
#7355=CARTESIAN_POINT('',(0.0589683554435654,0.054313847390975,-0.03974));
#7356=CARTESIAN_POINT('',(0.0593541447764865,0.0543956253397264,-0.03974));
#7357=CARTESIAN_POINT('',(0.0600726617973331,0.0547024570673962,-0.03974));
#7358=CARTESIAN_POINT('',(0.0603985200709172,0.0549245773677617,-0.03974));
#7359=CARTESIAN_POINT('',(0.0609467529741862,0.0554812218702266,-0.03974));
#7360=CARTESIAN_POINT('',(0.0611638861985057,0.0558104242474876,-0.03974));
#7361=CARTESIAN_POINT('',(0.0614597426363005,0.0565335296247089,-0.03974));
#7362=CARTESIAN_POINT('',(0.0615356373009761,0.0569205193431401,-0.03974));
#7363=CARTESIAN_POINT('',(0.0615349186919374,0.0576039156151369,-0.03974));
#7364=CARTESIAN_POINT('',(0.0614917606119696,0.0578950523410968,-0.03974));
#7365=CARTESIAN_POINT('',(0.0613224923169492,0.0584555553219219,-0.03974));
#7366=CARTESIAN_POINT('',(0.0611972900032159,0.058721915216998,-0.03974));
#7367=CARTESIAN_POINT('',(0.0610355060309725,0.0589659024771745,-0.03974));
#7368=CARTESIAN_POINT('',(0.0610355060309725,0.0589659024771745,-0.03974));
#7369=CARTESIAN_POINT('',(0.0610355060309725,0.0589659024771745,-0.0404023931623932));
#7370=CARTESIAN_POINT('',(0.0610355060309725,0.0589659024771745,-0.0410647863247863));
#7371=CARTESIAN_POINT('',(0.0610355060309725,0.0589659024771745,-0.0421481196581197));
#7372=CARTESIAN_POINT('',(0.0610355060309725,0.0589659024771745,-0.0425690598290598));
#7373=CARTESIAN_POINT('',(0.0610355060309725,0.0589659024771745,-0.0434109401709402));
#7374=CARTESIAN_POINT('',(0.0610355060309725,0.0589659024771745,-0.0438318803418803));
#7375=CARTESIAN_POINT('',(0.0610355060309725,0.0589659024771745,-0.0449152136752137));
#7376=CARTESIAN_POINT('',(0.0610355060309725,0.0589659024771745,-0.0455776068376068));
#7377=CARTESIAN_POINT('',(0.0610355060309725,0.0589659024771745,-0.04624));
#7378=CARTESIAN_POINT('',(0.056179753794555,0.0542743177560433,-0.04624));
#7379=CARTESIAN_POINT('',(0.0197525606826562,0.0537579465325605,-0.04624));
#7380=VECTOR('',#9143,1.0);
#7381=CARTESIAN_POINT('',(0.056179753794555,0.0542743177560433,-0.03974));
#7382=CARTESIAN_POINT('',(0.056179753794555,0.0542743177560433,-0.04774));
#7383=VECTOR('',#9144,1.0);
#7384=CARTESIAN_POINT('',(0.0197525606826562,0.0537579465325605,-0.03974));
#7385=VECTOR('',#9145,1.0);
#7386=CARTESIAN_POINT('',(0.0544469289827517,-0.00776000153951257,-0.04624));
#7387=CARTESIAN_POINT('',(0.0596657000323721,-0.00944196255123042,-0.04624));
#7388=CARTESIAN_POINT('',(0.0544469289827517,-0.00776000153951257,-0.04624));
#7389=CARTESIAN_POINT('',(0.0544883932443814,-0.00814843920451849,-0.04624));
#7390=CARTESIAN_POINT('',(0.0546053315986151,-0.00852506430140772,-0.04624));
#7391=CARTESIAN_POINT('',(0.054976992273667,-0.00921229116422009,-0.04624));
#7392=CARTESIAN_POINT('',(0.055228161315861,-0.0095163226667672,-0.04624));
#7393=CARTESIAN_POINT('',(0.055832901705112,-0.0100109957709072,-0.04624));
#7394=CARTESIAN_POINT('',(0.0561806914044388,-0.0101969080280069,-0.04624));
#7395=CARTESIAN_POINT('',(0.0569279577338897,-0.0104249550653041,-0.04624));
#7396=CARTESIAN_POINT('',(0.0573202900906126,-0.0104649095915297,-0.04624));
#7397=CARTESIAN_POINT('',(0.0580981867642075,-0.0103921828181857,-0.04624));
#7398=CARTESIAN_POINT('',(0.0584763139648934,-0.0102801968262084,-0.04624));
#7399=CARTESIAN_POINT('',(0.0591405151787219,-0.00993217555598442,-0.04624));
#7400=CARTESIAN_POINT('',(0.0594261797770866,-0.00970966019306043,-0.04624));
#7401=CARTESIAN_POINT('',(0.0596657000323721,-0.00944196255123042,-0.04624));
#7402=CARTESIAN_POINT('',(0.0544469289827517,-0.00776000153951256,-0.03974));
#7403=CARTESIAN_POINT('',(0.0544469289827517,-0.00776000153951257,-0.04624));
#7404=CARTESIAN_POINT('',(0.0544469289827517,-0.00776000153951257,-0.0460166666666667));
#7405=CARTESIAN_POINT('',(0.0544469289827517,-0.00776000153951257,-0.0457933333333333));
#7406=CARTESIAN_POINT('',(0.0544469289827517,-0.00776000153951257,-0.0451433333333333));
#7407=CARTESIAN_POINT('',(0.0544469289827517,-0.00776000153951257,-0.0447166666666667));
#7408=CARTESIAN_POINT('',(0.0544469289827517,-0.00776000153951257,-0.0440233333333333));
#7409=CARTESIAN_POINT('',(0.0544469289827517,-0.00776000153951257,-0.0437566666666667));
#7410=CARTESIAN_POINT('',(0.0544469289827517,-0.00776000153951257,-0.0433233333333333));
#7411=CARTESIAN_POINT('',(0.0544469289827517,-0.00776000153951257,-0.0431566666666667));
#7412=CARTESIAN_POINT('',(0.0544469289827517,-0.00776000153951257,-0.0428233333333333));
#7413=CARTESIAN_POINT('',(0.0544469289827517,-0.00776000153951257,-0.0426566666666667));
#7414=CARTESIAN_POINT('',(0.0544469289827517,-0.00776000153951257,-0.0422233333333333));
#7415=CARTESIAN_POINT('',(0.0544469289827517,-0.00776000153951257,-0.0419566666666667));
#7416=CARTESIAN_POINT('',(0.0544469289827517,-0.00776000153951257,-0.0412633333333333));
#7417=CARTESIAN_POINT('',(0.0544469289827517,-0.00776000153951257,-0.0408366666666667));
#7418=CARTESIAN_POINT('',(0.0544469289827517,-0.00776000153951257,-0.0401866666666667));
#7419=CARTESIAN_POINT('',(0.0544469289827517,-0.00776000153951257,-0.0399633333333334));
#7420=CARTESIAN_POINT('',(0.0544469289827517,-0.00776000153951257,-0.03974));
#7421=CARTESIAN_POINT('',(0.0596657000323721,-0.00944196255123042,-0.03974));
#7422=CARTESIAN_POINT('',(0.0544469289827517,-0.00776000153951257,-0.03974));
#7423=CARTESIAN_POINT('',(0.0544883932443814,-0.00814843920451849,-0.03974));
#7424=CARTESIAN_POINT('',(0.0546053315986151,-0.00852506430140771,-0.03974));
#7425=CARTESIAN_POINT('',(0.054976992273667,-0.00921229116422009,-0.03974));
#7426=CARTESIAN_POINT('',(0.055228161315861,-0.00951632266676715,-0.03974));
#7427=CARTESIAN_POINT('',(0.0558329017051121,-0.0100109957709072,-0.03974));
#7428=CARTESIAN_POINT('',(0.0561806914044388,-0.010196908028007,-0.03974));
#7429=CARTESIAN_POINT('',(0.0569279577338897,-0.0104249550653041,-0.03974));
#7430=CARTESIAN_POINT('',(0.0573202900906126,-0.0104649095915297,-0.03974));
#7431=CARTESIAN_POINT('',(0.0580981867642075,-0.0103921828181857,-0.03974));
#7432=CARTESIAN_POINT('',(0.0584763139648934,-0.0102801968262084,-0.03974));
#7433=CARTESIAN_POINT('',(0.0591405151787219,-0.00993217555598438,-0.03974));
#7434=CARTESIAN_POINT('',(0.0594261797770866,-0.00970966019306044,-0.03974));
#7435=CARTESIAN_POINT('',(0.0596657000323721,-0.00944196255123043,-0.03974));
#7436=CARTESIAN_POINT('',(0.0596657000323721,-0.00944196255123043,-0.03974));
#7437=CARTESIAN_POINT('',(0.0596657000323721,-0.00944196255123042,-0.0399633333333334));
#7438=CARTESIAN_POINT('',(0.0596657000323721,-0.00944196255123042,-0.0401866666666667));
#7439=CARTESIAN_POINT('',(0.0596657000323721,-0.00944196255123042,-0.0408366666666667));
#7440=CARTESIAN_POINT('',(0.0596657000323721,-0.00944196255123042,-0.0412633333333333));
#7441=CARTESIAN_POINT('',(0.0596657000323721,-0.00944196255123042,-0.0419566666666667));
#7442=CARTESIAN_POINT('',(0.0596657000323721,-0.00944196255123042,-0.0422233333333333));
#7443=CARTESIAN_POINT('',(0.0596657000323721,-0.00944196255123042,-0.0426566666666667));
#7444=CARTESIAN_POINT('',(0.0596657000323721,-0.00944196255123042,-0.0428233333333333));
#7445=CARTESIAN_POINT('',(0.0596657000323721,-0.00944196255123042,-0.0431566666666667));
#7446=CARTESIAN_POINT('',(0.0596657000323721,-0.00944196255123042,-0.0433233333333333));
#7447=CARTESIAN_POINT('',(0.0596657000323721,-0.00944196255123042,-0.0437566666666667));
#7448=CARTESIAN_POINT('',(0.0596657000323721,-0.00944196255123042,-0.0440233333333333));
#7449=CARTESIAN_POINT('',(0.0596657000323721,-0.00944196255123042,-0.0447166666666667));
#7450=CARTESIAN_POINT('',(0.0596657000323721,-0.00944196255123042,-0.0451433333333333));
#7451=CARTESIAN_POINT('',(0.0596657000323721,-0.00944196255123042,-0.0457933333333333));
#7452=CARTESIAN_POINT('',(0.0596657000323721,-0.00944196255123042,-0.0460166666666667));
#7453=CARTESIAN_POINT('',(0.0596657000323721,-0.00944196255123043,-0.04624));
#7454=CARTESIAN_POINT('',(0.0542609132600785,-0.00601740417624294,-0.04624));
#7455=CARTESIAN_POINT('',(0.0531896083603689,0.00401859206198299,-0.04624));
#7456=VECTOR('',#9146,1.0);
#7457=CARTESIAN_POINT('',(0.0542609132600785,-0.00601740417624294,-0.03974));
#7458=CARTESIAN_POINT('',(0.0542609132600785,-0.00601740417624294,-0.04774));
#7459=VECTOR('',#9147,1.0);
#7460=CARTESIAN_POINT('',(0.0531896083603689,0.00401859206198299,-0.03974));
#7461=VECTOR('',#9148,1.0);
#7462=CARTESIAN_POINT('',(0.0438716836641492,-0.0105006840159357,-0.04624));
#7463=CARTESIAN_POINT('',(0.0461476914762808,-0.00726676336807033,-0.04624));
#7464=CARTESIAN_POINT('',(0.0438716836641491,-0.0105006840159357,-0.04624));
#7465=CARTESIAN_POINT('',(0.0442513238120062,-0.0104086163086614,-0.04624));
#7466=CARTESIAN_POINT('',(0.044609351522618,-0.0102432766560313,-0.04624));
#7467=CARTESIAN_POINT('',(0.0452418774568337,-0.0097846664065868,-0.04624));
#7468=CARTESIAN_POINT('',(0.0455103283877533,-0.00949578037371903,-0.04624));
#7469=CARTESIAN_POINT('',(0.0458899733677127,-0.00888214072080432,-0.04624));
#7470=CARTESIAN_POINT('',(0.0460163271277201,-0.00857382619489983,-0.04624));
#7471=CARTESIAN_POINT('',(0.0461632534164783,-0.00792846009684231,-0.04624));
#7472=CARTESIAN_POINT('',(0.0461828184969377,-0.00759583368902367,-0.04624));
#7473=CARTESIAN_POINT('',(0.0461476914762808,-0.00726676336807033,-0.04624));
#7474=CARTESIAN_POINT('',(0.0438716836641491,-0.0105006840159357,-0.03974));
#7475=CARTESIAN_POINT('',(0.0438716836641491,-0.0105006840159357,-0.04624));
#7476=CARTESIAN_POINT('',(0.0438716836641491,-0.0105006840159357,-0.0455776068376068));
#7477=CARTESIAN_POINT('',(0.0438716836641491,-0.0105006840159357,-0.0449152136752137));
#7478=CARTESIAN_POINT('',(0.0438716836641491,-0.0105006840159357,-0.0438318803418803));
#7479=CARTESIAN_POINT('',(0.0438716836641491,-0.0105006840159357,-0.0434109401709402));
#7480=CARTESIAN_POINT('',(0.0438716836641491,-0.0105006840159357,-0.0425690598290598));
#7481=CARTESIAN_POINT('',(0.0438716836641491,-0.0105006840159357,-0.0421481196581197));
#7482=CARTESIAN_POINT('',(0.0438716836641491,-0.0105006840159357,-0.0410647863247863));
#7483=CARTESIAN_POINT('',(0.0438716836641491,-0.0105006840159357,-0.0404023931623932));
#7484=CARTESIAN_POINT('',(0.0438716836641491,-0.0105006840159357,-0.03974));
#7485=CARTESIAN_POINT('',(0.0461476914762808,-0.00726676336807033,-0.03974));
#7486=CARTESIAN_POINT('',(0.0438716836641491,-0.0105006840159357,-0.03974));
#7487=CARTESIAN_POINT('',(0.0442513238120063,-0.0104086163086614,-0.03974));
#7488=CARTESIAN_POINT('',(0.044609351522618,-0.0102432766560313,-0.03974));
#7489=CARTESIAN_POINT('',(0.0452418774568337,-0.00978466640658679,-0.03974));
#7490=CARTESIAN_POINT('',(0.0455103283877533,-0.00949578037371903,-0.03974));
#7491=CARTESIAN_POINT('',(0.0458899733677127,-0.00888214072080432,-0.03974));
#7492=CARTESIAN_POINT('',(0.0460163271277201,-0.00857382619489983,-0.03974));
#7493=CARTESIAN_POINT('',(0.0461632534164783,-0.00792846009684231,-0.03974));
#7494=CARTESIAN_POINT('',(0.0461828184969377,-0.00759583368902367,-0.03974));
#7495=CARTESIAN_POINT('',(0.0461476914762808,-0.00726676336807033,-0.03974));
#7496=CARTESIAN_POINT('',(0.0461476914762808,-0.00726676336807034,-0.03974));
#7497=CARTESIAN_POINT('',(0.0461476914762808,-0.00726676336807034,-0.0404023931623932));
#7498=CARTESIAN_POINT('',(0.0461476914762808,-0.00726676336807034,-0.0410647863247863));
#7499=CARTESIAN_POINT('',(0.0461476914762808,-0.00726676336807034,-0.0421481196581197));
#7500=CARTESIAN_POINT('',(0.0461476914762808,-0.00726676336807034,-0.0425690598290598));
#7501=CARTESIAN_POINT('',(0.0461476914762808,-0.00726676336807034,-0.0434109401709402));
#7502=CARTESIAN_POINT('',(0.0461476914762808,-0.00726676336807034,-0.0438318803418803));
#7503=CARTESIAN_POINT('',(0.0461476914762808,-0.00726676336807034,-0.0449152136752137));
#7504=CARTESIAN_POINT('',(0.0461476914762808,-0.00726676336807034,-0.0455776068376068));
#7505=CARTESIAN_POINT('',(0.0461476914762808,-0.00726676336807034,-0.04624));
#7506=CARTESIAN_POINT('',(0.041760555711906,-0.01152534754307,-0.04624));
#7507=CARTESIAN_POINT('',(0.0464703113415804,-0.0102890698611562,-0.04624));
#7508=CARTESIAN_POINT('',(0.0446708355788207,-0.0102218685325094,-0.04624));
#7509=CARTESIAN_POINT('',(0.0430268292054564,-0.0104805810353844,-0.04624));
#7510=CARTESIAN_POINT('',(0.041760555711906,-0.01152534754307,-0.04624));
#7511=CARTESIAN_POINT('',(0.041760555711906,-0.01152534754307,-0.03974));
#7512=CARTESIAN_POINT('',(0.041760555711906,-0.01152534754307,-0.04774));
#7513=VECTOR('',#9149,1.0);
#7514=CARTESIAN_POINT('',(0.0464703113415804,-0.0102890698611562,-0.03974));
#7515=CARTESIAN_POINT('',(0.0446708355788207,-0.0102218685325094,-0.03974));
#7516=CARTESIAN_POINT('',(0.0430268292054564,-0.0104805810353844,-0.03974));
#7517=CARTESIAN_POINT('',(0.041760555711906,-0.01152534754307,-0.03974));
#7518=CARTESIAN_POINT('',(0.01402018868762,-0.0142866078452598,-0.04624));
#7519=CARTESIAN_POINT('',(0.0157363238229682,-0.0172021348699417,-0.04624));
#7520=CARTESIAN_POINT('',(0.01402018868762,-0.0142866078452598,-0.04624));
#7521=CARTESIAN_POINT('',(0.0140068136298674,-0.0144858399569631,-0.04624));
#7522=CARTESIAN_POINT('',(0.0140133961455539,-0.0146864065885587,-0.04624));
#7523=CARTESIAN_POINT('',(0.0140662154239438,-0.0150822593766567,-0.04624));
#7524=CARTESIAN_POINT('',(0.0141124507897653,-0.015277535064262,-0.04624));
#7525=CARTESIAN_POINT('',(0.0142427404229275,-0.0156550452197611,-0.04624));
#7526=CARTESIAN_POINT('',(0.0143267912445713,-0.0158372697038552,-0.04624));
#7527=CARTESIAN_POINT('',(0.0145293735200185,-0.016181434966032,-0.04624));
#7528=CARTESIAN_POINT('',(0.0146478996162419,-0.0163433666421686,-0.04624));
#7529=CARTESIAN_POINT('',(0.014914723910514,-0.016640509876991,-0.04624));
#7530=CARTESIAN_POINT('',(0.0150630150520101,-0.016775713577296,-0.04624));
#7531=CARTESIAN_POINT('',(0.0153834777626033,-0.0170140263069891,-0.04624));
#7532=CARTESIAN_POINT('',(0.0155556408566027,-0.0171171290338538,-0.04624));
#7533=CARTESIAN_POINT('',(0.0157363238229682,-0.0172021348699417,-0.04624));
#7534=CARTESIAN_POINT('',(0.01402018868762,-0.0142866078452598,-0.03974));
#7535=CARTESIAN_POINT('',(0.01402018868762,-0.0142866078452598,-0.04624));
#7536=CARTESIAN_POINT('',(0.01402018868762,-0.0142866078452598,-0.0455776068376069));
#7537=CARTESIAN_POINT('',(0.01402018868762,-0.0142866078452598,-0.0449152136752137));
#7538=CARTESIAN_POINT('',(0.01402018868762,-0.0142866078452598,-0.0438318803418803));
#7539=CARTESIAN_POINT('',(0.01402018868762,-0.0142866078452598,-0.0434109401709402));
#7540=CARTESIAN_POINT('',(0.01402018868762,-0.0142866078452598,-0.0425690598290598));
#7541=CARTESIAN_POINT('',(0.01402018868762,-0.0142866078452598,-0.0421481196581197));
#7542=CARTESIAN_POINT('',(0.01402018868762,-0.0142866078452598,-0.0410647863247863));
#7543=CARTESIAN_POINT('',(0.01402018868762,-0.0142866078452598,-0.0404023931623931));
#7544=CARTESIAN_POINT('',(0.01402018868762,-0.0142866078452598,-0.03974));
#7545=CARTESIAN_POINT('',(0.0157363238229682,-0.0172021348699417,-0.03974));
#7546=CARTESIAN_POINT('',(0.01402018868762,-0.0142866078452598,-0.03974));
#7547=CARTESIAN_POINT('',(0.0140068136298674,-0.0144858399569631,-0.03974));
#7548=CARTESIAN_POINT('',(0.0140133961455539,-0.0146864065885587,-0.03974));
#7549=CARTESIAN_POINT('',(0.0140662154239438,-0.0150822593766567,-0.03974));
#7550=CARTESIAN_POINT('',(0.0141124507897653,-0.015277535064262,-0.03974));
#7551=CARTESIAN_POINT('',(0.0142427404229275,-0.0156550452197611,-0.03974));
#7552=CARTESIAN_POINT('',(0.0143267912445713,-0.0158372697038552,-0.03974));
#7553=CARTESIAN_POINT('',(0.0145293735200185,-0.016181434966032,-0.03974));
#7554=CARTESIAN_POINT('',(0.0146478996162419,-0.0163433666421686,-0.03974));
#7555=CARTESIAN_POINT('',(0.014914723910514,-0.016640509876991,-0.03974));
#7556=CARTESIAN_POINT('',(0.0150630150520101,-0.016775713577296,-0.03974));
#7557=CARTESIAN_POINT('',(0.0153834777626033,-0.0170140263069891,-0.03974));
#7558=CARTESIAN_POINT('',(0.0155556408566027,-0.0171171290338538,-0.03974));
#7559=CARTESIAN_POINT('',(0.0157363238229682,-0.0172021348699417,-0.03974));
#7560=CARTESIAN_POINT('',(0.0157363238229682,-0.0172021348699417,-0.03974));
#7561=CARTESIAN_POINT('',(0.0157363238229682,-0.0172021348699417,-0.0404023931623931));
#7562=CARTESIAN_POINT('',(0.0157363238229682,-0.0172021348699417,-0.0410647863247863));
#7563=CARTESIAN_POINT('',(0.0157363238229682,-0.0172021348699417,-0.0421481196581197));
#7564=CARTESIAN_POINT('',(0.0157363238229682,-0.0172021348699417,-0.0425690598290598));
#7565=CARTESIAN_POINT('',(0.0157363238229682,-0.0172021348699417,-0.0434109401709402));
#7566=CARTESIAN_POINT('',(0.0157363238229682,-0.0172021348699417,-0.0438318803418803));
#7567=CARTESIAN_POINT('',(0.0157363238229682,-0.0172021348699417,-0.0449152136752137));
#7568=CARTESIAN_POINT('',(0.0157363238229682,-0.0172021348699417,-0.0455776068376069));
#7569=CARTESIAN_POINT('',(0.0157363238229682,-0.0172021348699417,-0.04624));
#7570=CARTESIAN_POINT('',(0.0140236617104824,-0.0142348744104101,-0.04624));
#7571=CARTESIAN_POINT('',(0.0146905013212801,-0.00430176860379716,-0.04624));
#7572=VECTOR('',#9150,1.0);
#7573=CARTESIAN_POINT('',(0.0140236617104824,-0.0142348744104101,-0.03974));
#7574=CARTESIAN_POINT('',(0.0140236617104824,-0.0142348744104101,-0.04774));
#7575=VECTOR('',#9151,1.0);
#7576=CARTESIAN_POINT('',(0.0146905013212801,-0.00430176860379716,-0.03974));
#7577=VECTOR('',#9152,1.0);
#7578=CARTESIAN_POINT('',(0.00376835433624453,-0.0165278389466239,-0.04624));
#7579=CARTESIAN_POINT('',(0.00582920520791394,-0.0138773635643424,-0.04624));
#7580=CARTESIAN_POINT('',(0.00376835433624453,-0.0165278389466239,-0.04624));
#7581=CARTESIAN_POINT('',(0.00395650466774833,-0.0164663140148041,-0.04624));
#7582=CARTESIAN_POINT('',(0.00413854082622811,-0.0163861075068384,-0.04624));
#7583=CARTESIAN_POINT('',(0.00448329323495521,-0.0161914559345392,-0.04624));
#7584=CARTESIAN_POINT('',(0.00464600067868025,-0.0160770158424796,-0.04624));
#7585=CARTESIAN_POINT('',(0.00494573946923909,-0.0158183652763561,-0.04624));
#7586=CARTESIAN_POINT('',(0.00508276315940025,-0.0156741614093873,-0.04624));
#7587=CARTESIAN_POINT('',(0.0053257811129753,-0.015361614241488,-0.04624));
#7588=CARTESIAN_POINT('',(0.00543176916862105,-0.0151932789244135,-0.04624));
#7589=CARTESIAN_POINT('',(0.00560857447284694,-0.0148390426440592,-0.04624));
#7590=CARTESIAN_POINT('',(0.00567938720502689,-0.0146531507295622,-0.04624));
#7591=CARTESIAN_POINT('',(0.00578307418586505,-0.0142710611223673,-0.04624));
#7592=CARTESIAN_POINT('',(0.00581594578589288,-0.0140748731899511,-0.04624));
#7593=CARTESIAN_POINT('',(0.00582920520791394,-0.0138773635643424,-0.04624));
#7594=CARTESIAN_POINT('',(0.00376835433624453,-0.0165278389466239,-0.03974));
#7595=CARTESIAN_POINT('',(0.00376835433624453,-0.016527838946624,-0.04624));
#7596=CARTESIAN_POINT('',(0.00376835433624453,-0.016527838946624,-0.0455776068376068));
#7597=CARTESIAN_POINT('',(0.00376835433624453,-0.0165278389466239,-0.0449152136752137));
#7598=CARTESIAN_POINT('',(0.00376835433624453,-0.0165278389466239,-0.0438318803418804));
#7599=CARTESIAN_POINT('',(0.00376835433624453,-0.0165278389466239,-0.0434109401709401));
#7600=CARTESIAN_POINT('',(0.00376835433624453,-0.0165278389466239,-0.0425690598290598));
#7601=CARTESIAN_POINT('',(0.00376835433624453,-0.0165278389466239,-0.0421481196581197));
#7602=CARTESIAN_POINT('',(0.00376835433624453,-0.0165278389466239,-0.0410647863247863));
#7603=CARTESIAN_POINT('',(0.00376835433624453,-0.0165278389466239,-0.0404023931623932));
#7604=CARTESIAN_POINT('',(0.00376835433624453,-0.016527838946624,-0.03974));
#7605=CARTESIAN_POINT('',(0.00582920520791394,-0.0138773635643424,-0.03974));
#7606=CARTESIAN_POINT('',(0.00376835433624453,-0.0165278389466239,-0.03974));
#7607=CARTESIAN_POINT('',(0.00395650466774833,-0.0164663140148041,-0.03974));
#7608=CARTESIAN_POINT('',(0.00413854082622811,-0.0163861075068384,-0.03974));
#7609=CARTESIAN_POINT('',(0.00448329323495521,-0.0161914559345392,-0.03974));
#7610=CARTESIAN_POINT('',(0.00464600067868025,-0.0160770158424796,-0.03974));
#7611=CARTESIAN_POINT('',(0.00494573946923909,-0.0158183652763561,-0.03974));
#7612=CARTESIAN_POINT('',(0.00508276315940025,-0.0156741614093873,-0.03974));
#7613=CARTESIAN_POINT('',(0.0053257811129753,-0.015361614241488,-0.03974));
#7614=CARTESIAN_POINT('',(0.00543176916862105,-0.0151932789244135,-0.03974));
#7615=CARTESIAN_POINT('',(0.00560857447284695,-0.0148390426440592,-0.03974));
#7616=CARTESIAN_POINT('',(0.00567938720502689,-0.0146531507295622,-0.03974));
#7617=CARTESIAN_POINT('',(0.00578307418586505,-0.0142710611223673,-0.03974));
#7618=CARTESIAN_POINT('',(0.00581594578589288,-0.0140748731899511,-0.03974));
#7619=CARTESIAN_POINT('',(0.00582920520791394,-0.0138773635643424,-0.03974));
#7620=CARTESIAN_POINT('',(0.00582920520791394,-0.0138773635643424,-0.03974));
#7621=CARTESIAN_POINT('',(0.00582920520791394,-0.0138773635643424,-0.0404023931623932));
#7622=CARTESIAN_POINT('',(0.00582920520791394,-0.0138773635643424,-0.0410647863247863));
#7623=CARTESIAN_POINT('',(0.00582920520791394,-0.0138773635643424,-0.0421481196581197));
#7624=CARTESIAN_POINT('',(0.00582920520791394,-0.0138773635643424,-0.0425690598290598));
#7625=CARTESIAN_POINT('',(0.00582920520791394,-0.0138773635643424,-0.0434109401709401));
#7626=CARTESIAN_POINT('',(0.00582920520791394,-0.0138773635643424,-0.0438318803418804));
#7627=CARTESIAN_POINT('',(0.00582920520791394,-0.0138773635643424,-0.0449152136752137));
#7628=CARTESIAN_POINT('',(0.00582920520791394,-0.0138773635643424,-0.0455776068376068));
#7629=CARTESIAN_POINT('',(0.00582920520791394,-0.0138773635643424,-0.04624));
#7630=CARTESIAN_POINT('',(0.001581568945158,-0.01755894006346,-0.04624));
#7631=CARTESIAN_POINT('',(0.00568248695210156,-0.0160628485525903,-0.04624));
#7632=CARTESIAN_POINT('',(0.00413664183564894,-0.0163250345102149,-0.04624));
#7633=CARTESIAN_POINT('',(0.00270754377627969,-0.016810189625252,-0.04624));
#7634=CARTESIAN_POINT('',(0.001581568945158,-0.01755894006346,-0.04624));
#7635=CARTESIAN_POINT('',(0.001581568945158,-0.01755894006346,-0.03974));
#7636=CARTESIAN_POINT('',(0.001581568945158,-0.01755894006346,-0.04774));
#7637=VECTOR('',#9153,1.0);
#7638=CARTESIAN_POINT('',(0.00568248695210156,-0.0160628485525903,-0.03974));
#7639=CARTESIAN_POINT('',(0.00413664183564894,-0.0163250345102149,-0.03974));
#7640=CARTESIAN_POINT('',(0.00270754377627969,-0.016810189625252,-0.03974));
#7641=CARTESIAN_POINT('',(0.001581568945158,-0.01755894006346,-0.03974));
#7642=CARTESIAN_POINT('',(-0.0418152850651086,-0.0644388474169953,-0.04624));
#7643=CARTESIAN_POINT('',(-0.038051385483148,-0.0670701412089835,-0.04624));
#7644=CARTESIAN_POINT('',(-0.0418152850651087,-0.0644388474169954,-0.04624));
#7645=CARTESIAN_POINT('',(-0.041780561146458,-0.0648279455460853,-0.04624));
#7646=CARTESIAN_POINT('',(-0.0416701696905284,-0.0652065413315286,-0.04624));
#7647=CARTESIAN_POINT('',(-0.0413104789121869,-0.0659001081720905,-0.04624));
#7648=CARTESIAN_POINT('',(-0.0410646184296625,-0.0662084483501902,-0.04624));
#7649=CARTESIAN_POINT('',(-0.0404685447765679,-0.0667135311339371,-0.04624));
#7650=CARTESIAN_POINT('',(-0.0401240303950066,-0.0669054448728803,-0.04624));
#7651=CARTESIAN_POINT('',(-0.0394784285794814,-0.0671147681521779,-0.04624));
#7652=CARTESIAN_POINT('',(-0.0391930548924866,-0.0671636840692277,-0.04624));
#7653=CARTESIAN_POINT('',(-0.0386171615364491,-0.0671786523325944,-0.04624));
#7654=CARTESIAN_POINT('',(-0.0383296320908036,-0.0671446269588771,-0.04624));
#7655=CARTESIAN_POINT('',(-0.038051385483148,-0.0670701412089835,-0.04624));
#7656=CARTESIAN_POINT('',(-0.0418152850651086,-0.0644388474169953,-0.03974));
#7657=CARTESIAN_POINT('',(-0.0418152850651086,-0.0644388474169953,-0.04624));
#7658=CARTESIAN_POINT('',(-0.0418152850651086,-0.0644388474169953,-0.0455776068376068));
#7659=CARTESIAN_POINT('',(-0.0418152850651086,-0.0644388474169953,-0.0449152136752137));
#7660=CARTESIAN_POINT('',(-0.0418152850651086,-0.0644388474169953,-0.0438318803418803));
#7661=CARTESIAN_POINT('',(-0.0418152850651086,-0.0644388474169953,-0.0434109401709402));
#7662=CARTESIAN_POINT('',(-0.0418152850651086,-0.0644388474169953,-0.0425690598290598));
#7663=CARTESIAN_POINT('',(-0.0418152850651086,-0.0644388474169953,-0.0421481196581197));
#7664=CARTESIAN_POINT('',(-0.0418152850651086,-0.0644388474169953,-0.0410647863247863));
#7665=CARTESIAN_POINT('',(-0.0418152850651086,-0.0644388474169953,-0.0404023931623932));
#7666=CARTESIAN_POINT('',(-0.0418152850651086,-0.0644388474169953,-0.03974));
#7667=CARTESIAN_POINT('',(-0.038051385483148,-0.0670701412089834,-0.03974));
#7668=CARTESIAN_POINT('',(-0.0418152850651086,-0.0644388474169953,-0.03974));
#7669=CARTESIAN_POINT('',(-0.0417805611464579,-0.0648279455460852,-0.03974));
#7670=CARTESIAN_POINT('',(-0.0416701696905284,-0.0652065413315286,-0.03974));
#7671=CARTESIAN_POINT('',(-0.0413104789121869,-0.0659001081720905,-0.03974));
#7672=CARTESIAN_POINT('',(-0.0410646184296624,-0.0662084483501902,-0.03974));
#7673=CARTESIAN_POINT('',(-0.0404685447765679,-0.0667135311339371,-0.03974));
#7674=CARTESIAN_POINT('',(-0.0401240303950066,-0.0669054448728803,-0.03974));
#7675=CARTESIAN_POINT('',(-0.0394784285794814,-0.0671147681521779,-0.03974));
#7676=CARTESIAN_POINT('',(-0.0391930548924866,-0.0671636840692277,-0.03974));
#7677=CARTESIAN_POINT('',(-0.0386171615364491,-0.0671786523325944,-0.03974));
#7678=CARTESIAN_POINT('',(-0.0383296320908036,-0.067144626958877,-0.03974));
#7679=CARTESIAN_POINT('',(-0.038051385483148,-0.0670701412089834,-0.03974));
#7680=CARTESIAN_POINT('',(-0.038051385483148,-0.0670701412089834,-0.03974));
#7681=CARTESIAN_POINT('',(-0.038051385483148,-0.0670701412089834,-0.0404023931623932));
#7682=CARTESIAN_POINT('',(-0.038051385483148,-0.0670701412089834,-0.0410647863247863));
#7683=CARTESIAN_POINT('',(-0.038051385483148,-0.0670701412089834,-0.0421481196581197));
#7684=CARTESIAN_POINT('',(-0.038051385483148,-0.0670701412089834,-0.0425690598290598));
#7685=CARTESIAN_POINT('',(-0.038051385483148,-0.0670701412089834,-0.0434109401709402));
#7686=CARTESIAN_POINT('',(-0.038051385483148,-0.0670701412089834,-0.0438318803418803));
#7687=CARTESIAN_POINT('',(-0.038051385483148,-0.0670701412089834,-0.0449152136752137));
#7688=CARTESIAN_POINT('',(-0.038051385483148,-0.0670701412089834,-0.0455776068376068));
#7689=CARTESIAN_POINT('',(-0.038051385483148,-0.0670701412089834,-0.04624));
#7690=CARTESIAN_POINT('',(-0.0419637706758144,-0.0627749950764595,-0.04624));
#7691=CARTESIAN_POINT('',(-0.0449417982917135,-0.0294047702068695,-0.04624));
#7692=VECTOR('',#9154,1.0);
#7693=CARTESIAN_POINT('',(-0.0419637706758144,-0.0627749950764595,-0.03974));
#7694=CARTESIAN_POINT('',(-0.0419637706758144,-0.0627749950764595,-0.04774));
#7695=VECTOR('',#9155,1.0);
#7696=CARTESIAN_POINT('',(-0.0449417982917135,-0.0294047702068695,-0.03974));
#7697=VECTOR('',#9156,1.0);
#7698=CARTESIAN_POINT('',(-0.0532139504885639,-0.0684131483191582,-0.04624));
#7699=CARTESIAN_POINT('',(-0.0499838502371556,-0.0651562565387857,-0.04624));
#7700=CARTESIAN_POINT('',(-0.0532139504885639,-0.0684131483191583,-0.04624));
#7701=CARTESIAN_POINT('',(-0.0528245788157407,-0.0684446571273011,-0.04624));
#7702=CARTESIAN_POINT('',(-0.0524327753774516,-0.0683998117480236,-0.04624));
#7703=CARTESIAN_POINT('',(-0.0516884118513224,-0.0681624610384826,-0.04624));
#7704=CARTESIAN_POINT('',(-0.0513429682845017,-0.0679722249103685,-0.04624));
#7705=CARTESIAN_POINT('',(-0.0507444455084254,-0.0674700467498826,-0.04624));
#7706=CARTESIAN_POINT('',(-0.0504970885031294,-0.0671629058144333,-0.04624));
#7707=CARTESIAN_POINT('',(-0.0501823620679112,-0.0665631945534123,-0.04624));
#7708=CARTESIAN_POINT('',(-0.050086224916001,-0.0662916036259214,-0.04624));
#7709=CARTESIAN_POINT('',(-0.0499739410612147,-0.0657294391783911,-0.04624));
#7710=CARTESIAN_POINT('',(-0.0499583716719175,-0.0654417560575972,-0.04624));
#7711=CARTESIAN_POINT('',(-0.0499838502371556,-0.0651562565387857,-0.04624));
#7712=CARTESIAN_POINT('',(-0.0532139504885639,-0.0684131483191582,-0.03974));
#7713=CARTESIAN_POINT('',(-0.0532139504885639,-0.0684131483191582,-0.04624));
#7714=CARTESIAN_POINT('',(-0.0532139504885639,-0.0684131483191582,-0.0455776068376068));
#7715=CARTESIAN_POINT('',(-0.0532139504885639,-0.0684131483191582,-0.0449152136752137));
#7716=CARTESIAN_POINT('',(-0.0532139504885639,-0.0684131483191582,-0.0438318803418803));
#7717=CARTESIAN_POINT('',(-0.0532139504885639,-0.0684131483191582,-0.0434109401709402));
#7718=CARTESIAN_POINT('',(-0.0532139504885639,-0.0684131483191583,-0.0425690598290598));
#7719=CARTESIAN_POINT('',(-0.0532139504885639,-0.0684131483191582,-0.0421481196581197));
#7720=CARTESIAN_POINT('',(-0.0532139504885639,-0.0684131483191582,-0.0410647863247863));
#7721=CARTESIAN_POINT('',(-0.0532139504885639,-0.0684131483191582,-0.0404023931623931));
#7722=CARTESIAN_POINT('',(-0.0532139504885639,-0.0684131483191582,-0.03974));
#7723=CARTESIAN_POINT('',(-0.0499838502371556,-0.0651562565387857,-0.03974));
#7724=CARTESIAN_POINT('',(-0.0532139504885639,-0.0684131483191582,-0.03974));
#7725=CARTESIAN_POINT('',(-0.0528245788157407,-0.0684446571273011,-0.03974));
#7726=CARTESIAN_POINT('',(-0.0524327753774516,-0.0683998117480235,-0.03974));
#7727=CARTESIAN_POINT('',(-0.0516884118513224,-0.0681624610384825,-0.03974));
#7728=CARTESIAN_POINT('',(-0.0513429682845017,-0.0679722249103684,-0.03974));
#7729=CARTESIAN_POINT('',(-0.0507444455084254,-0.0674700467498826,-0.03974));
#7730=CARTESIAN_POINT('',(-0.0504970885031294,-0.0671629058144333,-0.03974));
#7731=CARTESIAN_POINT('',(-0.0501823620679112,-0.0665631945534123,-0.03974));
#7732=CARTESIAN_POINT('',(-0.050086224916001,-0.0662916036259214,-0.03974));
#7733=CARTESIAN_POINT('',(-0.0499739410612147,-0.0657294391783911,-0.03974));
#7734=CARTESIAN_POINT('',(-0.0499583716719176,-0.0654417560575973,-0.03974));
#7735=CARTESIAN_POINT('',(-0.0499838502371556,-0.0651562565387858,-0.03974));
#7736=CARTESIAN_POINT('',(-0.0499838502371556,-0.0651562565387857,-0.03974));
#7737=CARTESIAN_POINT('',(-0.0499838502371556,-0.0651562565387857,-0.0404023931623932));
#7738=CARTESIAN_POINT('',(-0.0499838502371556,-0.0651562565387857,-0.0410647863247863));
#7739=CARTESIAN_POINT('',(-0.0499838502371556,-0.0651562565387857,-0.0421481196581197));
#7740=CARTESIAN_POINT('',(-0.0499838502371556,-0.0651562565387857,-0.0425690598290598));
#7741=CARTESIAN_POINT('',(-0.0499838502371556,-0.0651562565387858,-0.0434109401709402));
#7742=CARTESIAN_POINT('',(-0.0499838502371556,-0.0651562565387857,-0.0438318803418803));
#7743=CARTESIAN_POINT('',(-0.0499838502371556,-0.0651562565387857,-0.0449152136752137));
#7744=CARTESIAN_POINT('',(-0.0499838502371556,-0.0651562565387858,-0.0455776068376068));
#7745=CARTESIAN_POINT('',(-0.0499838502371556,-0.0651562565387858,-0.04624));
#7746=CARTESIAN_POINT('',(-0.05558855918853,-0.06815739210161,-0.04624));
#7747=CARTESIAN_POINT('',(-0.04968000943855,-0.0685609381205569,-0.04624));
#7748=CARTESIAN_POINT('',(-0.0516618484787868,-0.0685550474129547,-0.04624));
#7749=CARTESIAN_POINT('',(-0.0536394029743762,-0.0684201096624951,-0.04624));
#7750=CARTESIAN_POINT('',(-0.05558855918853,-0.06815739210161,-0.04624));
#7751=CARTESIAN_POINT('',(-0.05558855918853,-0.06815739210161,-0.03974));
#7752=CARTESIAN_POINT('',(-0.05558855918853,-0.06815739210161,-0.04774));
#7753=VECTOR('',#9157,1.0);
#7754=CARTESIAN_POINT('',(-0.04968000943855,-0.0685609381205569,-0.03974));
#7755=CARTESIAN_POINT('',(-0.0516618484787868,-0.0685550474129547,-0.03974));
#7756=CARTESIAN_POINT('',(-0.0536394029743762,-0.0684201096624951,-0.03974));
#7757=CARTESIAN_POINT('',(-0.05558855918853,-0.06815739210161,-0.03974));
#7758=CARTESIAN_POINT('',(-0.102280156700393,-0.00545592975623357,-0.04624));
#7759=CARTESIAN_POINT('',(-0.10591756874369,-0.00819994874833527,-0.04624));
#7760=CARTESIAN_POINT('',(-0.102280156700393,-0.00545592975623355,-0.04624));
#7761=CARTESIAN_POINT('',(-0.102661717184522,-0.00537217594115965,-0.04624));
#7762=CARTESIAN_POINT('',(-0.103055988724947,-0.00536375010540103,-0.04624));
#7763=CARTESIAN_POINT('',(-0.103825569192874,-0.00549850292257307,-0.04624));
#7764=CARTESIAN_POINT('',(-0.104193520511649,-0.00564039326512561,-0.04624));
#7765=CARTESIAN_POINT('',(-0.10485432356601,-0.00605722865433603,-0.04624));
#7766=CARTESIAN_POINT('',(-0.105140857664231,-0.00632818852748024,-0.04624));
#7767=CARTESIAN_POINT('',(-0.105529017283326,-0.00687349094852802,-0.04624));
#7768=CARTESIAN_POINT('',(-0.105658213083433,-0.007121961180338,-0.04624));
#7769=CARTESIAN_POINT('',(-0.105844291125128,-0.00764738549976786,-0.04624));
#7770=CARTESIAN_POINT('',(-0.105900268929312,-0.00792178574812705,-0.04624));
#7771=CARTESIAN_POINT('',(-0.10591756874369,-0.00819994874833527,-0.04624));
#7772=CARTESIAN_POINT('',(-0.102280156700393,-0.00545592975623357,-0.03974));
#7773=CARTESIAN_POINT('',(-0.102280156700393,-0.00545592975623356,-0.04624));
#7774=CARTESIAN_POINT('',(-0.102280156700393,-0.00545592975623356,-0.0455776068376068));
#7775=CARTESIAN_POINT('',(-0.102280156700393,-0.00545592975623356,-0.0449152136752137));
#7776=CARTESIAN_POINT('',(-0.102280156700393,-0.00545592975623356,-0.0438318803418803));
#7777=CARTESIAN_POINT('',(-0.102280156700393,-0.00545592975623356,-0.0434109401709402));
#7778=CARTESIAN_POINT('',(-0.102280156700393,-0.00545592975623356,-0.0425690598290598));
#7779=CARTESIAN_POINT('',(-0.102280156700393,-0.00545592975623356,-0.0421481196581197));
#7780=CARTESIAN_POINT('',(-0.102280156700393,-0.00545592975623356,-0.0410647863247863));
#7781=CARTESIAN_POINT('',(-0.102280156700393,-0.00545592975623356,-0.0404023931623932));
#7782=CARTESIAN_POINT('',(-0.102280156700393,-0.00545592975623356,-0.03974));
#7783=CARTESIAN_POINT('',(-0.10591756874369,-0.00819994874833527,-0.03974));
#7784=CARTESIAN_POINT('',(-0.102280156700393,-0.00545592975623359,-0.03974));
#7785=CARTESIAN_POINT('',(-0.102661717184522,-0.00537217594115968,-0.03974));
#7786=CARTESIAN_POINT('',(-0.103055988724947,-0.00536375010540104,-0.03974));
#7787=CARTESIAN_POINT('',(-0.103825569192874,-0.00549850292257307,-0.03974));
#7788=CARTESIAN_POINT('',(-0.104193520511649,-0.00564039326512561,-0.03974));
#7789=CARTESIAN_POINT('',(-0.10485432356601,-0.00605722865433603,-0.03974));
#7790=CARTESIAN_POINT('',(-0.105140857664231,-0.00632818852748022,-0.03974));
#7791=CARTESIAN_POINT('',(-0.105529017283326,-0.00687349094852801,-0.03974));
#7792=CARTESIAN_POINT('',(-0.105658213083433,-0.00712196118033799,-0.03974));
#7793=CARTESIAN_POINT('',(-0.105844291125128,-0.00764738549976785,-0.03974));
#7794=CARTESIAN_POINT('',(-0.105900268929311,-0.00792178574812704,-0.03974));
#7795=CARTESIAN_POINT('',(-0.10591756874369,-0.00819994874833527,-0.03974));
#7796=CARTESIAN_POINT('',(-0.10591756874369,-0.00819994874833527,-0.03974));
#7797=CARTESIAN_POINT('',(-0.10591756874369,-0.00819994874833527,-0.0404023931623932));
#7798=CARTESIAN_POINT('',(-0.10591756874369,-0.00819994874833527,-0.0410647863247863));
#7799=CARTESIAN_POINT('',(-0.10591756874369,-0.00819994874833527,-0.0421481196581197));
#7800=CARTESIAN_POINT('',(-0.10591756874369,-0.00819994874833527,-0.0425690598290598));
#7801=CARTESIAN_POINT('',(-0.10591756874369,-0.00819994874833527,-0.0434109401709402));
#7802=CARTESIAN_POINT('',(-0.10591756874369,-0.00819994874833527,-0.0438318803418803));
#7803=CARTESIAN_POINT('',(-0.10591756874369,-0.00819994874833527,-0.0449152136752137));
#7804=CARTESIAN_POINT('',(-0.10591756874369,-0.00819994874833527,-0.0455776068376068));
#7805=CARTESIAN_POINT('',(-0.10591756874369,-0.00819994874833527,-0.04624));
#7806=CARTESIAN_POINT('',(-0.100936146921101,-0.00575094444251914,-0.04624));
#7807=CARTESIAN_POINT('',(-0.0646168803069746,-0.0137231461409093,-0.04624));
#7808=VECTOR('',#9158,1.0);
#7809=CARTESIAN_POINT('',(-0.100936146921101,-0.00575094444251914,-0.03974));
#7810=CARTESIAN_POINT('',(-0.100936146921101,-0.00575094444251914,-0.04774));
#7811=VECTOR('',#9159,1.0);
#7812=CARTESIAN_POINT('',(-0.0646168803069746,-0.0137231461409093,-0.03974));
#7813=VECTOR('',#9160,1.0);
#7814=CARTESIAN_POINT('',(-0.102674010652674,0.00655040607873928,-0.04624));
#7815=CARTESIAN_POINT('',(-0.100513963965983,0.00255160621561353,-0.04624));
#7816=CARTESIAN_POINT('',(-0.102674010652674,0.00655040607873927,-0.04624));
#7817=CARTESIAN_POINT('',(-0.102813153190782,0.00618538216352755,-0.04624));
#7818=CARTESIAN_POINT('',(-0.102879668162822,0.00579667044413611,-0.04624));
#7819=CARTESIAN_POINT('',(-0.102859955118112,0.00501563023120258,-0.04624));
#7820=CARTESIAN_POINT('',(-0.102773915568814,0.00463076890779594,-0.04624));
#7821=CARTESIAN_POINT('',(-0.1024591562328,0.00391568920682308,-0.04624));
#7822=CARTESIAN_POINT('',(-0.102233445716894,0.00359230738094672,-0.04624));
#7823=CARTESIAN_POINT('',(-0.101753511387161,0.00312996979921232,-0.04624));
#7824=CARTESIAN_POINT('',(-0.101529480338037,0.00296694665563043,-0.04624));
#7825=CARTESIAN_POINT('',(-0.10104322279398,0.00270670690030488,-0.04624));
#7826=CARTESIAN_POINT('',(-0.100783310075014,0.00261072859632388,-0.04624));
#7827=CARTESIAN_POINT('',(-0.100513963965983,0.00255160621561353,-0.04624));
#7828=CARTESIAN_POINT('',(-0.102674010652674,0.00655040607873928,-0.03974));
#7829=CARTESIAN_POINT('',(-0.102674010652674,0.00655040607873928,-0.04624));
#7830=CARTESIAN_POINT('',(-0.102674010652674,0.00655040607873928,-0.0455776068376068));
#7831=CARTESIAN_POINT('',(-0.102674010652674,0.00655040607873928,-0.0449152136752137));
#7832=CARTESIAN_POINT('',(-0.102674010652674,0.00655040607873928,-0.0438318803418803));
#7833=CARTESIAN_POINT('',(-0.102674010652674,0.00655040607873928,-0.0434109401709402));
#7834=CARTESIAN_POINT('',(-0.102674010652674,0.00655040607873928,-0.0425690598290598));
#7835=CARTESIAN_POINT('',(-0.102674010652674,0.00655040607873928,-0.0421481196581197));
#7836=CARTESIAN_POINT('',(-0.102674010652674,0.00655040607873928,-0.0410647863247863));
#7837=CARTESIAN_POINT('',(-0.102674010652674,0.00655040607873928,-0.0404023931623931));
#7838=CARTESIAN_POINT('',(-0.102674010652674,0.00655040607873928,-0.03974));
#7839=CARTESIAN_POINT('',(-0.100513963965983,0.00255160621561353,-0.03974));
#7840=CARTESIAN_POINT('',(-0.102674010652674,0.00655040607873926,-0.03974));
#7841=CARTESIAN_POINT('',(-0.102813153190782,0.00618538216352753,-0.03974));
#7842=CARTESIAN_POINT('',(-0.102879668162822,0.00579667044413609,-0.03974));
#7843=CARTESIAN_POINT('',(-0.102859955118112,0.00501563023120256,-0.03974));
#7844=CARTESIAN_POINT('',(-0.102773915568814,0.00463076890779592,-0.03974));
#7845=CARTESIAN_POINT('',(-0.1024591562328,0.00391568920682306,-0.03974));
#7846=CARTESIAN_POINT('',(-0.102233445716894,0.0035923073809467,-0.03974));
#7847=CARTESIAN_POINT('',(-0.101753511387161,0.00312996979921231,-0.03974));
#7848=CARTESIAN_POINT('',(-0.101529480338037,0.00296694665563042,-0.03974));
#7849=CARTESIAN_POINT('',(-0.10104322279398,0.00270670690030487,-0.03974));
#7850=CARTESIAN_POINT('',(-0.100783310075014,0.00261072859632389,-0.03974));
#7851=CARTESIAN_POINT('',(-0.100513963965983,0.00255160621561353,-0.03974));
#7852=CARTESIAN_POINT('',(-0.100513963965983,0.00255160621561353,-0.03974));
#7853=CARTESIAN_POINT('',(-0.100513963965983,0.00255160621561353,-0.0404023931623931));
#7854=CARTESIAN_POINT('',(-0.100513963965983,0.00255160621561353,-0.0410647863247863));
#7855=CARTESIAN_POINT('',(-0.100513963965983,0.00255160621561353,-0.0421481196581197));
#7856=CARTESIAN_POINT('',(-0.100513963965983,0.00255160621561353,-0.0425690598290598));
#7857=CARTESIAN_POINT('',(-0.100513963965983,0.00255160621561353,-0.0434109401709402));
#7858=CARTESIAN_POINT('',(-0.100513963965983,0.00255160621561353,-0.0438318803418803));
#7859=CARTESIAN_POINT('',(-0.100513963965983,0.00255160621561353,-0.0449152136752137));
#7860=CARTESIAN_POINT('',(-0.100513963965983,0.00255160621561353,-0.0455776068376068));
#7861=CARTESIAN_POINT('',(-0.100513963965983,0.00255160621561353,-0.04624));
#7862=CARTESIAN_POINT('',(-0.1022466552594,0.00763514868725,-0.04624));
#7863=CARTESIAN_POINT('',(-0.103800691505605,0.00327305401224666,-0.04624));
#7864=CARTESIAN_POINT('',(-0.103346270021461,0.00475264603633072,-0.04624));
#7865=CARTESIAN_POINT('',(-0.102826664376695,0.00620960533894999,-0.04624));
#7866=CARTESIAN_POINT('',(-0.1022466552594,0.00763514868725,-0.04624));
#7867=CARTESIAN_POINT('',(-0.1022466552594,0.00763514868725,-0.03974));
#7868=CARTESIAN_POINT('',(-0.1022466552594,0.00763514868725,-0.04774));
#7869=VECTOR('',#9161,1.0);
#7870=CARTESIAN_POINT('',(-0.103800691505605,0.00327305401224666,-0.03974));
#7871=CARTESIAN_POINT('',(-0.103346270021461,0.00475264603633072,-0.03974));
#7872=CARTESIAN_POINT('',(-0.102826664376695,0.00620960533894999,-0.03974));
#7873=CARTESIAN_POINT('',(-0.1022466552594,0.00763514868725,-0.03974));
#7874=CARTESIAN_POINT('',(-0.0473135313435122,0.0327667142699756,-0.04624));
#7875=CARTESIAN_POINT('',(-0.0472570640796174,0.0304050081544248,-0.04624));
#7876=CARTESIAN_POINT('',(-0.0473135313435122,0.0327667142699756,-0.04624));
#7877=CARTESIAN_POINT('',(-0.0473636646202506,0.032641480851818,-0.04624));
#7878=CARTESIAN_POINT('',(-0.0474053381326484,0.0325128616331475,-0.04624));
#7879=CARTESIAN_POINT('',(-0.0474710093702776,0.0322511856763075,-0.04624));
#7880=CARTESIAN_POINT('',(-0.0474950067334032,0.0321181303809977,-0.04624));
#7881=CARTESIAN_POINT('',(-0.0475248894627983,0.0318499997405931,-0.04624));
#7882=CARTESIAN_POINT('',(-0.0475307746642968,0.0317149258739486,-0.04624));
#7883=CARTESIAN_POINT('',(-0.047524325940837,0.0314452122632323,-0.04624));
#7884=CARTESIAN_POINT('',(-0.0475119920514366,0.0313105740063391,-0.04624));
#7885=CARTESIAN_POINT('',(-0.0474693290431246,0.0310441778998329,-0.04624));
#7886=CARTESIAN_POINT('',(-0.0474390001594534,0.0309124215191061,-0.04624));
#7887=CARTESIAN_POINT('',(-0.0473608980180685,0.0306541831150083,-0.04624));
#7888=CARTESIAN_POINT('',(-0.0473131251910035,0.0305277025155427,-0.04624));
#7889=CARTESIAN_POINT('',(-0.0472570640796174,0.0304050081544248,-0.04624));
#7890=CARTESIAN_POINT('',(-0.0473135313435122,0.0327667142699756,-0.03974));
#7891=CARTESIAN_POINT('',(-0.0473135313435122,0.0327667142699756,-0.04624));
#7892=CARTESIAN_POINT('',(-0.0473135313435122,0.0327667142699756,-0.0450825275217296));
#7893=CARTESIAN_POINT('',(-0.0473135313435122,0.0327667142699756,-0.0439250550434593));
#7894=CARTESIAN_POINT('',(-0.0473135313435122,0.0327667142699756,-0.0420335453181647));
#7895=CARTESIAN_POINT('',(-0.0473135313435122,0.0327667142699756,-0.0412995080711405));
#7896=CARTESIAN_POINT('',(-0.0473135313435122,0.0327667142699756,-0.0402903138827442));
#7897=CARTESIAN_POINT('',(-0.0473135313435122,0.0327667142699756,-0.0400151569413721));
#7898=CARTESIAN_POINT('',(-0.0473135313435122,0.0327667142699756,-0.03974));
#7899=CARTESIAN_POINT('',(-0.0472570640796174,0.0304050081544248,-0.03974));
#7900=CARTESIAN_POINT('',(-0.0473135313435122,0.0327667142699756,-0.03974));
#7901=CARTESIAN_POINT('',(-0.0473636646202506,0.032641480851818,-0.03974));
#7902=CARTESIAN_POINT('',(-0.0474053381326484,0.0325128616331475,-0.03974));
#7903=CARTESIAN_POINT('',(-0.0474710093702776,0.0322511856763075,-0.03974));
#7904=CARTESIAN_POINT('',(-0.0474950067334032,0.0321181303809977,-0.03974));
#7905=CARTESIAN_POINT('',(-0.0475248894627983,0.0318499997405931,-0.03974));
#7906=CARTESIAN_POINT('',(-0.0475307746642968,0.0317149258739486,-0.03974));
#7907=CARTESIAN_POINT('',(-0.047524325940837,0.0314452122632323,-0.03974));
#7908=CARTESIAN_POINT('',(-0.0475119920514366,0.0313105740063391,-0.03974));
#7909=CARTESIAN_POINT('',(-0.0474693290431246,0.0310441778998329,-0.03974));
#7910=CARTESIAN_POINT('',(-0.0474390001594534,0.0309124215191061,-0.03974));
#7911=CARTESIAN_POINT('',(-0.0473608980180685,0.0306541831150083,-0.03974));
#7912=CARTESIAN_POINT('',(-0.0473131251910035,0.0305277025155427,-0.03974));
#7913=CARTESIAN_POINT('',(-0.0472570640796175,0.0304050081544248,-0.03974));
#7914=CARTESIAN_POINT('',(-0.0472570640796174,0.0304050081544248,-0.03974));
#7915=CARTESIAN_POINT('',(-0.0472570640796174,0.0304050081544248,-0.0400151569413721));
#7916=CARTESIAN_POINT('',(-0.0472570640796174,0.0304050081544248,-0.0402903138827442));
#7917=CARTESIAN_POINT('',(-0.0472570640796174,0.0304050081544248,-0.0412995080711405));
#7918=CARTESIAN_POINT('',(-0.0472570640796174,0.0304050081544248,-0.0420335453181647));
#7919=CARTESIAN_POINT('',(-0.0472570640796174,0.0304050081544248,-0.0439250550434593));
#7920=CARTESIAN_POINT('',(-0.0472570640796174,0.0304050081544248,-0.0450825275217296));
#7921=CARTESIAN_POINT('',(-0.0472570640796174,0.0304050081544248,-0.04624));
#7922=CARTESIAN_POINT('',(-0.04954658850316,0.04715082797881,-0.04624));
#7923=CARTESIAN_POINT('',(-0.0478547136447247,0.0317130134677382,-0.04624));
#7924=CARTESIAN_POINT('',(-0.0477919223867831,0.0318218876481255,-0.04624));
#7925=CARTESIAN_POINT('',(-0.0477291311288416,0.0319307618285127,-0.04624));
#7926=CARTESIAN_POINT('',(-0.0476663398709,0.0320396360089,-0.04624));
#7927=CARTESIAN_POINT('',(-0.04517856718323,0.036353201642702,-0.04624));
#7928=CARTESIAN_POINT('',(-0.04919028878661,0.04252427474401,-0.04624));
#7929=CARTESIAN_POINT('',(-0.04954658850316,0.04715082797881,-0.04624));
#7930=CARTESIAN_POINT('',(-0.04954658850316,0.04715082797881,-0.03974));
#7931=CARTESIAN_POINT('',(-0.04954658850316,0.04715082797881,-0.04774));
#7932=VECTOR('',#9162,1.0);
#7933=CARTESIAN_POINT('',(-0.0478547136447247,0.0317130134677382,-0.03974));
#7934=CARTESIAN_POINT('',(-0.0477919223867831,0.0318218876481255,-0.03974));
#7935=CARTESIAN_POINT('',(-0.0477291311288416,0.0319307618285127,-0.03974));
#7936=CARTESIAN_POINT('',(-0.0476663398709,0.0320396360089,-0.03974));
#7937=CARTESIAN_POINT('',(-0.04517856718323,0.036353201642702,-0.03974));
#7938=CARTESIAN_POINT('',(-0.04919028878661,0.04252427474401,-0.03974));
#7939=CARTESIAN_POINT('',(-0.04954658850316,0.04715082797881,-0.03974));
#7940=CARTESIAN_POINT('',(-0.0545720031931711,0.0266833541672729,-0.04624));
#7941=CARTESIAN_POINT('',(-0.0575643462490666,0.0284249742920417,-0.04624));
#7942=CARTESIAN_POINT('',(-0.0545720031931711,0.0266833541672729,-0.04624));
#7943=CARTESIAN_POINT('',(-0.054657213921513,0.0268698448667225,-0.04624));
#7944=CARTESIAN_POINT('',(-0.0547616074701312,0.0270475639871293,-0.04624));
#7945=CARTESIAN_POINT('',(-0.0550043990401331,0.0273780346368988,-0.04624));
#7946=CARTESIAN_POINT('',(-0.0551427899242654,0.0275307764515414,-0.04624));
#7947=CARTESIAN_POINT('',(-0.0554477804428598,0.0278048920847887,-0.04624));
#7948=CARTESIAN_POINT('',(-0.0556143711116316,0.0279262578453202,-0.04624));
#7949=CARTESIAN_POINT('',(-0.0559687837398026,0.0281325350515646,-0.04624));
#7950=CARTESIAN_POINT('',(-0.0561565952806685,0.0282174404334248,-0.04624));
#7951=CARTESIAN_POINT('',(-0.0565455827598318,0.0283472377287637,-0.04624));
#7952=CARTESIAN_POINT('',(-0.056746747263212,0.0283921258266408,-0.04624));
#7953=CARTESIAN_POINT('',(-0.0571540139051494,0.0284400056677865,-0.04624));
#7954=CARTESIAN_POINT('',(-0.0573601040714438,0.0284429960035496,-0.04624));
#7955=CARTESIAN_POINT('',(-0.0575643462490666,0.0284249742920417,-0.04624));
#7956=CARTESIAN_POINT('',(-0.0545720031931711,0.0266833541672729,-0.03974));
#7957=CARTESIAN_POINT('',(-0.0545720031931711,0.0266833541672729,-0.04624));
#7958=CARTESIAN_POINT('',(-0.0545720031931711,0.0266833541672729,-0.045529340001316));
#7959=CARTESIAN_POINT('',(-0.0545720031931711,0.0266833541672729,-0.0448186800026321));
#7960=CARTESIAN_POINT('',(-0.0545720031931711,0.0266833541672729,-0.0426520133359654));
#7961=CARTESIAN_POINT('',(-0.0545720031931711,0.0266833541672729,-0.0411960066679827));
#7962=CARTESIAN_POINT('',(-0.0545720031931711,0.0266833541672729,-0.03974));
#7963=CARTESIAN_POINT('',(-0.0575643462490666,0.0284249742920417,-0.03974));
#7964=CARTESIAN_POINT('',(-0.0545720031931711,0.0266833541672729,-0.03974));
#7965=CARTESIAN_POINT('',(-0.054657213921513,0.0268698448667225,-0.03974));
#7966=CARTESIAN_POINT('',(-0.0547616074701312,0.0270475639871293,-0.03974));
#7967=CARTESIAN_POINT('',(-0.0550043990401331,0.0273780346368988,-0.03974));
#7968=CARTESIAN_POINT('',(-0.0551427899242654,0.0275307764515414,-0.03974));
#7969=CARTESIAN_POINT('',(-0.0554477804428598,0.0278048920847887,-0.03974));
#7970=CARTESIAN_POINT('',(-0.0556143711116316,0.0279262578453202,-0.03974));
#7971=CARTESIAN_POINT('',(-0.0559687837398027,0.0281325350515646,-0.03974));
#7972=CARTESIAN_POINT('',(-0.0561565952806685,0.0282174404334248,-0.03974));
#7973=CARTESIAN_POINT('',(-0.0565455827598318,0.0283472377287637,-0.03974));
#7974=CARTESIAN_POINT('',(-0.056746747263212,0.0283921258266408,-0.03974));
#7975=CARTESIAN_POINT('',(-0.0571540139051494,0.0284400056677865,-0.03974));
#7976=CARTESIAN_POINT('',(-0.0573601040714438,0.0284429960035496,-0.03974));
#7977=CARTESIAN_POINT('',(-0.0575643462490666,0.0284249742920417,-0.03974));
#7978=CARTESIAN_POINT('',(-0.0575643462490666,0.0284249742920417,-0.03974));
#7979=CARTESIAN_POINT('',(-0.0575643462490666,0.0284249742920417,-0.0411960066679827));
#7980=CARTESIAN_POINT('',(-0.0575643462490666,0.0284249742920417,-0.0426520133359654));
#7981=CARTESIAN_POINT('',(-0.0575643462490666,0.0284249742920417,-0.0448186800026321));
#7982=CARTESIAN_POINT('',(-0.0575643462490666,0.0284249742920417,-0.045529340001316));
#7983=CARTESIAN_POINT('',(-0.0575643462490666,0.0284249742920417,-0.04624));
#7984=CARTESIAN_POINT('',(-0.005082052632985,0.076731257764723,-0.04624));
#7985=CARTESIAN_POINT('',(-0.005082052632985,0.076731257764723,-0.04624));
#7986=CARTESIAN_POINT('',(-0.00240466954582365,0.0790466215698876,-0.04624));
#7987=CARTESIAN_POINT('',(0.00853546756442188,0.0799554496782757,-0.04624));
#7988=CARTESIAN_POINT('',(0.0143830981431138,0.0786343386272642,-0.04624));
#7989=CARTESIAN_POINT('',(-0.006964134453477,0.073853021291695,-0.04624));
#7990=CARTESIAN_POINT('',(-0.006964134453477,0.073853021291695,-0.04624));
#7991=CARTESIAN_POINT('',(-0.005785195168031,0.074751259593618,-0.04624));
#7992=CARTESIAN_POINT('',(-0.006299262927905,0.075678631163156,-0.04624));
#7993=CARTESIAN_POINT('',(-0.005082052632985,0.076731257764723,-0.04624));
#7994=CARTESIAN_POINT('',(-0.02400388774835,0.073956897717204,-0.04624));
#7995=CARTESIAN_POINT('',(-0.02400388774835,0.073956897717204,-0.04624));
#7996=CARTESIAN_POINT('',(-0.01999729040225,0.073958342393024,-0.04624));
#7997=CARTESIAN_POINT('',(-0.01015863577514,0.071419118648794,-0.04624));
#7998=CARTESIAN_POINT('',(-0.006964134453477,0.073853021291695,-0.04624));
#7999=CARTESIAN_POINT('',(-0.02742737860125,0.073943619609002,-0.04624));
#8000=CARTESIAN_POINT('',(-0.02742737860125,0.073943619609002,-0.04624));
#8001=CARTESIAN_POINT('',(-0.02589883200958,0.073991325072554,-0.04624));
#8002=CARTESIAN_POINT('',(-0.02548126743267,0.073956365012137,-0.04624));
#8003=CARTESIAN_POINT('',(-0.02400388774835,0.073956897717204,-0.04624));
#8004=CARTESIAN_POINT('',(-0.04660573558235,0.072276592718562,-0.04624));
#8005=CARTESIAN_POINT('',(-0.04660573558235,0.072276592718562,-0.04624));
#8006=CARTESIAN_POINT('',(-0.0418985798886,0.076637691986145,-0.04624));
#8007=CARTESIAN_POINT('',(-0.0316597902475,0.073811527358346,-0.04624));
#8008=CARTESIAN_POINT('',(-0.02742737860125,0.073943619609002,-0.04624));
#8009=CARTESIAN_POINT('',(-0.04976712871197,0.053052371885042,-0.04624));
#8010=CARTESIAN_POINT('',(-0.04976712871197,0.053052371885042,-0.04624));
#8011=CARTESIAN_POINT('',(-0.04950621102167,0.058547160546679,-0.04624));
#8012=CARTESIAN_POINT('',(-0.05136955855357,0.067862992187303,-0.04624));
#8013=CARTESIAN_POINT('',(-0.04660573558235,0.072276592718562,-0.04624));
#8014=CARTESIAN_POINT('',(-0.04954658850316,0.04715082797881,-0.04624));
#8015=CARTESIAN_POINT('',(-0.04971071634046,0.049282028598175,-0.04624));
#8016=CARTESIAN_POINT('',(-0.04987477886201,0.050785316618804,-0.04624));
#8017=CARTESIAN_POINT('',(-0.04976712871197,0.053052371885042,-0.04624));
#8018=CARTESIAN_POINT('',(-0.0402799988384085,0.0151351260368018,-0.04624));
#8019=VECTOR('',#9163,1.0);
#8020=CARTESIAN_POINT('',(-0.0536792732656306,0.0247295411693827,-0.04624));
#8021=AXIS2_PLACEMENT_3D('',#9164,#9165,#9166);
#8022=CARTESIAN_POINT('',(-0.0485885257388153,0.0135880207824247,-0.04624));
#8023=VECTOR('',#9167,1.0);
#8024=CARTESIAN_POINT('',(-0.073041489953372,0.0272555815801392,-0.04624));
#8025=CARTESIAN_POINT('',(-0.073041489953372,0.0272555815801392,-0.04624));
#8026=CARTESIAN_POINT('',(-0.0718194399942567,0.0272458128168968,-0.04624));
#8027=CARTESIAN_POINT('',(-0.0706150606190243,0.0272734187608321,-0.04624));
#8028=CARTESIAN_POINT('',(-0.0694431209001799,0.027376827174136,-0.04624));
#8029=CARTESIAN_POINT('',(-0.0647797157652426,0.0277883119270144,-0.04624));
#8030=CARTESIAN_POINT('',(-0.0601163106303041,0.0281997966798928,-0.04624));
#8031=CARTESIAN_POINT('',(-0.0554529054953678,0.0286112814327711,-0.04624));
#8032=CARTESIAN_POINT('',(-0.0760493007899178,0.0239446204429376,-0.04624));
#8033=CARTESIAN_POINT('',(-0.073041489953372,0.0272555815801392,-0.04624));
#8034=CARTESIAN_POINT('',(-0.073432121946255,0.0272587041950739,-0.04624));
#8035=CARTESIAN_POINT('',(-0.0738196292005085,0.027185497841534,-0.04624));
#8036=CARTESIAN_POINT('',(-0.0745447709890097,0.0268946683297573,-0.04624));
#8037=CARTESIAN_POINT('',(-0.0748754727725265,0.0266798256601675,-0.04624));
#8038=CARTESIAN_POINT('',(-0.0754359096945706,0.0261354701928846,-0.04624));
#8039=CARTESIAN_POINT('',(-0.0756602867506614,0.0258111617301555,-0.04624));
#8040=CARTESIAN_POINT('',(-0.0759189840725251,0.025216820420805,-0.04624));
#8041=CARTESIAN_POINT('',(-0.0759909366968919,0.0249684067487627,-0.04624));
#8042=CARTESIAN_POINT('',(-0.0760696108299509,0.0244593350447471,-0.04624));
#8043=CARTESIAN_POINT('',(-0.0760760058173655,0.0242007898132174,-0.04624));
#8044=CARTESIAN_POINT('',(-0.0760493007899178,0.0239446204429376,-0.04624));
#8045=CARTESIAN_POINT('',(-0.0750291469548466,0.014158741509446,-0.04624));
#8046=VECTOR('',#9168,1.0);
#8047=CARTESIAN_POINT('',(-0.0840577396083825,0.0216807998505687,-0.04624));
#8048=AXIS2_PLACEMENT_3D('',#9169,#9170,#9171);
#8049=CARTESIAN_POINT('',(-0.0842984297856429,0.0239896329439552,-0.04624));
#8050=CARTESIAN_POINT('',(-0.0832048968665306,0.0134998613150779,-0.04624));
#8051=VECTOR('',#9172,1.0);
#8052=CARTESIAN_POINT('',(-0.0881735938539072,0.0265431045789349,-0.04624));
#8053=CARTESIAN_POINT('',(-0.0842984297856429,0.0239896329439552,-0.04624));
#8054=CARTESIAN_POINT('',(-0.0843389340160421,0.0243781718891171,-0.04624));
#8055=CARTESIAN_POINT('',(-0.0844549412997338,0.024755084813316,-0.04624));
#8056=CARTESIAN_POINT('',(-0.0848249025694164,0.0254432280231828,-0.04624));
#8057=CARTESIAN_POINT('',(-0.0850753195240247,0.0257478792846974,-0.04624));
#8058=CARTESIAN_POINT('',(-0.0856788356338121,0.0262440453089051,-0.04624));
#8059=CARTESIAN_POINT('',(-0.0860261648460399,0.0264308164539755,-0.04624));
#8060=CARTESIAN_POINT('',(-0.0866869312066489,0.0266342521665272,-0.04624));
#8061=CARTESIAN_POINT('',(-0.0869860260945974,0.0266790232206862,-0.04624));
#8062=CARTESIAN_POINT('',(-0.0875874848552661,0.0266781219658054,-0.04624));
#8063=CARTESIAN_POINT('',(-0.0878864442261514,0.0266324547582357,-0.04624));
#8064=CARTESIAN_POINT('',(-0.0881735938539072,0.0265431045789349,-0.04624));
#8065=CARTESIAN_POINT('',(-0.09137714634723,0.025090258912817,-0.04624));
#8066=CARTESIAN_POINT('',(-0.09137714634723,0.025090258912817,-0.04624));
#8067=CARTESIAN_POINT('',(-0.0893313123723462,0.0263697011142405,-0.04624));
#8068=CARTESIAN_POINT('',(-0.0870444782226032,0.0269867722093293,-0.04624));
#8069=CARTESIAN_POINT('',(-0.0846394664751896,0.0272610451967455,-0.04624));
#8070=CARTESIAN_POINT('',(-0.1022466552594,0.00763514868725,-0.04624));
#8071=CARTESIAN_POINT('',(-0.09966501256466,0.013980296481416,-0.04624));
#8072=CARTESIAN_POINT('',(-0.0971887735735,0.021455730782228,-0.04624));
#8073=CARTESIAN_POINT('',(-0.09137714634723,0.025090258912817,-0.04624));
#8074=CARTESIAN_POINT('',(-0.0628553599277037,-0.00571458457132715,-0.04624));
#8075=VECTOR('',#9173,1.0);
#8076=AXIS2_PLACEMENT_3D('',#9174,#9175,#9176);
#8077=CARTESIAN_POINT('',(-0.105974559158,-0.009348206818288,-0.04624));
#8078=CARTESIAN_POINT('',(-0.105974559158,-0.009348206818288,-0.04624));
#8079=CARTESIAN_POINT('',(-0.10591757893942,-0.00780862955345094,-0.04624));
#8080=CARTESIAN_POINT('',(-0.105781978037265,-0.00626736719209274,-0.04624));
#8081=CARTESIAN_POINT('',(-0.105572555694269,-0.00473323705624618,-0.04624));
#8082=CARTESIAN_POINT('',(-0.1031401800678,-0.02914418605355,-0.04624));
#8083=CARTESIAN_POINT('',(-0.1031401800678,-0.02914418605355,-0.04624));
#8084=CARTESIAN_POINT('',(-0.1051773661806,-0.02279861118661,-0.04624));
#8085=CARTESIAN_POINT('',(-0.1062210154314,-0.01600733317293,-0.04624));
#8086=CARTESIAN_POINT('',(-0.105974559158,-0.009348206818288,-0.04624));
#8087=CARTESIAN_POINT('',(-0.09495452455444,-0.04490546999834,-0.04624));
#8088=CARTESIAN_POINT('',(-0.09495452455444,-0.04490546999834,-0.04624));
#8089=CARTESIAN_POINT('',(-0.09850022063596,-0.04016291234045,-0.04624));
#8090=CARTESIAN_POINT('',(-0.1013301965081,-0.034782053951,-0.04624));
#8091=CARTESIAN_POINT('',(-0.1031401800678,-0.02914418605355,-0.04624));
#8092=CARTESIAN_POINT('',(-0.08045581079086,-0.05884553079705,-0.04624));
#8093=CARTESIAN_POINT('',(-0.08045581079086,-0.05884553079705,-0.04624));
#8094=CARTESIAN_POINT('',(-0.08614185977568,-0.05526026563001,-0.04624));
#8095=CARTESIAN_POINT('',(-0.09094099765081,-0.05027377633772,-0.04624));
#8096=CARTESIAN_POINT('',(-0.09495452455444,-0.04490546999834,-0.04624));
#8097=CARTESIAN_POINT('',(-0.05558855918853,-0.06815739210161,-0.04624));
#8098=CARTESIAN_POINT('',(-0.06433462764126,-0.06697855083965,-0.04624));
#8099=CARTESIAN_POINT('',(-0.07298839475,-0.06355401408494,-0.04624));
#8100=CARTESIAN_POINT('',(-0.08045581079086,-0.05884553079705,-0.04624));
#8101=CARTESIAN_POINT('',(-0.0531096108639172,-0.030130612570136,-0.04624));
#8102=VECTOR('',#9177,1.0);
#8103=AXIS2_PLACEMENT_3D('',#9178,#9179,#9180);
#8104=CARTESIAN_POINT('',(-0.03576874587785,-0.06638863112945,-0.04624));
#8105=CARTESIAN_POINT('',(-0.03576874587785,-0.06638863112945,-0.04624));
#8106=CARTESIAN_POINT('',(-0.0376376765527,-0.0670059744559337,-0.04624));
#8107=CARTESIAN_POINT('',(-0.0395599721346207,-0.0674907503137127,-0.04624));
#8108=CARTESIAN_POINT('',(-0.0415113814257878,-0.0678442331591132,-0.04624));
#8109=CARTESIAN_POINT('',(-0.01411455283718,-0.0531151887622,-0.04624));
#8110=CARTESIAN_POINT('',(-0.01411455283718,-0.0531151887622,-0.04624));
#8111=CARTESIAN_POINT('',(-0.02000962970958,-0.05907576332115,-0.04624));
#8112=CARTESIAN_POINT('',(-0.02774415720505,-0.06373795695967,-0.04624));
#8113=CARTESIAN_POINT('',(-0.03576874587785,-0.06638863112945,-0.04624));
#8114=CARTESIAN_POINT('',(-0.005607269787152,-0.03903859542485,-0.04624));
#8115=CARTESIAN_POINT('',(-0.005607269787152,-0.03903859542485,-0.04624));
#8116=CARTESIAN_POINT('',(-0.00792056670716,-0.04403333971107,-0.04624));
#8117=CARTESIAN_POINT('',(-0.01022155613134,-0.04917893862922,-0.04624));
#8118=CARTESIAN_POINT('',(-0.01411455283718,-0.0531151887622,-0.04624));
#8119=CARTESIAN_POINT('',(0.001581568945158,-0.01755894006346,-0.04624));
#8120=CARTESIAN_POINT('',(-0.004676455154312,-0.02172039923403,-0.04624));
#8121=CARTESIAN_POINT('',(-0.002446874063986,-0.03221484169746,-0.04624));
#8122=CARTESIAN_POINT('',(-0.005607269787152,-0.03903859542485,-0.04624));
#8123=CARTESIAN_POINT('',(0.00650731693223489,-0.00377635067111207,-0.04624));
#8124=VECTOR('',#9181,1.0);
#8125=AXIS2_PLACEMENT_3D('',#9182,#9183,#9184);
#8126=CARTESIAN_POINT('',(0.017728217455617,-0.0186429136985,-0.04624));
#8127=CARTESIAN_POINT('',(0.017728217455617,-0.0186429136985,-0.04624));
#8128=CARTESIAN_POINT('',(0.0170210596803492,-0.0177477236783827,-0.04624));
#8129=CARTESIAN_POINT('',(0.0156114381291463,-0.0170120391235836,-0.04624));
#8130=CARTESIAN_POINT('',(0.0138704720319841,-0.0165167563807708,-0.04624));
#8131=CARTESIAN_POINT('',(0.018560474811354,-0.0215106225286,-0.04624));
#8132=CARTESIAN_POINT('',(0.018560474811354,-0.0215106225286,-0.04624));
#8133=CARTESIAN_POINT('',(0.017725091119497,-0.02038631482697,-0.04624));
#8134=CARTESIAN_POINT('',(0.018546533654696,-0.01967881900894,-0.04624));
#8135=CARTESIAN_POINT('',(0.017728217455617,-0.0186429136985,-0.04624));
#8136=CARTESIAN_POINT('',(0.038632444232961,-0.02060764477036,-0.04624));
#8137=CARTESIAN_POINT('',(0.038632444232961,-0.02060764477036,-0.04624));
#8138=CARTESIAN_POINT('',(0.03362172850369,-0.02459333490691,-0.04624));
#8139=CARTESIAN_POINT('',(0.020928191308079,-0.02469723236846,-0.04624));
#8140=CARTESIAN_POINT('',(0.018560474811354,-0.0215106225286,-0.04624));
#8141=CARTESIAN_POINT('',(0.041760555711906,-0.01152534754307,-0.04624));
#8142=CARTESIAN_POINT('',(0.039224230602801,-0.01361799778023,-0.04624));
#8143=CARTESIAN_POINT('',(0.041248649808272,-0.01852662774204,-0.04624));
#8144=CARTESIAN_POINT('',(0.038632444232961,-0.02060764477036,-0.04624));
#8145=CARTESIAN_POINT('',(0.0449873787653506,0.00360305903792475,-0.04624));
#8146=VECTOR('',#9185,1.0);
#8147=AXIS2_PLACEMENT_3D('',#9186,#9187,#9188);
#8148=CARTESIAN_POINT('',(0.060837620657978,0.010689293497451,-0.04624));
#8149=CARTESIAN_POINT('',(0.060837620657978,0.010689293497451,-0.04624));
#8150=CARTESIAN_POINT('',(0.0609715120863,0.005610373721722,-0.04624));
#8151=CARTESIAN_POINT('',(0.064191842420126,-0.004739822086004,-0.04624));
#8152=CARTESIAN_POINT('',(0.059488582532664,-0.009632947272723,-0.04624));
#8153=CARTESIAN_POINT('',(0.060461998439454,0.015276810773277,-0.04624));
#8154=CARTESIAN_POINT('',(0.060461998439454,0.015276810773277,-0.04624));
#8155=CARTESIAN_POINT('',(0.060544481520378,0.013387838684623,-0.04624));
#8156=CARTESIAN_POINT('',(0.060787013319649,0.012608987794954,-0.04624));
#8157=CARTESIAN_POINT('',(0.060837620657978,0.010689293497451,-0.04624));
#8158=CARTESIAN_POINT('',(0.060799289848182,0.034567508163982,-0.04624));
#8159=CARTESIAN_POINT('',(0.060799289848182,0.034567508163982,-0.04624));
#8160=CARTESIAN_POINT('',(0.060902854479705,0.029078577272541,-0.04624));
#8161=CARTESIAN_POINT('',(0.060246628207252,0.020209075097058,-0.04624));
#8162=CARTESIAN_POINT('',(0.060461998439454,0.015276810773277,-0.04624));
#8163=CARTESIAN_POINT('',(0.060524895829131,0.040537516665714,-0.04624));
#8164=CARTESIAN_POINT('',(0.060598977552834,0.03825192110685,-0.04624));
#8165=CARTESIAN_POINT('',(0.060756209280037,0.036850780530594,-0.04624));
#8166=CARTESIAN_POINT('',(0.060799289848182,0.034567508163982,-0.04624));
#8167=CARTESIAN_POINT('',(0.0195694746365867,0.0455545273841693,-0.04624));
#8168=VECTOR('',#9189,1.0);
#8169=AXIS2_PLACEMENT_3D('',#9190,#9191,#9192);
#8170=CARTESIAN_POINT('',(0.060250004843671,0.059929586859989,-0.04624));
#8171=CARTESIAN_POINT('',(0.060250004843671,0.059929586859989,-0.04624));
#8172=CARTESIAN_POINT('',(0.061706555845427,0.0584626358174695,-0.04624));
#8173=CARTESIAN_POINT('',(0.0622413572781394,0.0565137281499528,-0.04624));
#8174=CARTESIAN_POINT('',(0.0623008331625207,0.0543610867045163,-0.04624));
#8175=CARTESIAN_POINT('',(0.042471892897867,0.060310924112755,-0.04624));
#8176=CARTESIAN_POINT('',(0.042471892897867,0.060310924112755,-0.04624));
#8177=CARTESIAN_POINT('',(0.046936646904928,0.05643963230345,-0.04624));
#8178=CARTESIAN_POINT('',(0.056073295975242,0.064136118194256,-0.04624));
#8179=CARTESIAN_POINT('',(0.060250004843671,0.059929586859989,-0.04624));
#8180=CARTESIAN_POINT('',(0.040242845492112,0.073405565468659,-0.04624));
#8181=CARTESIAN_POINT('',(0.040242845492112,0.073405565468659,-0.04624));
#8182=CARTESIAN_POINT('',(0.043594990426843,0.07042248678773,-0.04624));
#8183=CARTESIAN_POINT('',(0.03911647073037,0.063220338233498,-0.04624));
#8184=CARTESIAN_POINT('',(0.042471892897867,0.060310924112755,-0.04624));
#8185=CARTESIAN_POINT('',(0.029271098625043,0.074416741417348,-0.04624));
#8186=CARTESIAN_POINT('',(0.029271098625043,0.074416741417348,-0.04624));
#8187=CARTESIAN_POINT('',(0.0334386953270924,0.075168524742801,-0.04624));
#8188=CARTESIAN_POINT('',(0.0377766369828088,0.0756002480286539,-0.04624));
#8189=CARTESIAN_POINT('',(0.040242845492112,0.073405565468659,-0.04624));
#8190=CARTESIAN_POINT('',(-0.00524630176020245,0.0643992110216301,-0.04624));
#8191=VECTOR('',#9193,1.0);
#8192=CARTESIAN_POINT('',(-0.073041489953372,0.0272555815801392,-0.03974));
#8193=CARTESIAN_POINT('',(-0.073041489953372,0.0272555815801392,-0.03974));
#8194=CARTESIAN_POINT('',(-0.0718194399942567,0.0272458128168968,-0.03974));
#8195=CARTESIAN_POINT('',(-0.0706150606190243,0.0272734187608321,-0.03974));
#8196=CARTESIAN_POINT('',(-0.06944312090018,0.027376827174136,-0.03974));
#8197=CARTESIAN_POINT('',(-0.0647797157652426,0.0277883119270144,-0.03974));
#8198=CARTESIAN_POINT('',(-0.0601163106303022,0.028199796679893,-0.03974));
#8199=CARTESIAN_POINT('',(-0.0554529054953678,0.0286112814327711,-0.03974));
#8200=CARTESIAN_POINT('',(-0.073041489953372,0.0272555815801392,-0.04624));
#8201=CARTESIAN_POINT('',(-0.073041489953372,0.0272555815801392,-0.0455776068376068));
#8202=CARTESIAN_POINT('',(-0.073041489953372,0.0272555815801392,-0.0449152136752137));
#8203=CARTESIAN_POINT('',(-0.073041489953372,0.0272555815801392,-0.0438318803418803));
#8204=CARTESIAN_POINT('',(-0.073041489953372,0.0272555815801392,-0.0434109401709402));
#8205=CARTESIAN_POINT('',(-0.073041489953372,0.0272555815801392,-0.0425690598290598));
#8206=CARTESIAN_POINT('',(-0.073041489953372,0.0272555815801392,-0.0421481196581197));
#8207=CARTESIAN_POINT('',(-0.073041489953372,0.0272555815801392,-0.0410647863247863));
#8208=CARTESIAN_POINT('',(-0.073041489953372,0.0272555815801392,-0.0404023931623932));
#8209=CARTESIAN_POINT('',(-0.073041489953372,0.0272555815801392,-0.03974));
#8210=CARTESIAN_POINT('',(-0.0760493007899178,0.0239446204429376,-0.03974));
#8211=CARTESIAN_POINT('',(-0.073041489953372,0.0272555815801392,-0.03974));
#8212=CARTESIAN_POINT('',(-0.073432121946255,0.0272587041950739,-0.03974));
#8213=CARTESIAN_POINT('',(-0.0738196292005085,0.027185497841534,-0.03974));
#8214=CARTESIAN_POINT('',(-0.0745447709890097,0.0268946683297574,-0.03974));
#8215=CARTESIAN_POINT('',(-0.0748754727725265,0.0266798256601675,-0.03974));
#8216=CARTESIAN_POINT('',(-0.0754359096945706,0.0261354701928847,-0.03974));
#8217=CARTESIAN_POINT('',(-0.0756602867506615,0.0258111617301555,-0.03974));
#8218=CARTESIAN_POINT('',(-0.0759189840725251,0.025216820420805,-0.03974));
#8219=CARTESIAN_POINT('',(-0.0759909366968919,0.0249684067487627,-0.03974));
#8220=CARTESIAN_POINT('',(-0.0760696108299509,0.0244593350447471,-0.03974));
#8221=CARTESIAN_POINT('',(-0.0760760058173655,0.0242007898132174,-0.03974));
#8222=CARTESIAN_POINT('',(-0.0760493007899178,0.0239446204429376,-0.03974));
#8223=CARTESIAN_POINT('',(-0.0760493007899178,0.0239446204429376,-0.03974));
#8224=CARTESIAN_POINT('',(-0.0760493007899178,0.0239446204429376,-0.0404023931623932));
#8225=CARTESIAN_POINT('',(-0.0760493007899178,0.0239446204429376,-0.0410647863247863));
#8226=CARTESIAN_POINT('',(-0.0760493007899178,0.0239446204429376,-0.0421481196581197));
#8227=CARTESIAN_POINT('',(-0.0760493007899178,0.0239446204429376,-0.0425690598290598));
#8228=CARTESIAN_POINT('',(-0.0760493007899178,0.0239446204429376,-0.0434109401709402));
#8229=CARTESIAN_POINT('',(-0.0760493007899178,0.0239446204429376,-0.0438318803418803));
#8230=CARTESIAN_POINT('',(-0.0760493007899178,0.0239446204429376,-0.0449152136752137));
#8231=CARTESIAN_POINT('',(-0.0760493007899178,0.0239446204429376,-0.0455776068376068));
#8232=CARTESIAN_POINT('',(-0.0760493007899178,0.0239446204429376,-0.04624));
#8233=CARTESIAN_POINT('',(-0.0842984297856429,0.0239896329439552,-0.03974));
#8234=CARTESIAN_POINT('',(-0.0842984297856429,0.0239896329439552,-0.04624));
#8235=CARTESIAN_POINT('',(-0.0842984297856429,0.0239896329439552,-0.0455776068376068));
#8236=CARTESIAN_POINT('',(-0.0842984297856429,0.0239896329439552,-0.0449152136752137));
#8237=CARTESIAN_POINT('',(-0.0842984297856429,0.0239896329439552,-0.0438318803418803));
#8238=CARTESIAN_POINT('',(-0.0842984297856429,0.0239896329439552,-0.0434109401709402));
#8239=CARTESIAN_POINT('',(-0.0842984297856429,0.0239896329439552,-0.0425690598290598));
#8240=CARTESIAN_POINT('',(-0.0842984297856429,0.0239896329439552,-0.0421481196581196));
#8241=CARTESIAN_POINT('',(-0.0842984297856429,0.0239896329439552,-0.0410647863247863));
#8242=CARTESIAN_POINT('',(-0.0842984297856429,0.0239896329439552,-0.0404023931623932));
#8243=CARTESIAN_POINT('',(-0.0842984297856429,0.0239896329439552,-0.03974));
#8244=CARTESIAN_POINT('',(-0.0881735938539072,0.0265431045789349,-0.03974));
#8245=CARTESIAN_POINT('',(-0.0842984297856429,0.0239896329439552,-0.03974));
#8246=CARTESIAN_POINT('',(-0.0843389340160422,0.0243781718891171,-0.03974));
#8247=CARTESIAN_POINT('',(-0.0844549412997338,0.024755084813316,-0.03974));
#8248=CARTESIAN_POINT('',(-0.0848249025694164,0.0254432280231828,-0.03974));
#8249=CARTESIAN_POINT('',(-0.0850753195240247,0.0257478792846974,-0.03974));
#8250=CARTESIAN_POINT('',(-0.0856788356338121,0.0262440453089051,-0.03974));
#8251=CARTESIAN_POINT('',(-0.0860261648460399,0.0264308164539755,-0.03974));
#8252=CARTESIAN_POINT('',(-0.0866869312066489,0.0266342521665272,-0.03974));
#8253=CARTESIAN_POINT('',(-0.0869860260945973,0.0266790232206862,-0.03974));
#8254=CARTESIAN_POINT('',(-0.087587484855266,0.0266781219658054,-0.03974));
#8255=CARTESIAN_POINT('',(-0.0878864442261514,0.0266324547582357,-0.03974));
#8256=CARTESIAN_POINT('',(-0.0881735938539072,0.0265431045789349,-0.03974));
#8257=CARTESIAN_POINT('',(-0.0881735938539072,0.0265431045789349,-0.03974));
#8258=CARTESIAN_POINT('',(-0.0881735938539072,0.0265431045789349,-0.0404023931623932));
#8259=CARTESIAN_POINT('',(-0.0881735938539073,0.0265431045789349,-0.0410647863247863));
#8260=CARTESIAN_POINT('',(-0.0881735938539073,0.0265431045789349,-0.0421481196581196));
#8261=CARTESIAN_POINT('',(-0.0881735938539072,0.0265431045789349,-0.0425690598290598));
#8262=CARTESIAN_POINT('',(-0.0881735938539072,0.0265431045789349,-0.0434109401709402));
#8263=CARTESIAN_POINT('',(-0.0881735938539073,0.0265431045789349,-0.0438318803418803));
#8264=CARTESIAN_POINT('',(-0.0881735938539073,0.0265431045789349,-0.0449152136752137));
#8265=CARTESIAN_POINT('',(-0.0881735938539072,0.0265431045789349,-0.0455776068376068));
#8266=CARTESIAN_POINT('',(-0.0881735938539072,0.0265431045789349,-0.04624));
#8267=CARTESIAN_POINT('',(-0.0840577396083825,0.0216807998505687,-0.03974));
#8268=CARTESIAN_POINT('',(-0.0840577396083825,0.0216807998505687,-0.04774));
#8269=VECTOR('',#9194,1.0);
#8270=CARTESIAN_POINT('',(-0.0832048968665306,0.0134998613150779,-0.03974));
#8271=VECTOR('',#9195,1.0);
#8272=AXIS2_PLACEMENT_3D('',#9196,#9197,#9198);
#8273=AXIS2_PLACEMENT_3D('',#9199,#9200,#9201);
#8274=CARTESIAN_POINT('',(-0.0402799988384085,0.0151351260368018,-0.03974));
#8275=VECTOR('',#9202,1.0);
#8276=CARTESIAN_POINT('',(-0.0536792732656306,0.0247295411693827,-0.03974));
#8277=AXIS2_PLACEMENT_3D('',#9203,#9204,#9205);
#8278=CARTESIAN_POINT('',(-0.0536792732656306,0.0247295411693827,-0.04624));
#8279=VECTOR('',#9206,1.0);
#8280=CARTESIAN_POINT('',(-0.0485885257388153,0.0135880207824247,-0.03974));
#8281=VECTOR('',#9207,1.0);
#8282=CARTESIAN_POINT('',(-0.04976712871197,0.053052371885042,-0.03974));
#8283=CARTESIAN_POINT('',(-0.04954658850316,0.04715082797881,-0.03974));
#8284=CARTESIAN_POINT('',(-0.04971071634046,0.049282028598175,-0.03974));
#8285=CARTESIAN_POINT('',(-0.04987477886201,0.050785316618804,-0.03974));
#8286=CARTESIAN_POINT('',(-0.04976712871197,0.053052371885042,-0.03974));
#8287=CARTESIAN_POINT('',(-0.04660573558235,0.072276592718562,-0.03974));
#8288=CARTESIAN_POINT('',(-0.04976712871197,0.053052371885042,-0.03974));
#8289=CARTESIAN_POINT('',(-0.04950621102167,0.058547160546679,-0.03974));
#8290=CARTESIAN_POINT('',(-0.05136955855357,0.067862992187303,-0.03974));
#8291=CARTESIAN_POINT('',(-0.04660573558235,0.072276592718562,-0.03974));
#8292=CARTESIAN_POINT('',(-0.02742737860125,0.073943619609002,-0.03974));
#8293=CARTESIAN_POINT('',(-0.04660573558235,0.072276592718562,-0.03974));
#8294=CARTESIAN_POINT('',(-0.0418985798886,0.076637691986145,-0.03974));
#8295=CARTESIAN_POINT('',(-0.0316597902475,0.073811527358346,-0.03974));
#8296=CARTESIAN_POINT('',(-0.02742737860125,0.073943619609002,-0.03974));
#8297=CARTESIAN_POINT('',(-0.02400388774835,0.073956897717204,-0.03974));
#8298=CARTESIAN_POINT('',(-0.02742737860125,0.073943619609002,-0.03974));
#8299=CARTESIAN_POINT('',(-0.02589883200958,0.073991325072554,-0.03974));
#8300=CARTESIAN_POINT('',(-0.02548126743267,0.073956365012137,-0.03974));
#8301=CARTESIAN_POINT('',(-0.02400388774835,0.073956897717204,-0.03974));
#8302=CARTESIAN_POINT('',(-0.006964134453477,0.073853021291695,-0.03974));
#8303=CARTESIAN_POINT('',(-0.02400388774835,0.073956897717204,-0.03974));
#8304=CARTESIAN_POINT('',(-0.01999729040225,0.073958342393024,-0.03974));
#8305=CARTESIAN_POINT('',(-0.01015863577514,0.071419118648794,-0.03974));
#8306=CARTESIAN_POINT('',(-0.006964134453477,0.073853021291695,-0.03974));
#8307=CARTESIAN_POINT('',(-0.005082052632985,0.076731257764723,-0.03974));
#8308=CARTESIAN_POINT('',(-0.006964134453477,0.073853021291695,-0.03974));
#8309=CARTESIAN_POINT('',(-0.005785195168031,0.074751259593618,-0.03974));
#8310=CARTESIAN_POINT('',(-0.006299262927905,0.075678631163156,-0.03974));
#8311=CARTESIAN_POINT('',(-0.005082052632985,0.076731257764723,-0.03974));
#8312=CARTESIAN_POINT('',(-0.005082052632985,0.076731257764723,-0.03974));
#8313=CARTESIAN_POINT('',(-0.00240466954582365,0.0790466215698876,-0.03974));
#8314=CARTESIAN_POINT('',(0.00853546756442188,0.0799554496782757,-0.03974));
#8315=CARTESIAN_POINT('',(0.0143830981431138,0.0786343386272642,-0.03974));
#8316=CARTESIAN_POINT('',(0.029271098625043,0.074416741417348,-0.03974));
#8317=CARTESIAN_POINT('',(-0.00524630176020245,0.0643992110216301,-0.03974));
#8318=VECTOR('',#9208,1.0);
#8319=CARTESIAN_POINT('',(0.040242845492112,0.073405565468659,-0.03974));
#8320=CARTESIAN_POINT('',(0.029271098625043,0.074416741417348,-0.03974));
#8321=CARTESIAN_POINT('',(0.0334386953270924,0.075168524742801,-0.03974));
#8322=CARTESIAN_POINT('',(0.0377766369828088,0.0756002480286539,-0.03974));
#8323=CARTESIAN_POINT('',(0.040242845492112,0.073405565468659,-0.03974));
#8324=CARTESIAN_POINT('',(0.042471892897867,0.060310924112755,-0.03974));
#8325=CARTESIAN_POINT('',(0.040242845492112,0.073405565468659,-0.03974));
#8326=CARTESIAN_POINT('',(0.043594990426843,0.07042248678773,-0.03974));
#8327=CARTESIAN_POINT('',(0.03911647073037,0.063220338233498,-0.03974));
#8328=CARTESIAN_POINT('',(0.042471892897867,0.060310924112755,-0.03974));
#8329=CARTESIAN_POINT('',(0.060250004843671,0.059929586859989,-0.03974));
#8330=CARTESIAN_POINT('',(0.042471892897867,0.060310924112755,-0.03974));
#8331=CARTESIAN_POINT('',(0.046936646904928,0.05643963230345,-0.03974));
#8332=CARTESIAN_POINT('',(0.056073295975242,0.064136118194256,-0.03974));
#8333=CARTESIAN_POINT('',(0.060250004843671,0.059929586859989,-0.03974));
#8334=CARTESIAN_POINT('',(0.060250004843671,0.059929586859989,-0.03974));
#8335=CARTESIAN_POINT('',(0.061706555845427,0.0584626358174695,-0.03974));
#8336=CARTESIAN_POINT('',(0.0622413572781394,0.0565137281499528,-0.03974));
#8337=CARTESIAN_POINT('',(0.0623008331625207,0.0543610867045163,-0.03974));
#8338=AXIS2_PLACEMENT_3D('',#9209,#9210,#9211);
#8339=CARTESIAN_POINT('',(0.0195694746365867,0.0455545273841693,-0.03974));
#8340=VECTOR('',#9212,1.0);
#8341=CARTESIAN_POINT('',(0.060799289848182,0.034567508163982,-0.03974));
#8342=CARTESIAN_POINT('',(0.060524895829131,0.040537516665714,-0.03974));
#8343=CARTESIAN_POINT('',(0.060598977552834,0.03825192110685,-0.03974));
#8344=CARTESIAN_POINT('',(0.060756209280037,0.036850780530594,-0.03974));
#8345=CARTESIAN_POINT('',(0.060799289848182,0.034567508163982,-0.03974));
#8346=CARTESIAN_POINT('',(0.060461998439454,0.015276810773277,-0.03974));
#8347=CARTESIAN_POINT('',(0.060799289848182,0.034567508163982,-0.03974));
#8348=CARTESIAN_POINT('',(0.060902854479705,0.029078577272541,-0.03974));
#8349=CARTESIAN_POINT('',(0.060246628207252,0.020209075097058,-0.03974));
#8350=CARTESIAN_POINT('',(0.060461998439454,0.015276810773277,-0.03974));
#8351=CARTESIAN_POINT('',(0.060837620657978,0.010689293497451,-0.03974));
#8352=CARTESIAN_POINT('',(0.060461998439454,0.015276810773277,-0.03974));
#8353=CARTESIAN_POINT('',(0.060544481520378,0.013387838684623,-0.03974));
#8354=CARTESIAN_POINT('',(0.060787013319649,0.012608987794954,-0.03974));
#8355=CARTESIAN_POINT('',(0.060837620657978,0.010689293497451,-0.03974));
#8356=CARTESIAN_POINT('',(0.060837620657978,0.010689293497451,-0.03974));
#8357=CARTESIAN_POINT('',(0.0609715120863,0.005610373721722,-0.03974));
#8358=CARTESIAN_POINT('',(0.064191842420126,-0.004739822086004,-0.03974));
#8359=CARTESIAN_POINT('',(0.059488582532664,-0.009632947272723,-0.03974));
#8360=AXIS2_PLACEMENT_3D('',#9213,#9214,#9215);
#8361=CARTESIAN_POINT('',(0.0449873787653506,0.00360305903792475,-0.03974));
#8362=VECTOR('',#9216,1.0);
#8363=CARTESIAN_POINT('',(0.038632444232961,-0.02060764477036,-0.03974));
#8364=CARTESIAN_POINT('',(0.041760555711906,-0.01152534754307,-0.03974));
#8365=CARTESIAN_POINT('',(0.039224230602801,-0.01361799778023,-0.03974));
#8366=CARTESIAN_POINT('',(0.041248649808272,-0.01852662774204,-0.03974));
#8367=CARTESIAN_POINT('',(0.038632444232961,-0.02060764477036,-0.03974));
#8368=CARTESIAN_POINT('',(0.018560474811354,-0.0215106225286,-0.03974));
#8369=CARTESIAN_POINT('',(0.038632444232961,-0.02060764477036,-0.03974));
#8370=CARTESIAN_POINT('',(0.03362172850369,-0.02459333490691,-0.03974));
#8371=CARTESIAN_POINT('',(0.020928191308079,-0.02469723236846,-0.03974));
#8372=CARTESIAN_POINT('',(0.018560474811354,-0.0215106225286,-0.03974));
#8373=CARTESIAN_POINT('',(0.017728217455617,-0.0186429136985,-0.03974));
#8374=CARTESIAN_POINT('',(0.018560474811354,-0.0215106225286,-0.03974));
#8375=CARTESIAN_POINT('',(0.017725091119497,-0.02038631482697,-0.03974));
#8376=CARTESIAN_POINT('',(0.018546533654696,-0.01967881900894,-0.03974));
#8377=CARTESIAN_POINT('',(0.017728217455617,-0.0186429136985,-0.03974));
#8378=CARTESIAN_POINT('',(0.017728217455617,-0.0186429136985,-0.03974));
#8379=CARTESIAN_POINT('',(0.0170210596803492,-0.0177477236783827,-0.03974));
#8380=CARTESIAN_POINT('',(0.0156114381291463,-0.0170120391235836,-0.03974));
#8381=CARTESIAN_POINT('',(0.0138704720319841,-0.0165167563807708,-0.03974));
#8382=AXIS2_PLACEMENT_3D('',#9217,#9218,#9219);
#8383=CARTESIAN_POINT('',(0.00650731693223489,-0.00377635067111207,-0.03974));
#8384=VECTOR('',#9220,1.0);
#8385=CARTESIAN_POINT('',(-0.005607269787152,-0.03903859542485,-0.03974));
#8386=CARTESIAN_POINT('',(0.001581568945158,-0.01755894006346,-0.03974));
#8387=CARTESIAN_POINT('',(-0.004676455154312,-0.02172039923403,-0.03974));
#8388=CARTESIAN_POINT('',(-0.002446874063986,-0.03221484169746,-0.03974));
#8389=CARTESIAN_POINT('',(-0.005607269787152,-0.03903859542485,-0.03974));
#8390=CARTESIAN_POINT('',(-0.01411455283718,-0.0531151887622,-0.03974));
#8391=CARTESIAN_POINT('',(-0.005607269787152,-0.03903859542485,-0.03974));
#8392=CARTESIAN_POINT('',(-0.00792056670716,-0.04403333971107,-0.03974));
#8393=CARTESIAN_POINT('',(-0.01022155613134,-0.04917893862922,-0.03974));
#8394=CARTESIAN_POINT('',(-0.01411455283718,-0.0531151887622,-0.03974));
#8395=CARTESIAN_POINT('',(-0.03576874587785,-0.06638863112945,-0.03974));
#8396=CARTESIAN_POINT('',(-0.01411455283718,-0.0531151887622,-0.03974));
#8397=CARTESIAN_POINT('',(-0.02000962970958,-0.05907576332115,-0.03974));
#8398=CARTESIAN_POINT('',(-0.02774415720505,-0.06373795695967,-0.03974));
#8399=CARTESIAN_POINT('',(-0.03576874587785,-0.06638863112945,-0.03974));
#8400=CARTESIAN_POINT('',(-0.03576874587785,-0.06638863112945,-0.03974));
#8401=CARTESIAN_POINT('',(-0.0376376765527,-0.0670059744559337,-0.03974));
#8402=CARTESIAN_POINT('',(-0.0395599721346207,-0.0674907503137127,-0.03974));
#8403=CARTESIAN_POINT('',(-0.0415113814257878,-0.0678442331591132,-0.03974));
#8404=AXIS2_PLACEMENT_3D('',#9221,#9222,#9223);
#8405=CARTESIAN_POINT('',(-0.0531096108639172,-0.030130612570136,-0.03974));
#8406=VECTOR('',#9224,1.0);
#8407=CARTESIAN_POINT('',(-0.08045581079086,-0.05884553079705,-0.03974));
#8408=CARTESIAN_POINT('',(-0.05558855918853,-0.06815739210161,-0.03974));
#8409=CARTESIAN_POINT('',(-0.06433462764126,-0.06697855083965,-0.03974));
#8410=CARTESIAN_POINT('',(-0.07298839475,-0.06355401408494,-0.03974));
#8411=CARTESIAN_POINT('',(-0.08045581079086,-0.05884553079705,-0.03974));
#8412=CARTESIAN_POINT('',(-0.09495452455444,-0.04490546999834,-0.03974));
#8413=CARTESIAN_POINT('',(-0.08045581079086,-0.05884553079705,-0.03974));
#8414=CARTESIAN_POINT('',(-0.08614185977568,-0.05526026563001,-0.03974));
#8415=CARTESIAN_POINT('',(-0.09094099765081,-0.05027377633772,-0.03974));
#8416=CARTESIAN_POINT('',(-0.09495452455444,-0.04490546999834,-0.03974));
#8417=CARTESIAN_POINT('',(-0.1031401800678,-0.02914418605355,-0.03974));
#8418=CARTESIAN_POINT('',(-0.09495452455444,-0.04490546999834,-0.03974));
#8419=CARTESIAN_POINT('',(-0.09850022063596,-0.04016291234045,-0.03974));
#8420=CARTESIAN_POINT('',(-0.1013301965081,-0.034782053951,-0.03974));
#8421=CARTESIAN_POINT('',(-0.1031401800678,-0.02914418605355,-0.03974));
#8422=CARTESIAN_POINT('',(-0.105974559158,-0.009348206818288,-0.03974));
#8423=CARTESIAN_POINT('',(-0.1031401800678,-0.02914418605355,-0.03974));
#8424=CARTESIAN_POINT('',(-0.1051773661806,-0.02279861118661,-0.03974));
#8425=CARTESIAN_POINT('',(-0.1062210154314,-0.01600733317293,-0.03974));
#8426=CARTESIAN_POINT('',(-0.105974559158,-0.009348206818288,-0.03974));
#8427=CARTESIAN_POINT('',(-0.105974559158,-0.009348206818288,-0.03974));
#8428=CARTESIAN_POINT('',(-0.10591757893942,-0.00780862955345094,-0.03974));
#8429=CARTESIAN_POINT('',(-0.105781978037265,-0.00626736719209274,-0.03974));
#8430=CARTESIAN_POINT('',(-0.105572555694269,-0.00473323705624618,-0.03974));
#8431=AXIS2_PLACEMENT_3D('',#9225,#9226,#9227);
#8432=CARTESIAN_POINT('',(-0.0628553599277037,-0.00571458457132715,-0.03974));
#8433=VECTOR('',#9228,1.0);
#8434=CARTESIAN_POINT('',(-0.09137714634723,0.025090258912817,-0.03974));
#8435=CARTESIAN_POINT('',(-0.1022466552594,0.00763514868725001,-0.03974));
#8436=CARTESIAN_POINT('',(-0.09966501256466,0.013980296481416,-0.03974));
#8437=CARTESIAN_POINT('',(-0.0971887735735,0.021455730782228,-0.03974));
#8438=CARTESIAN_POINT('',(-0.09137714634723,0.025090258912817,-0.03974));
#8439=CARTESIAN_POINT('',(-0.09137714634723,0.025090258912817,-0.03974));
#8440=CARTESIAN_POINT('',(-0.0893313123723462,0.0263697011142405,-0.03974));
#8441=CARTESIAN_POINT('',(-0.0870444782226032,0.0269867722093293,-0.03974));
#8442=CARTESIAN_POINT('',(-0.0846394664751896,0.0272610451967455,-0.03974));
#8443=AXIS2_PLACEMENT_3D('',#9229,#9230,#9231);
#8444=CARTESIAN_POINT('',(-0.0750291469548466,0.014158741509446,-0.03974));
#8445=VECTOR('',#9232,1.0);
#8446=AXIS2_PLACEMENT_3D('',#9233,#9234,#9235);
#8447=AXIS2_PLACEMENT_3D('',#9236,#9237,#9238);
#8448=AXIS2_PLACEMENT_3D('',#9239,#9240,#9241);
#8449=AXIS2_PLACEMENT_3D('',#9242,#9243,#9244);
#8450=AXIS2_PLACEMENT_3D('',#9245,#9246,#9247);
#8451=AXIS2_PLACEMENT_3D('',#9248,#9249,#9250);
#8452=AXIS2_PLACEMENT_3D('',#9251,#9252,#9253);
#8453=CARTESIAN_POINT('',(0.018853352040727,0.080847115438434,-0.03974));
#8454=CARTESIAN_POINT('',(0.019685609396464,0.077979406608337,-0.03974));
#8455=CARTESIAN_POINT('',(0.019685609396464,0.077979406608337,-0.03974));
#8456=CARTESIAN_POINT('',(0.0188838694206,0.079188033997413,-0.03974));
#8457=CARTESIAN_POINT('',(0.0196626357092,0.079616183238419,-0.03974));
#8458=CARTESIAN_POINT('',(0.018853352040727,0.080847115438434,-0.03974));
#8459=CARTESIAN_POINT('',(-0.005679745953345,0.080702020832893,-0.03974));
#8460=CARTESIAN_POINT('',(0.018853352040727,0.080847115438434,-0.03974));
#8461=CARTESIAN_POINT('',(0.016517329306926,0.084400239905196,-0.03974));
#8462=CARTESIAN_POINT('',(-0.002184344850603,0.0837999797132,-0.03974));
#8463=CARTESIAN_POINT('',(-0.005679745953345,0.080702020832893,-0.03974));
#8464=CARTESIAN_POINT('',(-0.007561827773837,0.077823784359865,-0.03974));
#8465=CARTESIAN_POINT('',(-0.005679745953345,0.080702020832893,-0.03974));
#8466=CARTESIAN_POINT('',(-0.006905531600312,0.079615612315313,-0.03974));
#8467=CARTESIAN_POINT('',(-0.006389314016625,0.07869838738226,-0.03974));
#8468=CARTESIAN_POINT('',(-0.007561827773837,0.077823784359865,-0.03974));
#8469=CARTESIAN_POINT('',(-0.02383707610069,0.077983376451993,-0.03974));
#8470=CARTESIAN_POINT('',(-0.007561827773837,0.077823784359865,-0.03974));
#8471=CARTESIAN_POINT('',(-0.01071006856581,0.075475444398007,-0.03974));
#8472=CARTESIAN_POINT('',(-0.01991842081374,0.077979209517418,-0.03974));
#8473=CARTESIAN_POINT('',(-0.02383707610069,0.077983376451993,-0.03974));
#8474=CARTESIAN_POINT('',(-0.02726056695359,0.077970098343792,-0.03974));
#8475=CARTESIAN_POINT('',(-0.02383707610069,0.077983376451993,-0.03974));
#8476=CARTESIAN_POINT('',(-0.02529516533704,0.077984926923266,-0.03974));
#8477=CARTESIAN_POINT('',(-0.02567003866735,0.078034909700166,-0.03974));
#8478=CARTESIAN_POINT('',(-0.02726056695359,0.077970098343792,-0.03974));
#8479=CARTESIAN_POINT('',(-0.04937049133303,0.075174902114306,-0.03974));
#8480=CARTESIAN_POINT('',(-0.02726056695359,0.077970098343792,-0.03974));
#8481=CARTESIAN_POINT('',(-0.03175173185425,0.077787090916994,-0.03974));
#8482=CARTESIAN_POINT('',(-0.04392981973503,0.080232941039496,-0.03974));
#8483=CARTESIAN_POINT('',(-0.04937049133303,0.075174902114306,-0.03974));
#8484=CARTESIAN_POINT('',(-0.05381003733617,0.053117021725651,-0.03974));
#8485=CARTESIAN_POINT('',(-0.04937049133303,0.075174902114306,-0.03974));
#8486=CARTESIAN_POINT('',(-0.05486347950559,0.070068225945388,-0.03974));
#8487=CARTESIAN_POINT('',(-0.05348121170925,0.05912780952968,-0.03974));
#8488=CARTESIAN_POINT('',(-0.05381003733617,0.053117021725651,-0.03974));
#8489=CARTESIAN_POINT('',(-0.05356257022223,0.047181245521668,-0.03974));
#8490=CARTESIAN_POINT('',(-0.05381003733617,0.053117021725651,-0.03974));
#8491=CARTESIAN_POINT('',(-0.05393956049879,0.050749395292263,-0.03974));
#8492=CARTESIAN_POINT('',(-0.05381115219544,0.049250206835222,-0.03974));
#8493=CARTESIAN_POINT('',(-0.05356257022223,0.047181245521668,-0.03974));
#8494=CARTESIAN_POINT('',(-0.05089458654165,0.034419917346164,-0.03974));
#8495=CARTESIAN_POINT('',(-0.05356257022223,0.047181245521668,-0.03974));
#8496=CARTESIAN_POINT('',(-0.05307126705683,0.04309210249436,-0.03974));
#8497=CARTESIAN_POINT('',(-0.04878659879817,0.037879986813525,-0.03974));
#8498=CARTESIAN_POINT('',(-0.05089458654165,0.034419917346164,-0.03974));
#8499=CARTESIAN_POINT('',(-0.05598385719501,0.032366703887432,-0.03974));
#8500=CARTESIAN_POINT('',(-0.05089458654165,0.034419917346164,-0.03974));
#8501=CARTESIAN_POINT('',(-0.0519107402371,0.032751993807869,-0.03974));
#8502=CARTESIAN_POINT('',(-0.0540376056252,0.032854745982197,-0.03974));
#8503=CARTESIAN_POINT('',(-0.05598385719501,0.032366703887432,-0.03974));
#8504=CARTESIAN_POINT('',(-0.07074946250771,0.031211091788491,-0.03974));
#8505=CARTESIAN_POINT('',(-0.05598385719501,0.032366703887432,-0.03974));
#8506=CARTESIAN_POINT('',(-0.0603085641768,0.031282240251084,-0.03974));
#8507=CARTESIAN_POINT('',(-0.06578273280516,0.031723881608465,-0.03974));
#8508=CARTESIAN_POINT('',(-0.07074946250771,0.031211091788491,-0.03974));
#8509=CARTESIAN_POINT('',(-0.09396633252935,0.02821763480732,-0.03974));
#8510=CARTESIAN_POINT('',(-0.07074946250771,0.031211091788491,-0.03974));
#8511=CARTESIAN_POINT('',(-0.07842284655088,0.030418853543664,-0.03974));
#8512=CARTESIAN_POINT('',(-0.0873886075242,0.032415231022272,-0.03974));
#8513=CARTESIAN_POINT('',(-0.09396633252935,0.02821763480732,-0.03974));
#8514=CARTESIAN_POINT('',(-0.1059990290597,0.009153606253743,-0.03974));
#8515=CARTESIAN_POINT('',(-0.09396633252935,0.02821763480732,-0.03974));
#8516=CARTESIAN_POINT('',(-0.1003010139929,0.024175137604438,-0.03974));
#8517=CARTESIAN_POINT('',(-0.1031522568746,0.016101821094505,-0.03974));
#8518=CARTESIAN_POINT('',(-0.1059990290597,0.009153606253743,-0.03974));
#8519=CARTESIAN_POINT('',(-0.1099987249028,-0.009166582396662,-0.03974));
#8520=CARTESIAN_POINT('',(-0.1059990290597,0.009153606253743,-0.03974));
#8521=CARTESIAN_POINT('',(-0.108370616682,0.003365190728442,-0.03974));
#8522=CARTESIAN_POINT('',(-0.1097760544999,-0.002918215660984,-0.03974));
#8523=CARTESIAN_POINT('',(-0.1099987249028,-0.009166582396662,-0.03974));
#8524=CARTESIAN_POINT('',(-0.1069343068145,-0.0303285562168,-0.03974));
#8525=CARTESIAN_POINT('',(-0.1099987249028,-0.009166582396662,-0.03974));
#8526=CARTESIAN_POINT('',(-0.1102524943206,-0.01628762034514,-0.03974));
#8527=CARTESIAN_POINT('',(-0.1091174339197,-0.02354494367355,-0.03974));
#8528=CARTESIAN_POINT('',(-0.1069343068145,-0.0303285562168,-0.03974));
#8529=CARTESIAN_POINT('',(-0.09814372239672,-0.04726153045381,-0.03974));
#8530=CARTESIAN_POINT('',(-0.1069343068145,-0.0303285562168,-0.03974));
#8531=CARTESIAN_POINT('',(-0.1049856850303,-0.03638349234303,-0.03974));
#8532=CARTESIAN_POINT('',(-0.101954703845,-0.04216840043677,-0.03974));
#8533=CARTESIAN_POINT('',(-0.09814372239672,-0.04726153045381,-0.03974));
#8534=CARTESIAN_POINT('',(-0.08256377500038,-0.06221215813943,-0.03974));
#8535=CARTESIAN_POINT('',(-0.09814372239672,-0.04726153045381,-0.03974));
#8536=CARTESIAN_POINT('',(-0.09383257170284,-0.05302310429101,-0.03974));
#8537=CARTESIAN_POINT('',(-0.08866669149385,-0.05836381081655,-0.03974));
#8538=CARTESIAN_POINT('',(-0.08256377500038,-0.06221215813943,-0.03974));
#8539=CARTESIAN_POINT('',(-0.05609968374596,-0.0721558361977,-0.03974));
#8540=CARTESIAN_POINT('',(-0.08256377500038,-0.06221215813943,-0.03974));
#8541=CARTESIAN_POINT('',(-0.07461182530704,-0.06722645980106,-0.03974));
#8542=CARTESIAN_POINT('',(-0.06541477313054,-0.07088783550432,-0.03974));
#8543=CARTESIAN_POINT('',(-0.05609968374596,-0.0721558361977,-0.03974));
#8544=CARTESIAN_POINT('',(-0.03458063782301,-0.0702626639914,-0.03974));
#8545=CARTESIAN_POINT('',(-0.05609968374596,-0.0721558361977,-0.03974));
#8546=CARTESIAN_POINT('',(-0.04894770731082,-0.07312938682126,-0.03974));
#8547=CARTESIAN_POINT('',(-0.0414324054981,-0.07251084739181,-0.03974));
#8548=CARTESIAN_POINT('',(-0.03458063782301,-0.0702626639914,-0.03974));
#8549=CARTESIAN_POINT('',(-0.01141895534881,-0.05615672924606,-0.03974));
#8550=CARTESIAN_POINT('',(-0.03458063782301,-0.0702626639914,-0.03974));
#8551=CARTESIAN_POINT('',(-0.02600397703881,-0.06744851334876,-0.03974));
#8552=CARTESIAN_POINT('',(-0.01774883150124,-0.06249040395051,-0.03974));
#8553=CARTESIAN_POINT('',(-0.01141895534881,-0.05615672924606,-0.03974));
#8554=CARTESIAN_POINT('',(-0.002173483116529,-0.04110962986954,-0.03974));
#8555=CARTESIAN_POINT('',(-0.01141895534881,-0.05615672924606,-0.03974));
#8556=CARTESIAN_POINT('',(-0.007218363652431,-0.05195361677901,-0.03974));
#8557=CARTESIAN_POINT('',(-0.004568363751858,-0.04649155842669,-0.03974));
#8558=CARTESIAN_POINT('',(-0.002173483116529,-0.04110962986954,-0.03974));
#8559=CARTESIAN_POINT('',(0.003763147165657,-0.02093692734461,-0.03974));
#8560=CARTESIAN_POINT('',(-0.002173483116529,-0.04110962986954,-0.03974));
#8561=CARTESIAN_POINT('',(0.000674306182484,-0.03470989606777,-0.03974));
#8562=CARTESIAN_POINT('',(-0.002032329674895,-0.02467087068434,-0.03974));
#8563=CARTESIAN_POINT('',(0.003763147165657,-0.02093692734461,-0.03974));
#8564=CARTESIAN_POINT('',(0.016187721307516,-0.02233808476564,-0.03974));
#8565=CARTESIAN_POINT('',(0.003763147165657,-0.02093692734461,-0.03974));
#8566=CARTESIAN_POINT('',(0.007324283801078,-0.01864253763561,-0.03974));
#8567=CARTESIAN_POINT('',(0.014084195009501,-0.01992534304018,-0.03974));
#8568=CARTESIAN_POINT('',(0.016187721307516,-0.02233808476564,-0.03974));
#8569=CARTESIAN_POINT('',(0.017019978663253,-0.02520579359573,-0.03974));
#8570=CARTESIAN_POINT('',(0.016187721307516,-0.02233808476564,-0.03974));
#8571=CARTESIAN_POINT('',(0.016993550471752,-0.02326236969137,-0.03974));
#8572=CARTESIAN_POINT('',(0.016199069043527,-0.02399433467767,-0.03974));
#8573=CARTESIAN_POINT('',(0.017019978663253,-0.02520579359573,-0.03974));
#8574=CARTESIAN_POINT('',(0.040860665121421,-0.02401524208919,-0.03974));
#8575=CARTESIAN_POINT('',(0.017019978663253,-0.02520579359573,-0.03974));
#8576=CARTESIAN_POINT('',(0.019384548099524,-0.0286953113966,-0.03974));
#8577=CARTESIAN_POINT('',(0.035275414184512,-0.02875687525277,-0.03974));
#8578=CARTESIAN_POINT('',(0.040860665121421,-0.02401524208919,-0.03974));
#8579=CARTESIAN_POINT('',(0.04386813696885,-0.0149751157826,-0.03974));
#8580=CARTESIAN_POINT('',(0.040860665121421,-0.02401524208919,-0.03974));
#8581=CARTESIAN_POINT('',(0.043473411621927,-0.0217971348645,-0.03974));
#8582=CARTESIAN_POINT('',(0.041385028250617,-0.01712350096858,-0.03974));
#8583=CARTESIAN_POINT('',(0.04386813696885,-0.0149751157826,-0.03974));
#8584=CARTESIAN_POINT('',(0.06234831405372,-0.0124731568514,-0.03974));
#8585=CARTESIAN_POINT('',(0.04386813696885,-0.0149751157826,-0.03974));
#8586=CARTESIAN_POINT('',(0.048409611040221,-0.01104583328853,-0.03974));
#8587=CARTESIAN_POINT('',(0.05800305053435,-0.01693037065642,-0.03974));
#8588=CARTESIAN_POINT('',(0.06234831405372,-0.0124731568514,-0.03974));
#8589=CARTESIAN_POINT('',(0.064837608453886,0.010706562340629,-0.03974));
#8590=CARTESIAN_POINT('',(0.06234831405372,-0.0124731568514,-0.03974));
#8591=CARTESIAN_POINT('',(0.067765467624092,-0.006916437087425,-0.03974));
#8592=CARTESIAN_POINT('',(0.064923305592086,0.005289243723131,-0.03974));
#8593=CARTESIAN_POINT('',(0.064837608453886,0.010706562340629,-0.03974));
#8594=CARTESIAN_POINT('',(0.064464996031668,0.015273025138406,-0.03974));
#8595=CARTESIAN_POINT('',(0.064837608453886,0.010706562340629,-0.03974));
#8596=CARTESIAN_POINT('',(0.064806138024467,0.012695955998052,-0.03974));
#8597=CARTESIAN_POINT('',(0.064546454512915,0.013390982263361,-0.03974));
#8598=CARTESIAN_POINT('',(0.064464996031668,0.015273025138406,-0.03974));
#8599=CARTESIAN_POINT('',(0.064815271567256,0.034537090621123,-0.03974));
#8600=CARTESIAN_POINT('',(0.064464996031668,0.015273025138406,-0.03974));
#8601=CARTESIAN_POINT('',(0.06425212541983,0.020191256023397,-0.03974));
#8602=CARTESIAN_POINT('',(0.06490374880637,0.029064253959191,-0.03974));
#8603=CARTESIAN_POINT('',(0.064815271567256,0.034537090621123,-0.03974));
#8604=CARTESIAN_POINT('',(0.064567804453323,0.040472866825106,-0.03974));
#8605=CARTESIAN_POINT('',(0.064815271567256,0.034537090621123,-0.03974));
#8606=CARTESIAN_POINT('',(0.064778531477784,0.036809680844746,-0.03974));
#8607=CARTESIAN_POINT('',(0.06468215147013,0.038110347258275,-0.03974));
#8608=CARTESIAN_POINT('',(0.064567804453323,0.040472866825106,-0.03974));
#8609=CARTESIAN_POINT('',(0.063268557033568,0.062736776327238,-0.03974));
#8610=CARTESIAN_POINT('',(0.064567804453323,0.040472866825106,-0.03974));
#8611=CARTESIAN_POINT('',(0.064278284380205,0.046454630554786,-0.03974));
#8612=CARTESIAN_POINT('',(0.068552162530186,0.057516741464405,-0.03974));
#8613=CARTESIAN_POINT('',(0.063268557033568,0.062736776327238,-0.03974));
#8614=CARTESIAN_POINT('',(0.044898366719904,0.063615214328963,-0.03974));
#8615=CARTESIAN_POINT('',(0.063268557033568,0.062736776327238,-0.03974));
#8616=CARTESIAN_POINT('',(0.058903687945775,0.067049128720801,-0.03974));
#8617=CARTESIAN_POINT('',(0.049454100420891,0.059551668390566,-0.03974));
#8618=CARTESIAN_POINT('',(0.044898366719904,0.063615214328963,-0.03974));
#8619=CARTESIAN_POINT('',(0.04266931931415,0.076709855684867,-0.03974));
#8620=CARTESIAN_POINT('',(0.044898366719904,0.063615214328963,-0.03974));
#8621=CARTESIAN_POINT('',(0.041580274587506,0.06657482977025,-0.03974));
#8622=CARTESIAN_POINT('',(0.045989656263942,0.073653186155393,-0.03974));
#8623=CARTESIAN_POINT('',(0.04266931931415,0.076709855684867,-0.03974));
#8624=CARTESIAN_POINT('',(0.04266931931415,0.076709855684867,-0.03974));
#8625=CARTESIAN_POINT('',(0.03713313460663,0.081806412859909,-0.03974));
#8626=CARTESIAN_POINT('',(0.021988084279246,0.074508413156887,-0.03974));
#8627=CARTESIAN_POINT('',(0.019685609396464,0.077979406608337,-0.03974));
#8628=AXIS2_PLACEMENT_3D('',#9254,#9255,#9256);
#8629=AXIS2_PLACEMENT_3D('',#9257,#9258,#9259);
#8630=AXIS2_PLACEMENT_3D('',#9260,#9261,#9262);
#8631=AXIS2_PLACEMENT_3D('',#9263,#9264,#9265);
#8632=AXIS2_PLACEMENT_3D('',#9266,#9267,#9268);
#8633=AXIS2_PLACEMENT_3D('',#9269,#9270,#9271);
#8634=AXIS2_PLACEMENT_3D('',#9272,#9273,#9274);
#8635=AXIS2_PLACEMENT_3D('',#9275,#9276,#9277);
#8636=AXIS2_PLACEMENT_3D('',#9278,#9279,#9280);
#8637=AXIS2_PLACEMENT_3D('',#9281,#9282,#9283);
#8638=AXIS2_PLACEMENT_3D('',#9284,#9285,#9286);
#8639=AXIS2_PLACEMENT_3D('',#9287,#9288,#9289);
#8640=AXIS2_PLACEMENT_3D('',#9290,#9291,#9292);
#8641=AXIS2_PLACEMENT_3D('',#9293,#9294,#9295);
#8642=AXIS2_PLACEMENT_3D('',#9296,#9297,#9298);
#8643=AXIS2_PLACEMENT_3D('',#9299,#9300,#9301);
#8644=AXIS2_PLACEMENT_3D('',#9302,#9303,#9304);
#8645=AXIS2_PLACEMENT_3D('',#9305,#9306,#9307);
#8646=AXIS2_PLACEMENT_3D('',#9308,#9309,#9310);
#8647=AXIS2_PLACEMENT_3D('',#9311,#9312,#9313);
#8648=AXIS2_PLACEMENT_3D('',#9314,#9315,#9316);
#8649=AXIS2_PLACEMENT_3D('',#9317,#9318,#9319);
#8650=AXIS2_PLACEMENT_3D('',#9320,#9321,#9322);
#8651=CARTESIAN_POINT('',(0.017728217455617,-0.0186429136985,-0.04774));
#8652=VECTOR('',#9323,1.0);
#8653=CARTESIAN_POINT('',(0.018560474811354,-0.0215106225286,-0.04774));
#8654=VECTOR('',#9324,1.0);
#8655=CARTESIAN_POINT('',(0.038632444232961,-0.02060764477036,-0.04774));
#8656=VECTOR('',#9325,1.0);
#8657=CARTESIAN_POINT('',(0.060837620657978,0.010689293497451,-0.04774));
#8658=VECTOR('',#9326,1.0);
#8659=CARTESIAN_POINT('',(0.060461998439454,0.015276810773277,-0.04774));
#8660=VECTOR('',#9327,1.0);
#8661=CARTESIAN_POINT('',(0.060799289848182,0.034567508163982,-0.04774));
#8662=VECTOR('',#9328,1.0);
#8663=CARTESIAN_POINT('',(0.060250004843671,0.059929586859989,-0.04774));
#8664=VECTOR('',#9329,1.0);
#8665=CARTESIAN_POINT('',(0.042471892897867,0.060310924112755,-0.04774));
#8666=VECTOR('',#9330,1.0);
#8667=CARTESIAN_POINT('',(0.040242845492112,0.073405565468659,-0.04774));
#8668=VECTOR('',#9331,1.0);
#8669=CARTESIAN_POINT('',(0.029271098625043,0.074416741417348,-0.04774));
#8670=VECTOR('',#9332,1.0);
#8671=CARTESIAN_POINT('',(-0.005082052632985,0.076731257764723,-0.04774));
#8672=VECTOR('',#9333,1.0);
#8673=CARTESIAN_POINT('',(-0.006964134453477,0.073853021291695,-0.04774));
#8674=VECTOR('',#9334,1.0);
#8675=CARTESIAN_POINT('',(-0.02400388774835,0.073956897717204,-0.04774));
#8676=VECTOR('',#9335,1.0);
#8677=CARTESIAN_POINT('',(-0.02742737860125,0.073943619609002,-0.04774));
#8678=VECTOR('',#9336,1.0);
#8679=CARTESIAN_POINT('',(-0.04660573558235,0.072276592718562,-0.04774));
#8680=VECTOR('',#9337,1.0);
#8681=CARTESIAN_POINT('',(-0.04976712871197,0.053052371885042,-0.04774));
#8682=VECTOR('',#9338,1.0);
#8683=CARTESIAN_POINT('',(-0.09137714634723,0.025090258912817,-0.04774));
#8684=VECTOR('',#9339,1.0);
#8685=CARTESIAN_POINT('',(-0.105974559158,-0.009348206818288,-0.04774));
#8686=VECTOR('',#9340,1.0);
#8687=CARTESIAN_POINT('',(-0.1031401800678,-0.02914418605355,-0.04774));
#8688=VECTOR('',#9341,1.0);
#8689=CARTESIAN_POINT('',(-0.09495452455444,-0.04490546999834,-0.04774));
#8690=VECTOR('',#9342,1.0);
#8691=CARTESIAN_POINT('',(-0.08045581079086,-0.05884553079705,-0.04774));
#8692=VECTOR('',#9343,1.0);
#8693=CARTESIAN_POINT('',(-0.03576874587785,-0.06638863112945,-0.04774));
#8694=VECTOR('',#9344,1.0);
#8695=CARTESIAN_POINT('',(-0.01411455283718,-0.0531151887622,-0.04774));
#8696=VECTOR('',#9345,1.0);
#8697=CARTESIAN_POINT('',(-0.005607269787152,-0.03903859542485,-0.04774));
#8698=VECTOR('',#9346,1.0);
#8699=CARTESIAN_POINT('',(0.019685609396464,0.077979406608337,-0.05074));
#8700=CARTESIAN_POINT('',(0.04266931931415,0.076709855684867,-0.05074));
#8701=CARTESIAN_POINT('',(0.019685609396464,0.077979406608337,-0.05074));
#8702=CARTESIAN_POINT('',(0.021988084279246,0.074508413156887,-0.05074));
#8703=CARTESIAN_POINT('',(0.03713313460663,0.081806412859909,-0.05074));
#8704=CARTESIAN_POINT('',(0.04266931931415,0.076709855684867,-0.05074));
#8705=CARTESIAN_POINT('',(0.044898366719904,0.063615214328963,-0.05074));
#8706=CARTESIAN_POINT('',(0.04266931931415,0.076709855684867,-0.05074));
#8707=CARTESIAN_POINT('',(0.045989656263942,0.073653186155393,-0.05074));
#8708=CARTESIAN_POINT('',(0.041580274587506,0.06657482977025,-0.05074));
#8709=CARTESIAN_POINT('',(0.044898366719904,0.063615214328963,-0.05074));
#8710=CARTESIAN_POINT('',(0.063268557033568,0.062736776327238,-0.05074));
#8711=CARTESIAN_POINT('',(0.044898366719904,0.063615214328963,-0.05074));
#8712=CARTESIAN_POINT('',(0.049454100420891,0.059551668390566,-0.05074));
#8713=CARTESIAN_POINT('',(0.058903687945775,0.067049128720801,-0.05074));
#8714=CARTESIAN_POINT('',(0.063268557033568,0.062736776327238,-0.05074));
#8715=CARTESIAN_POINT('',(0.064567804453323,0.040472866825106,-0.05074));
#8716=CARTESIAN_POINT('',(0.063268557033568,0.062736776327238,-0.05074));
#8717=CARTESIAN_POINT('',(0.068552162530186,0.057516741464405,-0.05074));
#8718=CARTESIAN_POINT('',(0.064278284380205,0.046454630554786,-0.05074));
#8719=CARTESIAN_POINT('',(0.064567804453323,0.040472866825106,-0.05074));
#8720=CARTESIAN_POINT('',(0.064815271567256,0.034537090621123,-0.05074));
#8721=CARTESIAN_POINT('',(0.064567804453323,0.040472866825106,-0.05074));
#8722=CARTESIAN_POINT('',(0.06468215147013,0.038110347258275,-0.05074));
#8723=CARTESIAN_POINT('',(0.064778531477784,0.036809680844746,-0.05074));
#8724=CARTESIAN_POINT('',(0.064815271567256,0.034537090621123,-0.05074));
#8725=CARTESIAN_POINT('',(0.064464996031668,0.015273025138406,-0.05074));
#8726=CARTESIAN_POINT('',(0.064815271567256,0.034537090621123,-0.05074));
#8727=CARTESIAN_POINT('',(0.06490374880637,0.029064253959191,-0.05074));
#8728=CARTESIAN_POINT('',(0.06425212541983,0.020191256023397,-0.05074));
#8729=CARTESIAN_POINT('',(0.064464996031668,0.015273025138406,-0.05074));
#8730=CARTESIAN_POINT('',(0.064837608453886,0.010706562340629,-0.05074));
#8731=CARTESIAN_POINT('',(0.064464996031668,0.015273025138406,-0.05074));
#8732=CARTESIAN_POINT('',(0.064546454512915,0.013390982263361,-0.05074));
#8733=CARTESIAN_POINT('',(0.064806138024467,0.012695955998052,-0.05074));
#8734=CARTESIAN_POINT('',(0.064837608453886,0.010706562340629,-0.05074));
#8735=CARTESIAN_POINT('',(0.06234831405372,-0.0124731568514,-0.05074));
#8736=CARTESIAN_POINT('',(0.064837608453886,0.010706562340629,-0.05074));
#8737=CARTESIAN_POINT('',(0.064923305592086,0.005289243723131,-0.05074));
#8738=CARTESIAN_POINT('',(0.067765467624092,-0.006916437087425,-0.05074));
#8739=CARTESIAN_POINT('',(0.06234831405372,-0.0124731568514,-0.05074));
#8740=CARTESIAN_POINT('',(0.04386813696885,-0.0149751157826,-0.05074));
#8741=CARTESIAN_POINT('',(0.06234831405372,-0.0124731568514,-0.05074));
#8742=CARTESIAN_POINT('',(0.05800305053435,-0.01693037065642,-0.05074));
#8743=CARTESIAN_POINT('',(0.048409611040221,-0.01104583328853,-0.05074));
#8744=CARTESIAN_POINT('',(0.04386813696885,-0.0149751157826,-0.05074));
#8745=CARTESIAN_POINT('',(0.040860665121421,-0.02401524208919,-0.05074));
#8746=CARTESIAN_POINT('',(0.04386813696885,-0.0149751157826,-0.05074));
#8747=CARTESIAN_POINT('',(0.041385028250617,-0.01712350096858,-0.05074));
#8748=CARTESIAN_POINT('',(0.043473411621927,-0.0217971348645,-0.05074));
#8749=CARTESIAN_POINT('',(0.040860665121421,-0.02401524208919,-0.05074));
#8750=CARTESIAN_POINT('',(0.017019978663253,-0.02520579359573,-0.05074));
#8751=CARTESIAN_POINT('',(0.040860665121421,-0.02401524208919,-0.05074));
#8752=CARTESIAN_POINT('',(0.035275414184512,-0.02875687525277,-0.05074));
#8753=CARTESIAN_POINT('',(0.019384548099524,-0.0286953113966,-0.05074));
#8754=CARTESIAN_POINT('',(0.017019978663253,-0.02520579359573,-0.05074));
#8755=CARTESIAN_POINT('',(0.016187721307516,-0.02233808476564,-0.05074));
#8756=CARTESIAN_POINT('',(0.017019978663253,-0.02520579359573,-0.05074));
#8757=CARTESIAN_POINT('',(0.016199069043527,-0.02399433467767,-0.05074));
#8758=CARTESIAN_POINT('',(0.016993550471752,-0.02326236969137,-0.05074));
#8759=CARTESIAN_POINT('',(0.016187721307516,-0.02233808476564,-0.05074));
#8760=CARTESIAN_POINT('',(0.003763147165657,-0.02093692734461,-0.05074));
#8761=CARTESIAN_POINT('',(0.016187721307516,-0.02233808476564,-0.05074));
#8762=CARTESIAN_POINT('',(0.014084195009501,-0.01992534304018,-0.05074));
#8763=CARTESIAN_POINT('',(0.007324283801078,-0.01864253763561,-0.05074));
#8764=CARTESIAN_POINT('',(0.003763147165657,-0.02093692734461,-0.05074));
#8765=CARTESIAN_POINT('',(-0.002173483116529,-0.04110962986954,-0.05074));
#8766=CARTESIAN_POINT('',(0.003763147165657,-0.02093692734461,-0.05074));
#8767=CARTESIAN_POINT('',(-0.002032329674895,-0.02467087068434,-0.05074));
#8768=CARTESIAN_POINT('',(0.000674306182483999,-0.03470989606777,-0.05074));
#8769=CARTESIAN_POINT('',(-0.002173483116529,-0.04110962986954,-0.05074));
#8770=CARTESIAN_POINT('',(-0.01141895534881,-0.05615672924606,-0.05074));
#8771=CARTESIAN_POINT('',(-0.002173483116529,-0.04110962986954,-0.05074));
#8772=CARTESIAN_POINT('',(-0.004568363751858,-0.04649155842669,-0.05074));
#8773=CARTESIAN_POINT('',(-0.007218363652431,-0.05195361677901,-0.05074));
#8774=CARTESIAN_POINT('',(-0.01141895534881,-0.05615672924606,-0.05074));
#8775=CARTESIAN_POINT('',(-0.03458063782301,-0.0702626639914,-0.05074));
#8776=CARTESIAN_POINT('',(-0.01141895534881,-0.05615672924606,-0.05074));
#8777=CARTESIAN_POINT('',(-0.01774883150124,-0.06249040395051,-0.05074));
#8778=CARTESIAN_POINT('',(-0.02600397703881,-0.06744851334876,-0.05074));
#8779=CARTESIAN_POINT('',(-0.03458063782301,-0.0702626639914,-0.05074));
#8780=CARTESIAN_POINT('',(-0.05609968374596,-0.0721558361977,-0.05074));
#8781=CARTESIAN_POINT('',(-0.03458063782301,-0.0702626639914,-0.05074));
#8782=CARTESIAN_POINT('',(-0.0414324054981,-0.07251084739181,-0.05074));
#8783=CARTESIAN_POINT('',(-0.04894770731082,-0.07312938682126,-0.05074));
#8784=CARTESIAN_POINT('',(-0.05609968374596,-0.0721558361977,-0.05074));
#8785=CARTESIAN_POINT('',(-0.08256377500038,-0.06221215813943,-0.05074));
#8786=CARTESIAN_POINT('',(-0.05609968374596,-0.0721558361977,-0.05074));
#8787=CARTESIAN_POINT('',(-0.06541477313054,-0.07088783550432,-0.05074));
#8788=CARTESIAN_POINT('',(-0.07461182530704,-0.06722645980106,-0.05074));
#8789=CARTESIAN_POINT('',(-0.08256377500038,-0.06221215813943,-0.05074));
#8790=CARTESIAN_POINT('',(-0.09814372239672,-0.04726153045381,-0.05074));
#8791=CARTESIAN_POINT('',(-0.08256377500038,-0.06221215813943,-0.05074));
#8792=CARTESIAN_POINT('',(-0.08866669149385,-0.05836381081655,-0.05074));
#8793=CARTESIAN_POINT('',(-0.09383257170284,-0.05302310429101,-0.05074));
#8794=CARTESIAN_POINT('',(-0.09814372239672,-0.04726153045381,-0.05074));
#8795=CARTESIAN_POINT('',(-0.1069343068145,-0.0303285562168,-0.05074));
#8796=CARTESIAN_POINT('',(-0.09814372239672,-0.04726153045381,-0.05074));
#8797=CARTESIAN_POINT('',(-0.101954703845,-0.04216840043677,-0.05074));
#8798=CARTESIAN_POINT('',(-0.1049856850303,-0.03638349234303,-0.05074));
#8799=CARTESIAN_POINT('',(-0.1069343068145,-0.0303285562168,-0.05074));
#8800=CARTESIAN_POINT('',(-0.1099987249028,-0.009166582396662,-0.05074));
#8801=CARTESIAN_POINT('',(-0.1069343068145,-0.0303285562168,-0.05074));
#8802=CARTESIAN_POINT('',(-0.1091174339197,-0.02354494367355,-0.05074));
#8803=CARTESIAN_POINT('',(-0.1102524943206,-0.01628762034514,-0.05074));
#8804=CARTESIAN_POINT('',(-0.1099987249028,-0.009166582396662,-0.05074));
#8805=CARTESIAN_POINT('',(-0.1059990290597,0.009153606253743,-0.05074));
#8806=CARTESIAN_POINT('',(-0.1099987249028,-0.009166582396662,-0.05074));
#8807=CARTESIAN_POINT('',(-0.1097760544999,-0.002918215660984,-0.05074));
#8808=CARTESIAN_POINT('',(-0.108370616682,0.003365190728442,-0.05074));
#8809=CARTESIAN_POINT('',(-0.1059990290597,0.009153606253743,-0.05074));
#8810=CARTESIAN_POINT('',(-0.09396633252935,0.02821763480732,-0.05074));
#8811=CARTESIAN_POINT('',(-0.1059990290597,0.009153606253743,-0.05074));
#8812=CARTESIAN_POINT('',(-0.1031522568746,0.016101821094505,-0.05074));
#8813=CARTESIAN_POINT('',(-0.1003010139929,0.024175137604438,-0.05074));
#8814=CARTESIAN_POINT('',(-0.09396633252935,0.02821763480732,-0.05074));
#8815=CARTESIAN_POINT('',(-0.07074946250771,0.031211091788491,-0.05074));
#8816=CARTESIAN_POINT('',(-0.09396633252935,0.02821763480732,-0.05074));
#8817=CARTESIAN_POINT('',(-0.0873886075242,0.032415231022272,-0.05074));
#8818=CARTESIAN_POINT('',(-0.07842284655088,0.030418853543664,-0.05074));
#8819=CARTESIAN_POINT('',(-0.07074946250771,0.031211091788491,-0.05074));
#8820=CARTESIAN_POINT('',(-0.05598385719501,0.032366703887432,-0.05074));
#8821=CARTESIAN_POINT('',(-0.07074946250771,0.031211091788491,-0.05074));
#8822=CARTESIAN_POINT('',(-0.06578273280516,0.031723881608465,-0.05074));
#8823=CARTESIAN_POINT('',(-0.0603085641768,0.031282240251084,-0.05074));
#8824=CARTESIAN_POINT('',(-0.05598385719501,0.032366703887432,-0.05074));
#8825=CARTESIAN_POINT('',(-0.05089458654165,0.034419917346164,-0.05074));
#8826=CARTESIAN_POINT('',(-0.05598385719501,0.032366703887432,-0.05074));
#8827=CARTESIAN_POINT('',(-0.0540376056252,0.032854745982197,-0.05074));
#8828=CARTESIAN_POINT('',(-0.0519107402371,0.032751993807869,-0.05074));
#8829=CARTESIAN_POINT('',(-0.05089458654165,0.034419917346164,-0.05074));
#8830=CARTESIAN_POINT('',(-0.05356257022223,0.047181245521668,-0.05074));
#8831=CARTESIAN_POINT('',(-0.05089458654165,0.034419917346164,-0.05074));
#8832=CARTESIAN_POINT('',(-0.04878659879817,0.037879986813525,-0.05074));
#8833=CARTESIAN_POINT('',(-0.05307126705683,0.04309210249436,-0.05074));
#8834=CARTESIAN_POINT('',(-0.05356257022223,0.047181245521668,-0.05074));
#8835=CARTESIAN_POINT('',(-0.05381003733617,0.053117021725651,-0.05074));
#8836=CARTESIAN_POINT('',(-0.05356257022223,0.047181245521668,-0.05074));
#8837=CARTESIAN_POINT('',(-0.05381115219544,0.049250206835222,-0.05074));
#8838=CARTESIAN_POINT('',(-0.05393956049879,0.050749395292263,-0.05074));
#8839=CARTESIAN_POINT('',(-0.05381003733617,0.053117021725651,-0.05074));
#8840=CARTESIAN_POINT('',(-0.04937049133303,0.075174902114306,-0.05074));
#8841=CARTESIAN_POINT('',(-0.05381003733617,0.053117021725651,-0.05074));
#8842=CARTESIAN_POINT('',(-0.05348121170925,0.05912780952968,-0.05074));
#8843=CARTESIAN_POINT('',(-0.05486347950559,0.070068225945388,-0.05074));
#8844=CARTESIAN_POINT('',(-0.04937049133303,0.075174902114306,-0.05074));
#8845=CARTESIAN_POINT('',(-0.02726056695359,0.077970098343792,-0.05074));
#8846=CARTESIAN_POINT('',(-0.04937049133303,0.075174902114306,-0.05074));
#8847=CARTESIAN_POINT('',(-0.04392981973503,0.080232941039496,-0.05074));
#8848=CARTESIAN_POINT('',(-0.03175173185425,0.077787090916994,-0.05074));
#8849=CARTESIAN_POINT('',(-0.02726056695359,0.077970098343792,-0.05074));
#8850=CARTESIAN_POINT('',(-0.02383707610069,0.077983376451993,-0.05074));
#8851=CARTESIAN_POINT('',(-0.02726056695359,0.077970098343792,-0.05074));
#8852=CARTESIAN_POINT('',(-0.02567003866735,0.078034909700166,-0.05074));
#8853=CARTESIAN_POINT('',(-0.02529516533704,0.077984926923266,-0.05074));
#8854=CARTESIAN_POINT('',(-0.02383707610069,0.077983376451993,-0.05074));
#8855=CARTESIAN_POINT('',(-0.007561827773837,0.077823784359865,-0.05074));
#8856=CARTESIAN_POINT('',(-0.02383707610069,0.077983376451993,-0.05074));
#8857=CARTESIAN_POINT('',(-0.01991842081374,0.077979209517418,-0.05074));
#8858=CARTESIAN_POINT('',(-0.01071006856581,0.075475444398007,-0.05074));
#8859=CARTESIAN_POINT('',(-0.007561827773837,0.077823784359865,-0.05074));
#8860=CARTESIAN_POINT('',(-0.005679745953345,0.080702020832893,-0.05074));
#8861=CARTESIAN_POINT('',(-0.007561827773837,0.077823784359865,-0.05074));
#8862=CARTESIAN_POINT('',(-0.006389314016625,0.07869838738226,-0.05074));
#8863=CARTESIAN_POINT('',(-0.006905531600312,0.079615612315313,-0.05074));
#8864=CARTESIAN_POINT('',(-0.005679745953345,0.080702020832893,-0.05074));
#8865=CARTESIAN_POINT('',(0.018853352040727,0.080847115438434,-0.05074));
#8866=CARTESIAN_POINT('',(-0.005679745953345,0.080702020832893,-0.05074));
#8867=CARTESIAN_POINT('',(-0.002184344850603,0.0837999797132,-0.05074));
#8868=CARTESIAN_POINT('',(0.016517329306926,0.084400239905196,-0.05074));
#8869=CARTESIAN_POINT('',(0.018853352040727,0.080847115438434,-0.05074));
#8870=CARTESIAN_POINT('',(0.018853352040727,0.080847115438434,-0.05074));
#8871=CARTESIAN_POINT('',(0.0196626357092,0.079616183238419,-0.05074));
#8872=CARTESIAN_POINT('',(0.0188838694206,0.079188033997413,-0.05074));
#8873=CARTESIAN_POINT('',(0.019685609396464,0.077979406608337,-0.05074));
#8874=CARTESIAN_POINT('',(0.019685609396464,0.077979406608337,-0.04774));
#8875=VECTOR('',#9347,0.001);
#8876=CARTESIAN_POINT('',(0.04266931931415,0.076709855684867,-0.04774));
#8877=VECTOR('',#9348,0.001);
#8878=CARTESIAN_POINT('',(0.018853352040727,0.080847115438434,-0.04774));
#8879=VECTOR('',#9349,0.001);
#8880=CARTESIAN_POINT('',(0.044898366719904,0.063615214328963,-0.04774));
#8881=VECTOR('',#9350,0.001);
#8882=CARTESIAN_POINT('',(-0.005679745953345,0.080702020832893,-0.04774));
#8883=VECTOR('',#9351,0.001);
#8884=CARTESIAN_POINT('',(0.063268557033568,0.062736776327238,-0.04774));
#8885=VECTOR('',#9352,0.001);
#8886=CARTESIAN_POINT('',(-0.007561827773837,0.077823784359865,-0.04774));
#8887=VECTOR('',#9353,0.001);
#8888=CARTESIAN_POINT('',(0.064567804453323,0.040472866825106,-0.04774));
#8889=VECTOR('',#9354,0.001);
#8890=CARTESIAN_POINT('',(-0.02383707610069,0.077983376451993,-0.04774));
#8891=VECTOR('',#9355,0.001);
#8892=CARTESIAN_POINT('',(0.064815271567256,0.034537090621123,-0.04774));
#8893=VECTOR('',#9356,0.001);
#8894=CARTESIAN_POINT('',(-0.02726056695359,0.077970098343792,-0.04774));
#8895=VECTOR('',#9357,0.001);
#8896=CARTESIAN_POINT('',(0.064464996031668,0.015273025138406,-0.04774));
#8897=VECTOR('',#9358,0.001);
#8898=CARTESIAN_POINT('',(-0.04937049133303,0.075174902114306,-0.04774));
#8899=VECTOR('',#9359,0.001);
#8900=CARTESIAN_POINT('',(0.064837608453886,0.010706562340629,-0.04774));
#8901=VECTOR('',#9360,0.001);
#8902=CARTESIAN_POINT('',(-0.05381003733617,0.053117021725651,-0.04774));
#8903=VECTOR('',#9361,0.001);
#8904=CARTESIAN_POINT('',(0.06234831405372,-0.0124731568514,-0.04774));
#8905=VECTOR('',#9362,0.001);
#8906=CARTESIAN_POINT('',(-0.05356257022223,0.047181245521668,-0.04774));
#8907=VECTOR('',#9363,0.001);
#8908=CARTESIAN_POINT('',(0.04386813696885,-0.0149751157826,-0.04774));
#8909=VECTOR('',#9364,0.001);
#8910=CARTESIAN_POINT('',(-0.05089458654165,0.034419917346164,-0.04774));
#8911=VECTOR('',#9365,0.001);
#8912=CARTESIAN_POINT('',(0.040860665121421,-0.02401524208919,-0.04774));
#8913=VECTOR('',#9366,0.001);
#8914=CARTESIAN_POINT('',(-0.05598385719501,0.032366703887432,-0.04774));
#8915=VECTOR('',#9367,0.001);
#8916=CARTESIAN_POINT('',(0.017019978663253,-0.02520579359573,-0.04774));
#8917=VECTOR('',#9368,0.001);
#8918=CARTESIAN_POINT('',(-0.07074946250771,0.031211091788491,-0.04774));
#8919=VECTOR('',#9369,0.001);
#8920=CARTESIAN_POINT('',(0.016187721307516,-0.02233808476564,-0.04774));
#8921=VECTOR('',#9370,0.001);
#8922=CARTESIAN_POINT('',(-0.09396633252935,0.02821763480732,-0.04774));
#8923=VECTOR('',#9371,0.001);
#8924=CARTESIAN_POINT('',(0.003763147165657,-0.02093692734461,-0.04774));
#8925=VECTOR('',#9372,0.001);
#8926=CARTESIAN_POINT('',(-0.1059990290597,0.009153606253743,-0.04774));
#8927=VECTOR('',#9373,0.001);
#8928=CARTESIAN_POINT('',(-0.002173483116529,-0.04110962986954,-0.04774));
#8929=VECTOR('',#9374,0.001);
#8930=CARTESIAN_POINT('',(-0.1099987249028,-0.009166582396662,-0.04774));
#8931=VECTOR('',#9375,0.001);
#8932=CARTESIAN_POINT('',(-0.01141895534881,-0.05615672924606,-0.04774));
#8933=VECTOR('',#9376,0.001);
#8934=CARTESIAN_POINT('',(-0.1069343068145,-0.0303285562168,-0.04774));
#8935=VECTOR('',#9377,0.001);
#8936=CARTESIAN_POINT('',(-0.03458063782301,-0.0702626639914,-0.04774));
#8937=VECTOR('',#9378,0.001);
#8938=CARTESIAN_POINT('',(-0.09814372239672,-0.04726153045381,-0.04774));
#8939=VECTOR('',#9379,0.001);
#8940=CARTESIAN_POINT('',(-0.05609968374596,-0.0721558361977,-0.04774));
#8941=VECTOR('',#9380,0.001);
#8942=CARTESIAN_POINT('',(-0.08256377500038,-0.06221215813943,-0.04774));
#8943=VECTOR('',#9381,0.001);
#8944=DIRECTION('',(0.0,0.0,1.0));
#8945=CARTESIAN_POINT('',(0.014275642276029,0.07433398039586,-0.04754));
#8946=DIRECTION('',(-0.0,0.0,-1.0));
#8947=DIRECTION('',(-0.960373416266418,-0.278716525037122,0.0));
#8948=DIRECTION('',(0.0,0.0,-1.0));
#8949=CARTESIAN_POINT('',(0.014275642276029,0.07433398039586,-0.03974));
#8950=DIRECTION('',(0.0,0.0,1.0));
#8951=DIRECTION('',(-0.960373416266418,-0.278716525037122,0.0));
#8952=DIRECTION('',(-0.0,0.0,1.0));
#8953=CARTESIAN_POINT('',(-0.07997983813098,0.022105911060252,-0.04754));
#8954=DIRECTION('',(0.0,-0.0,-1.0));
#8955=DIRECTION('',(0.103685660897967,-0.994610116439679,0.0));
#8956=DIRECTION('',(-0.0,0.0,-1.0));
#8957=CARTESIAN_POINT('',(-0.07997983813098,0.022105911060252,-0.03974));
#8958=DIRECTION('',(0.0,0.0,1.0));
#8959=DIRECTION('',(0.103685660897967,-0.994610116439679,0.0));
#8960=DIRECTION('',(-0.0,0.0,1.0));
#8961=CARTESIAN_POINT('',(-0.1000571106997,-0.001746285240856,-0.04754));
#8962=DIRECTION('',(0.0,-0.0,-1.0));
#8963=DIRECTION('',(0.976746146746315,-0.214399078394069,0.0));
#8964=DIRECTION('',(-0.0,0.0,-1.0));
#8965=CARTESIAN_POINT('',(-0.1000571106997,-0.001746285240856,-0.03974));
#8966=DIRECTION('',(0.0,0.0,1.0));
#8967=DIRECTION('',(0.976746146746315,-0.214399078394069,0.0));
#8968=DIRECTION('',(0.0,0.0,1.0));
#8969=CARTESIAN_POINT('',(0.056237867230073,0.0501747296269,-0.04754));
#8970=DIRECTION('',(-0.0,0.0,-1.0));
#8971=DIRECTION('',(-0.999899543693476,-0.0141740086629967,0.0));
#8972=DIRECTION('',(0.0,0.0,-1.0));
#8973=CARTESIAN_POINT('',(0.056237867230073,0.0501747296269,-0.03974));
#8974=DIRECTION('',(0.0,0.0,1.0));
#8975=DIRECTION('',(-0.999899543693476,-0.0141740086629967,0.0));
#8976=DIRECTION('',(0.0,-0.0,1.0));
#8977=CARTESIAN_POINT('',(0.050184074766201,-0.006452591371411,-0.04754));
#8978=DIRECTION('',(-0.0,0.0,-1.0));
#8979=DIRECTION('',(-0.106143218334023,0.994350852165218,0.0));
#8980=DIRECTION('',(0.0,-0.0,-1.0));
#8981=CARTESIAN_POINT('',(0.050184074766201,-0.006452591371411,-0.03974));
#8982=DIRECTION('',(0.0,0.0,1.0));
#8983=DIRECTION('',(-0.106143218334023,0.994350852165218,0.0));
#8984=DIRECTION('',(-0.0,-0.0,1.0));
#8985=CARTESIAN_POINT('',(0.009932869631103,-0.01396024709332,-0.04754));
#8986=DIRECTION('',(0.0,0.0,-1.0));
#8987=DIRECTION('',(0.0669822724616162,0.997754165702092,0.0));
#8988=DIRECTION('',(-0.0,-0.0,-1.0));
#8989=CARTESIAN_POINT('',(0.009932869631103,-0.01396024709332,-0.03974));
#8990=DIRECTION('',(0.0,-0.0,1.0));
#8991=DIRECTION('',(0.0669822724616162,0.997754165702092,0.0));
#8992=DIRECTION('',(0.0,-0.0,1.0));
#8993=CARTESIAN_POINT('',(-0.04604754105515,-0.0631394391584,-0.04754));
#8994=DIRECTION('',(-0.0,0.0,-1.0));
#8995=DIRECTION('',(-0.0888888004728294,0.996041555935545,0.0));
#8996=DIRECTION('',(0.0,-0.0,-1.0));
#8997=CARTESIAN_POINT('',(-0.04604754105515,-0.0631394391584,-0.03974));
#8998=DIRECTION('',(0.0,0.0,1.0));
#8999=DIRECTION('',(-0.0888888004728294,0.996041555935545,0.0));
#9000=DIRECTION('',(0.0,0.0,1.0));
#9001=CARTESIAN_POINT('',(0.009932869631103,-0.01396024709332,-0.04624));
#9002=DIRECTION('',(0.0,0.0,-1.0));
#9003=DIRECTION('',(0.0669822724616162,0.997754165702092,0.0));
#9004=DIRECTION('',(0.0,0.0,1.0));
#9005=CARTESIAN_POINT('',(0.009932869631103,-0.01396024709332,-0.03974));
#9006=DIRECTION('',(0.0,0.0,-1.0));
#9007=DIRECTION('',(0.0669822724616162,0.997754165702092,0.0));
#9008=DIRECTION('',(0.0,0.0,1.0));
#9009=CARTESIAN_POINT('',(-0.04604754105515,-0.0631394391584,-0.04624));
#9010=DIRECTION('',(-0.0,0.0,-1.0));
#9011=DIRECTION('',(-0.0888888004728294,0.996041555935545,0.0));
#9012=DIRECTION('',(0.0,0.0,1.0));
#9013=CARTESIAN_POINT('',(-0.04604754105515,-0.0631394391584,-0.03974));
#9014=DIRECTION('',(-0.0,0.0,-1.0));
#9015=DIRECTION('',(-0.0888888004728294,0.996041555935545,0.0));
#9016=DIRECTION('',(0.0,0.0,1.0));
#9017=CARTESIAN_POINT('',(-0.1000571106997,-0.001746285240856,-0.04624));
#9018=DIRECTION('',(0.0,-0.0,-1.0));
#9019=DIRECTION('',(0.976746146746315,-0.214399078394069,0.0));
#9020=DIRECTION('',(0.0,0.0,1.0));
#9021=CARTESIAN_POINT('',(-0.1000571106997,-0.001746285240856,-0.03974));
#9022=DIRECTION('',(0.0,-0.0,-1.0));
#9023=DIRECTION('',(0.976746146746315,-0.214399078394069,0.0));
#9024=DIRECTION('',(0.0,0.0,1.0));
#9025=CARTESIAN_POINT('',(-0.07997983813098,0.022105911060252,-0.04624));
#9026=DIRECTION('',(0.0,-0.0,-1.0));
#9027=DIRECTION('',(0.103685660897967,-0.994610116439679,0.0));
#9028=DIRECTION('',(0.0,0.0,1.0));
#9029=CARTESIAN_POINT('',(-0.07997983813098,0.022105911060252,-0.03974));
#9030=DIRECTION('',(0.0,-0.0,-1.0));
#9031=DIRECTION('',(0.103685660897967,-0.994610116439679,0.0));
#9032=DIRECTION('',(0.0,0.0,1.0));
#9033=CARTESIAN_POINT('',(0.056237867230073,0.0501747296269,-0.04624));
#9034=DIRECTION('',(-0.0,0.0,-1.0));
#9035=DIRECTION('',(-0.999899543693476,-0.0141740086629967,0.0));
#9036=DIRECTION('',(0.0,0.0,1.0));
#9037=CARTESIAN_POINT('',(0.056237867230073,0.0501747296269,-0.03974));
#9038=DIRECTION('',(-0.0,0.0,-1.0));
#9039=DIRECTION('',(-0.999899543693476,-0.0141740086629967,0.0));
#9040=DIRECTION('',(0.0,0.0,1.0));
#9041=CARTESIAN_POINT('',(0.050184074766201,-0.006452591371411,-0.04624));
#9042=DIRECTION('',(-0.0,0.0,-1.0));
#9043=DIRECTION('',(-0.106143218334023,0.994350852165218,0.0));
#9044=DIRECTION('',(0.0,0.0,1.0));
#9045=CARTESIAN_POINT('',(0.050184074766201,-0.006452591371411,-0.03974));
#9046=DIRECTION('',(-0.0,0.0,-1.0));
#9047=DIRECTION('',(-0.106143218334023,0.994350852165218,0.0));
#9048=DIRECTION('',(0.0,-0.0,-1.0));
#9049=CARTESIAN_POINT('',(-0.04995010918184,0.026433458783637,-0.04754));
#9050=DIRECTION('',(0.0,0.0,-1.0));
#9051=DIRECTION('',(-1.0,0.0,0.0));
#9052=DIRECTION('',(0.0,0.0,1.0));
#9053=CARTESIAN_POINT('',(-0.04995010918184,0.026433458783637,-0.05074));
#9054=DIRECTION('',(0.0,0.0,1.0));
#9055=DIRECTION('',(-1.0,0.0,0.0));
#9056=DIRECTION('',(0.0,-0.0,-1.0));
#9057=CARTESIAN_POINT('',(-0.07997983813098,0.022105911060252,-0.04754));
#9058=DIRECTION('',(0.0,0.0,-1.0));
#9059=DIRECTION('',(-1.0,0.0,0.0));
#9060=DIRECTION('',(0.0,0.0,1.0));
#9061=CARTESIAN_POINT('',(-0.07997983813098,0.022105911060252,-0.05074));
#9062=DIRECTION('',(0.0,0.0,1.0));
#9063=DIRECTION('',(-1.0,0.0,0.0));
#9064=DIRECTION('',(0.0,-0.0,-1.0));
#9065=CARTESIAN_POINT('',(-0.1000571106997,-0.001746285240856,-0.04754));
#9066=DIRECTION('',(0.0,0.0,-1.0));
#9067=DIRECTION('',(-1.0,0.0,0.0));
#9068=DIRECTION('',(0.0,-0.0,1.0));
#9069=CARTESIAN_POINT('',(-0.1000571106997,-0.001746285240856,-0.05074));
#9070=DIRECTION('',(0.0,0.0,1.0));
#9071=DIRECTION('',(-1.0,0.0,0.0));
#9072=DIRECTION('',(0.0,-0.0,-1.0));
#9073=CARTESIAN_POINT('',(-0.04604754105515,-0.0631394391584,-0.04754));
#9074=DIRECTION('',(0.0,0.0,-1.0));
#9075=DIRECTION('',(-1.0,0.0,0.0));
#9076=DIRECTION('',(0.0,0.0,1.0));
#9077=CARTESIAN_POINT('',(-0.04604754105515,-0.0631394391584,-0.05074));
#9078=DIRECTION('',(0.0,0.0,1.0));
#9079=DIRECTION('',(-1.0,0.0,0.0));
#9080=DIRECTION('',(0.0,-0.0,-1.0));
#9081=CARTESIAN_POINT('',(0.009932869631103,-0.01396024709332,-0.04754));
#9082=DIRECTION('',(0.0,0.0,-1.0));
#9083=DIRECTION('',(-1.0,0.0,0.0));
#9084=DIRECTION('',(0.0,0.0,1.0));
#9085=CARTESIAN_POINT('',(0.009932869631103,-0.01396024709332,-0.05074));
#9086=DIRECTION('',(0.0,0.0,1.0));
#9087=DIRECTION('',(-1.0,0.0,0.0));
#9088=DIRECTION('',(0.0,-0.0,-1.0));
#9089=CARTESIAN_POINT('',(0.050184074766201,-0.006452591371411,-0.04754));
#9090=DIRECTION('',(0.0,0.0,-1.0));
#9091=DIRECTION('',(-1.0,0.0,0.0));
#9092=DIRECTION('',(0.0,0.0,1.0));
#9093=CARTESIAN_POINT('',(0.050184074766201,-0.006452591371411,-0.05074));
#9094=DIRECTION('',(0.0,0.0,1.0));
#9095=DIRECTION('',(-1.0,0.0,0.0));
#9096=DIRECTION('',(0.0,-0.0,-1.0));
#9097=CARTESIAN_POINT('',(0.056237867230073,0.0501747296269,-0.04754));
#9098=DIRECTION('',(0.0,0.0,-1.0));
#9099=DIRECTION('',(-1.0,0.0,0.0));
#9100=DIRECTION('',(0.0,0.0,1.0));
#9101=CARTESIAN_POINT('',(0.056237867230073,0.0501747296269,-0.05074));
#9102=DIRECTION('',(0.0,0.0,1.0));
#9103=DIRECTION('',(-1.0,0.0,0.0));
#9104=DIRECTION('',(0.0,-0.0,-1.0));
#9105=CARTESIAN_POINT('',(0.014275642276029,0.07433398039586,-0.04754));
#9106=DIRECTION('',(0.0,0.0,-1.0));
#9107=DIRECTION('',(-1.0,0.0,0.0));
#9108=DIRECTION('',(0.0,0.0,1.0));
#9109=CARTESIAN_POINT('',(0.014275642276029,0.07433398039586,-0.05074));
#9110=DIRECTION('',(0.0,0.0,1.0));
#9111=DIRECTION('',(-1.0,0.0,0.0));
#9112=DIRECTION('',(0.0,0.0,1.0));
#9113=CARTESIAN_POINT('',(-0.04995010918184,0.026433458783637,-0.04624));
#9114=DIRECTION('',(0.0,0.0,1.0));
#9115=DIRECTION('',(0.415589662012924,-0.909552215558834,0.0));
#9116=DIRECTION('',(0.0,0.0,1.0));
#9117=CARTESIAN_POINT('',(-0.04995010918184,0.026433458783637,-0.03974));
#9118=DIRECTION('',(0.0,-0.0,-1.0));
#9119=DIRECTION('',(0.415589662012924,-0.909552215558834,0.0));
#9120=DIRECTION('',(0.0,-0.0,-1.0));
#9121=CARTESIAN_POINT('',(-0.04995010918184,0.026433458783637,-0.03974));
#9122=DIRECTION('',(-0.0,0.0,-1.0));
#9123=DIRECTION('',(-1.0,0.0,0.0));
#9124=DIRECTION('',(0.0,0.0,1.0));
#9125=CARTESIAN_POINT('',(-0.04995010918184,0.026433458783637,-0.04754));
#9126=DIRECTION('',(-0.0,0.0,-1.0));
#9127=DIRECTION('',(-1.0,0.0,0.0));
#9128=DIRECTION('',(0.0,0.0,1.0));
#9129=CARTESIAN_POINT('',(0.014275642276029,0.07433398039586,-0.04624));
#9130=DIRECTION('',(-0.0,0.0,-1.0));
#9131=DIRECTION('',(-0.960373416266418,-0.278716525037122,0.0));
#9132=DIRECTION('',(0.0,0.0,1.0));
#9133=CARTESIAN_POINT('',(0.014275642276029,0.07433398039586,-0.03974));
#9134=DIRECTION('',(-0.0,0.0,-1.0));
#9135=DIRECTION('',(-0.960373416266418,-0.278716525037122,0.0));
#9136=CARTESIAN_POINT('',(0.014275642276029,0.07433398039586,-0.03974));
#9137=DIRECTION('',(-0.0,0.0,-1.0));
#9138=DIRECTION('',(-0.960373416266418,-0.278716525037122,0.0));
#9139=CARTESIAN_POINT('',(0.014275642276029,0.07433398039586,-0.04624));
#9140=DIRECTION('',(-0.0,0.0,-1.0));
#9141=DIRECTION('',(-0.960373416266418,-0.278716525037122,0.0));
#9142=DIRECTION('',(0.0,0.0,1.0));
#9143=DIRECTION('',(0.999899543693476,0.0141740086629967,0.0));
#9144=DIRECTION('',(0.0,0.0,1.0));
#9145=DIRECTION('',(0.999899543693476,0.0141740086629967,0.0));
#9146=DIRECTION('',(0.106143218334023,-0.994350852165218,0.0));
#9147=DIRECTION('',(0.0,0.0,1.0));
#9148=DIRECTION('',(0.106143218334023,-0.994350852165218,0.0));
#9149=DIRECTION('',(0.0,0.0,1.0));
#9150=DIRECTION('',(-0.0669822724616162,-0.997754165702092,0.0));
#9151=DIRECTION('',(0.0,0.0,1.0));
#9152=DIRECTION('',(-0.0669822724616162,-0.997754165702092,0.0));
#9153=DIRECTION('',(0.0,0.0,1.0));
#9154=DIRECTION('',(0.0888888004728294,-0.996041555935545,0.0));
#9155=DIRECTION('',(0.0,0.0,1.0));
#9156=DIRECTION('',(0.0888888004728294,-0.996041555935545,0.0));
#9157=DIRECTION('',(0.0,0.0,1.0));
#9158=DIRECTION('',(-0.976746146746315,0.214399078394069,0.0));
#9159=DIRECTION('',(0.0,0.0,1.0));
#9160=DIRECTION('',(-0.976746146746315,0.214399078394069,0.0));
#9161=DIRECTION('',(0.0,0.0,1.0));
#9162=DIRECTION('',(0.0,0.0,1.0));
#9163=DIRECTION('',(-0.415589662012924,0.909552215558834,0.0));
#9164=CARTESIAN_POINT('',(-0.04995010918184,0.026433458783637,-0.04624));
#9165=DIRECTION('',(0.0,0.0,1.0));
#9166=DIRECTION('',(0.415589662012924,-0.909552215558834,0.0));
#9167=DIRECTION('',(0.415589662012924,-0.909552215558834,0.0));
#9168=DIRECTION('',(0.103685660897967,-0.994610116439679,0.0));
#9169=CARTESIAN_POINT('',(-0.07997983813098,0.022105911060252,-0.04624));
#9170=DIRECTION('',(0.0,-0.0,-1.0));
#9171=DIRECTION('',(0.103685660897967,-0.994610116439679,0.0));
#9172=DIRECTION('',(-0.103685660897967,0.994610116439679,0.0));
#9173=DIRECTION('',(0.976746146746315,-0.214399078394069,0.0));
#9174=CARTESIAN_POINT('',(-0.1000571106997,-0.001746285240856,-0.04624));
#9175=DIRECTION('',(0.0,-0.0,-1.0));
#9176=DIRECTION('',(0.976746146746315,-0.214399078394069,0.0));
#9177=DIRECTION('',(-0.0888888004728294,0.996041555935545,0.0));
#9178=CARTESIAN_POINT('',(-0.04604754105515,-0.0631394391584,-0.04624));
#9179=DIRECTION('',(-0.0,0.0,-1.0));
#9180=DIRECTION('',(-0.0888888004728294,0.996041555935545,0.0));
#9181=DIRECTION('',(0.0669822724616162,0.997754165702092,0.0));
#9182=CARTESIAN_POINT('',(0.009932869631103,-0.01396024709332,-0.04624));
#9183=DIRECTION('',(0.0,0.0,-1.0));
#9184=DIRECTION('',(0.0669822724616162,0.997754165702092,0.0));
#9185=DIRECTION('',(-0.106143218334023,0.994350852165218,0.0));
#9186=CARTESIAN_POINT('',(0.050184074766201,-0.006452591371411,-0.04624));
#9187=DIRECTION('',(-0.0,0.0,-1.0));
#9188=DIRECTION('',(-0.106143218334023,0.994350852165218,0.0));
#9189=DIRECTION('',(-0.999899543693476,-0.0141740086629967,0.0));
#9190=CARTESIAN_POINT('',(0.056237867230073,0.0501747296269,-0.04624));
#9191=DIRECTION('',(-0.0,0.0,-1.0));
#9192=DIRECTION('',(-0.999899543693476,-0.0141740086629967,0.0));
#9193=DIRECTION('',(-0.960373416266419,-0.278716525037122,0.0));
#9194=DIRECTION('',(0.0,0.0,1.0));
#9195=DIRECTION('',(-0.103685660897967,0.994610116439679,0.0));
#9196=CARTESIAN_POINT('',(-0.04995010918184,0.026433458783637,-0.04754));
#9197=DIRECTION('',(-0.0,0.0,-1.0));
#9198=DIRECTION('',(-1.0,0.0,0.0));
#9199=CARTESIAN_POINT('',(-0.04995010918184,0.026433458783637,-0.03974));
#9200=DIRECTION('',(-0.0,0.0,-1.0));
#9201=DIRECTION('',(-1.0,0.0,0.0));
#9202=DIRECTION('',(0.415589662012924,-0.909552215558834,0.0));
#9203=CARTESIAN_POINT('',(-0.04995010918184,0.026433458783637,-0.03974));
#9204=DIRECTION('',(0.0,-0.0,-1.0));
#9205=DIRECTION('',(0.415589662012924,-0.909552215558834,0.0));
#9206=DIRECTION('',(0.0,0.0,1.0));
#9207=DIRECTION('',(-0.415589662012924,0.909552215558834,0.0));
#9208=DIRECTION('',(-0.960373416266419,-0.278716525037122,0.0));
#9209=CARTESIAN_POINT('',(0.056237867230073,0.0501747296269,-0.03974));
#9210=DIRECTION('',(-0.0,0.0,-1.0));
#9211=DIRECTION('',(-0.999899543693476,-0.0141740086629967,0.0));
#9212=DIRECTION('',(-0.999899543693476,-0.0141740086629967,0.0));
#9213=CARTESIAN_POINT('',(0.050184074766201,-0.006452591371411,-0.03974));
#9214=DIRECTION('',(-0.0,0.0,-1.0));
#9215=DIRECTION('',(-0.106143218334023,0.994350852165218,0.0));
#9216=DIRECTION('',(-0.106143218334023,0.994350852165218,0.0));
#9217=CARTESIAN_POINT('',(0.009932869631103,-0.01396024709332,-0.03974));
#9218=DIRECTION('',(0.0,0.0,-1.0));
#9219=DIRECTION('',(0.0669822724616162,0.997754165702092,0.0));
#9220=DIRECTION('',(0.0669822724616162,0.997754165702092,0.0));
#9221=CARTESIAN_POINT('',(-0.04604754105515,-0.0631394391584,-0.03974));
#9222=DIRECTION('',(-0.0,0.0,-1.0));
#9223=DIRECTION('',(-0.0888888004728294,0.996041555935545,0.0));
#9224=DIRECTION('',(-0.0888888004728294,0.996041555935545,0.0));
#9225=CARTESIAN_POINT('',(-0.1000571106997,-0.001746285240856,-0.03974));
#9226=DIRECTION('',(0.0,-0.0,-1.0));
#9227=DIRECTION('',(0.976746146746315,-0.214399078394069,0.0));
#9228=DIRECTION('',(0.976746146746315,-0.214399078394069,0.0));
#9229=CARTESIAN_POINT('',(-0.07997983813098,0.022105911060252,-0.03974));
#9230=DIRECTION('',(0.0,-0.0,-1.0));
#9231=DIRECTION('',(0.103685660897967,-0.994610116439679,0.0));
#9232=DIRECTION('',(0.103685660897967,-0.994610116439679,0.0));
#9233=CARTESIAN_POINT('',(0.014275642276029,0.07433398039586,-0.03974));
#9234=DIRECTION('',(0.0,0.0,1.0));
#9235=DIRECTION('',(-0.960373416266418,-0.278716525037122,0.0));
#9236=CARTESIAN_POINT('',(-0.07997983813098,0.022105911060252,-0.03974));
#9237=DIRECTION('',(0.0,0.0,1.0));
#9238=DIRECTION('',(0.103685660897967,-0.994610116439679,0.0));
#9239=CARTESIAN_POINT('',(-0.1000571106997,-0.001746285240856,-0.03974));
#9240=DIRECTION('',(0.0,0.0,1.0));
#9241=DIRECTION('',(0.976746146746315,-0.214399078394069,0.0));
#9242=CARTESIAN_POINT('',(0.056237867230073,0.0501747296269,-0.03974));
#9243=DIRECTION('',(0.0,0.0,1.0));
#9244=DIRECTION('',(-0.999899543693476,-0.0141740086629967,0.0));
#9245=CARTESIAN_POINT('',(0.050184074766201,-0.006452591371411,-0.03974));
#9246=DIRECTION('',(0.0,0.0,1.0));
#9247=DIRECTION('',(-0.106143218334023,0.994350852165218,0.0));
#9248=CARTESIAN_POINT('',(0.009932869631103,-0.01396024709332,-0.03974));
#9249=DIRECTION('',(0.0,-0.0,1.0));
#9250=DIRECTION('',(0.0669822724616162,0.997754165702092,0.0));
#9251=CARTESIAN_POINT('',(-0.04604754105515,-0.0631394391584,-0.03974));
#9252=DIRECTION('',(0.0,0.0,1.0));
#9253=DIRECTION('',(-0.0888888004728294,0.996041555935545,0.0));
#9254=CARTESIAN_POINT('',(0.014275642276029,0.07433398039586,-0.05074));
#9255=DIRECTION('',(0.0,0.0,1.0));
#9256=DIRECTION('',(-1.0,0.0,0.0));
#9257=CARTESIAN_POINT('',(0.014275642276029,0.07433398039586,-0.04754));
#9258=DIRECTION('',(0.0,0.0,-1.0));
#9259=DIRECTION('',(-1.0,0.0,0.0));
#9260=CARTESIAN_POINT('',(0.014275642276029,0.07433398039586,-0.04754));
#9261=DIRECTION('',(-0.0,0.0,-1.0));
#9262=DIRECTION('',(-0.960373416266418,-0.278716525037122,0.0));
#9263=CARTESIAN_POINT('',(0.056237867230073,0.0501747296269,-0.05074));
#9264=DIRECTION('',(0.0,0.0,1.0));
#9265=DIRECTION('',(-1.0,0.0,0.0));
#9266=CARTESIAN_POINT('',(0.056237867230073,0.0501747296269,-0.04754));
#9267=DIRECTION('',(0.0,0.0,-1.0));
#9268=DIRECTION('',(-1.0,0.0,0.0));
#9269=CARTESIAN_POINT('',(0.056237867230073,0.0501747296269,-0.04754));
#9270=DIRECTION('',(-0.0,0.0,-1.0));
#9271=DIRECTION('',(-0.999899543693476,-0.0141740086629967,0.0));
#9272=CARTESIAN_POINT('',(0.050184074766201,-0.006452591371411,-0.05074));
#9273=DIRECTION('',(0.0,0.0,1.0));
#9274=DIRECTION('',(-1.0,0.0,0.0));
#9275=CARTESIAN_POINT('',(0.050184074766201,-0.006452591371411,-0.04754));
#9276=DIRECTION('',(0.0,0.0,-1.0));
#9277=DIRECTION('',(-1.0,0.0,0.0));
#9278=CARTESIAN_POINT('',(0.050184074766201,-0.006452591371411,-0.04754));
#9279=DIRECTION('',(-0.0,0.0,-1.0));
#9280=DIRECTION('',(-0.106143218334023,0.994350852165218,0.0));
#9281=CARTESIAN_POINT('',(0.009932869631103,-0.01396024709332,-0.05074));
#9282=DIRECTION('',(0.0,0.0,1.0));
#9283=DIRECTION('',(-1.0,0.0,0.0));
#9284=CARTESIAN_POINT('',(0.009932869631103,-0.01396024709332,-0.04754));
#9285=DIRECTION('',(0.0,0.0,-1.0));
#9286=DIRECTION('',(-1.0,0.0,0.0));
#9287=CARTESIAN_POINT('',(0.009932869631103,-0.01396024709332,-0.04754));
#9288=DIRECTION('',(0.0,0.0,-1.0));
#9289=DIRECTION('',(0.0669822724616162,0.997754165702092,0.0));
#9290=CARTESIAN_POINT('',(-0.04604754105515,-0.0631394391584,-0.05074));
#9291=DIRECTION('',(0.0,0.0,1.0));
#9292=DIRECTION('',(-1.0,0.0,0.0));
#9293=CARTESIAN_POINT('',(-0.04604754105515,-0.0631394391584,-0.04754));
#9294=DIRECTION('',(0.0,0.0,-1.0));
#9295=DIRECTION('',(-1.0,0.0,0.0));
#9296=CARTESIAN_POINT('',(-0.04604754105515,-0.0631394391584,-0.04754));
#9297=DIRECTION('',(-0.0,0.0,-1.0));
#9298=DIRECTION('',(-0.0888888004728294,0.996041555935545,0.0));
#9299=CARTESIAN_POINT('',(-0.1000571106997,-0.001746285240856,-0.05074));
#9300=DIRECTION('',(0.0,0.0,1.0));
#9301=DIRECTION('',(-1.0,0.0,0.0));
#9302=CARTESIAN_POINT('',(-0.1000571106997,-0.001746285240856,-0.04754));
#9303=DIRECTION('',(0.0,0.0,-1.0));
#9304=DIRECTION('',(-1.0,0.0,0.0));
#9305=CARTESIAN_POINT('',(-0.1000571106997,-0.001746285240856,-0.04754));
#9306=DIRECTION('',(0.0,-0.0,-1.0));
#9307=DIRECTION('',(0.976746146746315,-0.214399078394069,0.0));
#9308=CARTESIAN_POINT('',(-0.07997983813098,0.022105911060252,-0.05074));
#9309=DIRECTION('',(0.0,0.0,1.0));
#9310=DIRECTION('',(-1.0,0.0,0.0));
#9311=CARTESIAN_POINT('',(-0.07997983813098,0.022105911060252,-0.04754));
#9312=DIRECTION('',(0.0,0.0,-1.0));
#9313=DIRECTION('',(-1.0,0.0,0.0));
#9314=CARTESIAN_POINT('',(-0.07997983813098,0.022105911060252,-0.04754));
#9315=DIRECTION('',(0.0,-0.0,-1.0));
#9316=DIRECTION('',(0.103685660897967,-0.994610116439679,0.0));
#9317=CARTESIAN_POINT('',(-0.04995010918184,0.026433458783637,-0.05074));
#9318=DIRECTION('',(0.0,0.0,1.0));
#9319=DIRECTION('',(-1.0,0.0,0.0));
#9320=CARTESIAN_POINT('',(-0.04995010918184,0.026433458783637,-0.04754));
#9321=DIRECTION('',(0.0,0.0,-1.0));
#9322=DIRECTION('',(-1.0,0.0,0.0));
#9323=DIRECTION('',(0.0,0.0,1.0));
#9324=DIRECTION('',(0.0,0.0,1.0));
#9325=DIRECTION('',(0.0,0.0,1.0));
#9326=DIRECTION('',(0.0,0.0,1.0));
#9327=DIRECTION('',(0.0,0.0,1.0));
#9328=DIRECTION('',(0.0,0.0,1.0));
#9329=DIRECTION('',(0.0,0.0,1.0));
#9330=DIRECTION('',(0.0,0.0,1.0));
#9331=DIRECTION('',(0.0,0.0,1.0));
#9332=DIRECTION('',(0.0,0.0,1.0));
#9333=DIRECTION('',(0.0,0.0,1.0));
#9334=DIRECTION('',(0.0,0.0,1.0));
#9335=DIRECTION('',(0.0,0.0,1.0));
#9336=DIRECTION('',(0.0,0.0,1.0));
#9337=DIRECTION('',(0.0,0.0,1.0));
#9338=DIRECTION('',(0.0,0.0,1.0));
#9339=DIRECTION('',(0.0,0.0,1.0));
#9340=DIRECTION('',(0.0,0.0,1.0));
#9341=DIRECTION('',(0.0,0.0,1.0));
#9342=DIRECTION('',(0.0,0.0,1.0));
#9343=DIRECTION('',(0.0,0.0,1.0));
#9344=DIRECTION('',(0.0,0.0,1.0));
#9345=DIRECTION('',(0.0,0.0,1.0));
#9346=DIRECTION('',(0.0,0.0,1.0));
#9347=DIRECTION('',(-0.0,-0.0,-1.0));
#9348=DIRECTION('',(-0.0,-0.0,-1.0));
#9349=DIRECTION('',(-0.0,-0.0,-1.0));
#9350=DIRECTION('',(-0.0,-0.0,-1.0));
#9351=DIRECTION('',(-0.0,-0.0,-1.0));
#9352=DIRECTION('',(-0.0,-0.0,-1.0));
#9353=DIRECTION('',(-0.0,-0.0,-1.0));
#9354=DIRECTION('',(-0.0,-0.0,-1.0));
#9355=DIRECTION('',(-0.0,-0.0,-1.0));
#9356=DIRECTION('',(-0.0,-0.0,-1.0));
#9357=DIRECTION('',(-0.0,-0.0,-1.0));
#9358=DIRECTION('',(-0.0,-0.0,-1.0));
#9359=DIRECTION('',(-0.0,-0.0,-1.0));
#9360=DIRECTION('',(-0.0,-0.0,-1.0));
#9361=DIRECTION('',(-0.0,-0.0,-1.0));
#9362=DIRECTION('',(-0.0,-0.0,-1.0));
#9363=DIRECTION('',(-0.0,-0.0,-1.0));
#9364=DIRECTION('',(-0.0,-0.0,-1.0));
#9365=DIRECTION('',(-0.0,-0.0,-1.0));
#9366=DIRECTION('',(-0.0,-0.0,-1.0));
#9367=DIRECTION('',(-0.0,-0.0,-1.0));
#9368=DIRECTION('',(-0.0,-0.0,-1.0));
#9369=DIRECTION('',(-0.0,-0.0,-1.0));
#9370=DIRECTION('',(-0.0,-0.0,-1.0));
#9371=DIRECTION('',(-0.0,-0.0,-1.0));
#9372=DIRECTION('',(-0.0,-0.0,-1.0));
#9373=DIRECTION('',(-0.0,-0.0,-1.0));
#9374=DIRECTION('',(-0.0,-0.0,-1.0));
#9375=DIRECTION('',(-0.0,-0.0,-1.0));
#9376=DIRECTION('',(-0.0,-0.0,-1.0));
#9377=DIRECTION('',(-0.0,-0.0,-1.0));
#9378=DIRECTION('',(-0.0,-0.0,-1.0));
#9379=DIRECTION('',(-0.0,-0.0,-1.0));
#9380=DIRECTION('',(-0.0,-0.0,-1.0));
#9381=DIRECTION('',(-0.0,-0.0,-1.0));
#9382=PRESENTATION_LAYER_ASSIGNMENT('','',(#6869,#6870,#6872,#6874,#6876,#6878,#6880,#6882,#6884,#6886,#6888,#6890,#6892,#6894,#6896,#6898,#6900,#6902,#6904,#6906,#6908,#6910,#6912,#6914,#6916,#6918,#6920,#6922,#6924,#6926,#6928,#6930,#6932,#6934,#6936));
#9383=PRESENTATION_LAYER_ASSIGNMENT('9','Lag0',(#25));
ENDSEC;
END-ISO-10303-21;
